endpoint,route_group,source_type,method,scope,n_runs,mean_mae,std_mae,mean_rmse,std_rmse,mean_bias,mean_n,mean_groups
EC50,classic,ours_rerun_same_split,assay_mean,micro,5,0.5507459923908746,0.009741546203311002,0.7648125293739487,0.02281779549280717,-0.04219801051953964,6882.4,1.0
EC50,classic,ours_rerun_same_split,assay_mean,macro_target,5,0.6053133136226488,0.026178135872096282,0.7180709226892044,0.02477347443897404,-0.02371669249921976,6882.4,115.0
EC50,classic,ours_rerun_same_split,assay_mean,macro_assay_pair,5,0.7280981025000617,0.04498423599762464,0.7717774004347666,0.04883024438632869,-0.21108583592027164,6882.4,1518.4
EC50,classic,ours_rerun_same_split,identity,micro,5,0.318667810972096,0.041139665723032265,0.8157899858609758,0.05983587789483319,0.0,6882.4,1.0
EC50,classic,ours_rerun_same_split,identity,macro_target,5,0.5483649472221139,0.03970384574400293,0.6680672353032621,0.043121543817430504,0.0,6882.4,115.0
EC50,classic,ours_rerun_same_split,identity,macro_assay_pair,5,0.5660875529462608,0.03810471451803301,0.5920826840521348,0.043286590528544326,3.607405392954031e-18,6882.4,1518.4
EC50,classic,ours_rerun_same_split,identity_bias,micro,5,0.18547694801686007,0.030331024065255115,0.4474046495103252,0.05538750754384435,-2.342591447939066e-19,6882.4,1.0
EC50,classic,ours_rerun_same_split,identity_bias,macro_target,5,0.3068240888163164,0.03266340676532948,0.4015948941795995,0.039482396563278566,-1.157051905928349e-18,6882.4,115.0
EC50,classic,ours_rerun_same_split,identity_bias,macro_assay_pair,5,0.4584152358191087,0.0655085689971179,0.48285709035188595,0.06660955006311413,-4.94609272803029e-18,6882.4,1518.4
EC50,classic,ours_rerun_same_split,pair_affine,micro,5,0.169997367696742,0.02715567319282849,0.42476824217205555,0.07484823267805857,-0.00692675259818602,6882.4,1.0
EC50,classic,ours_rerun_same_split,pair_affine,macro_target,5,0.3075784759406546,0.015882092477617252,0.4050010428982468,0.018806832284592085,-0.0004122736659711001,6882.4,115.0
EC50,classic,ours_rerun_same_split,pair_affine,macro_assay_pair,5,0.4285667280024465,0.043034979287748035,0.4513640375122785,0.04511592468726053,-0.03196767789549116,6882.4,1518.4
EC50,classic,ours_rerun_same_split,pair_affine_bias_fallback,micro,5,0.17312898809019658,0.03156682895766675,0.44463422123572566,0.08658459584296302,-0.0008314367194314198,6882.4,1.0
EC50,classic,ours_rerun_same_split,pair_affine_bias_fallback,macro_target,5,0.27527970008844654,0.027729515009528912,0.3762816508099015,0.042734331321995694,0.0008198209244361405,6882.4,115.0
EC50,classic,ours_rerun_same_split,pair_affine_bias_fallback,macro_assay_pair,5,0.4446363846948797,0.06750836954306257,0.4677205334172309,0.06973149352126494,-0.0019119600842918802,6882.4,1518.4
EC50,classic,ours_rerun_same_split,pair_affine_shrink_k10,micro,5,0.17265744983168269,0.031565668527876865,0.4272546255542693,0.0674081043684741,-0.00038331232680009997,6882.4,1.0
EC50,classic,ours_rerun_same_split,pair_affine_shrink_k10,macro_target,5,0.2774132469503549,0.02885190576955189,0.3699564285234701,0.039720556286468284,0.0011330823805313997,6882.4,115.0
EC50,classic,ours_rerun_same_split,pair_affine_shrink_k10,macro_assay_pair,5,0.44391458964724206,0.06732864842401247,0.46638893012691324,0.06915947784381944,-0.0008901012998747401,6882.4,1518.4
EC50,classic,ours_rerun_same_split,pair_isotonic,micro,5,0.17365443044329096,0.027085949150495135,0.4271626095299205,0.0753225122946891,-0.00610651490192458,6882.4,1.0
EC50,classic,ours_rerun_same_split,pair_isotonic,macro_target,5,0.3188402678396344,0.015552886665122227,0.42068544997527957,0.02226200738909936,-6.077482907644004e-05,6882.4,115.0
EC50,classic,ours_rerun_same_split,pair_isotonic,macro_assay_pair,5,0.43210848659517576,0.04266166687854904,0.4578486580945656,0.04431888597092174,-0.030927871281007942,6882.4,1518.4
EC50,classic,ours_rerun_same_split,target_pair_affine,micro,5,0.169997367696742,0.02715567319282849,0.42476824217205555,0.07484823267805857,-0.00692675259818602,6882.4,1.0
EC50,classic,ours_rerun_same_split,target_pair_affine,macro_target,5,0.3075784759406546,0.015882092477617252,0.4050010428982468,0.018806832284592085,-0.0004122736659711001,6882.4,115.0
EC50,classic,ours_rerun_same_split,target_pair_affine,macro_assay_pair,5,0.4285667280024465,0.043034979287748035,0.4513640375122785,0.04511592468726053,-0.03196767789549116,6882.4,1518.4
EC50,direct_competitor,ours_rerun_same_split,calibration_grid_global,micro,5,0.16987747797982797,0.029355855690105927,0.4310555220887616,0.08682463455549115,-0.0046930766699593,6882.4,1.0
EC50,direct_competitor,ours_rerun_same_split,calibration_grid_global,macro_target,5,0.2792610068789468,0.030751530798253816,0.3776524653530662,0.04076412176116657,-0.0027994373787774605,6882.4,115.0
EC50,direct_competitor,ours_rerun_same_split,calibration_grid_global,macro_assay_pair,5,0.4312132875214614,0.06219615418866757,0.45405372275374684,0.06547630254140505,-0.02279524003753628,6882.4,1518.4
EC50,direct_competitor,ours_rerun_same_split,calibration_grid_selector,micro,5,0.16891235585494446,0.028596356019631362,0.43061527547230954,0.08331827284134599,-0.00420299077441552,6882.4,1.0
EC50,direct_competitor,ours_rerun_same_split,calibration_grid_selector,macro_target,5,0.2917751952417117,0.020544962869323148,0.38953135528959215,0.027395079726109082,-0.0029005090102177597,6882.4,115.0
EC50,direct_competitor,ours_rerun_same_split,calibration_grid_selector,macro_assay_pair,5,0.43065161191466644,0.05967673873864204,0.45341387629742635,0.06311065236136153,-0.0213740265134252,6882.4,1518.4
EC50,direct_competitor,ours_rerun_same_split,calibration_grid_selector_macro_assay_pair,micro,5,0.16867420216548928,0.028363800233727712,0.42743757446946534,0.07931251835226591,-0.0043722218848346,6882.4,1.0
EC50,direct_competitor,ours_rerun_same_split,calibration_grid_selector_macro_assay_pair,macro_target,5,0.2929665143383046,0.019474936272111273,0.388323681828287,0.027824839006285292,-0.0029201850594903003,6882.4,115.0
EC50,direct_competitor,ours_rerun_same_split,calibration_grid_selector_macro_assay_pair,macro_assay_pair,5,0.4301545575737956,0.059013310259044126,0.45284594511518855,0.062439245248446594,-0.021563211441655062,6882.4,1518.4
EC50,direct_competitor,ours_rerun_same_split,calibration_grid_selector_macro_target,micro,5,0.17033303524739166,0.02905823886635552,0.43612741112492764,0.0895596528714086,-0.00226103970630756,6882.4,1.0
EC50,direct_competitor,ours_rerun_same_split,calibration_grid_selector_macro_target,macro_target,5,0.2810208710757362,0.029966513965213836,0.37863020274729425,0.0438981654759837,-0.0010107004547612803,6882.4,115.0
EC50,direct_competitor,ours_rerun_same_split,calibration_grid_selector_macro_target,macro_assay_pair,5,0.4372902219175153,0.0658766688306679,0.46000810073876774,0.06938488787963473,-0.01062993844856798,6882.4,1518.4
EC50,direct_competitor,ours_rerun_same_split,calibration_grid_selector_micro,micro,5,0.16891235585494446,0.028596356019631362,0.43061527547230954,0.08331827284134599,-0.00420299077441552,6882.4,1.0
EC50,direct_competitor,ours_rerun_same_split,calibration_grid_selector_micro,macro_target,5,0.2917751952417117,0.020544962869323148,0.38953135528959215,0.027395079726109082,-0.0029005090102177597,6882.4,115.0
EC50,direct_competitor,ours_rerun_same_split,calibration_grid_selector_micro,macro_assay_pair,5,0.43065161191466644,0.05967673873864204,0.45341387629742635,0.06311065236136153,-0.0213740265134252,6882.4,1518.4
EC50,method_comparison,ours_rerun_same_split,deming_bias_fallback,micro,5,0.24688674993907714,0.05343030989133247,2.179823212146546,1.3346652580085503,-0.00516094988665256,6882.4,1.0
EC50,method_comparison,ours_rerun_same_split,deming_bias_fallback,macro_assay_pair,5,0.5283247783079147,0.07790585872567574,0.5833448925018813,0.10005654477845621,-0.01371735190465422,6882.4,1518.4
EC50,method_comparison,ours_rerun_same_split,deming_bias_fallback,macro_target,5,0.5325240851248607,0.21624283536317107,0.9804677054037942,0.4307317200002138,-0.06203443477640462,6882.4,115.0
EC50,method_comparison,ours_rerun_same_split,odr_tls_bias_fallback,micro,5,0.24653754088220364,0.053436312759014996,2.179700843089726,1.3347368293395445,-0.005460162017764861,6882.4,1.0
EC50,method_comparison,ours_rerun_same_split,odr_tls_bias_fallback,macro_assay_pair,5,0.5277722432113551,0.07802935433342977,0.5828224062752563,0.10013934794868637,-0.014222793787493759,6882.4,1518.4
EC50,method_comparison,ours_rerun_same_split,odr_tls_bias_fallback,macro_target,5,0.5320118736625725,0.2164889845896385,0.9802461286458296,0.4308291395534601,-0.062285881069745065,6882.4,115.0
EC50,method_comparison,ours_rerun_same_split,robust_trimmed_bias_fallback,micro,5,0.1673748277473322,0.03184193949098049,0.44306664385442235,0.0867607349125972,0.00329557529369364,6882.4,1.0
EC50,method_comparison,ours_rerun_same_split,robust_trimmed_bias_fallback,macro_target,5,0.2691007463778733,0.028859614699442957,0.37311943848610646,0.04187339666113747,0.00485186129228408,6882.4,115.0
EC50,method_comparison,ours_rerun_same_split,robust_trimmed_bias_fallback,macro_assay_pair,5,0.4416216706006429,0.06892383168525723,0.46577498883811164,0.07109998324483187,0.00053901761446974,6882.4,1518.4
EC50,modern_assay_context,ours_rerun_same_split_surrogate,assay_context_knn_affine_k1,micro,5,0.5022248882970147,0.1114408263946639,1.6756846645305177,0.6696726892064089,-0.03996691995993832,6882.4,1.0
EC50,modern_assay_context,ours_rerun_same_split_surrogate,assay_context_knn_affine_k1,macro_target,5,0.9014859175507419,0.1239147117776875,1.2342559745655568,0.1692338559133674,-0.010733539671215542,6882.4,115.0
EC50,modern_assay_context,ours_rerun_same_split_surrogate,assay_context_knn_affine_k1,macro_assay_pair,5,1.008916209441947,0.26642858780398393,1.0428530697330856,0.27990121220798725,-0.16419219220761103,6882.4,1518.4
EC50,modern_assay_context,ours_rerun_same_split_surrogate,assay_context_knn_affine_k20,micro,5,0.4703527061263445,0.07890284119259912,1.066746149590005,0.21063380472433282,-0.00893714126515888,6882.4,1.0
EC50,modern_assay_context,ours_rerun_same_split_surrogate,assay_context_knn_affine_k20,macro_assay_pair,5,0.8186146799082781,0.13599858199315748,0.8500098674142885,0.13052773391965497,-0.052851576485674824,6882.4,1518.4
EC50,modern_assay_context,ours_rerun_same_split_surrogate,assay_context_knn_affine_k20,macro_target,5,0.8917258510827042,0.12359736665124216,1.1257497185346803,0.201434407909164,0.02566430329513434,6882.4,115.0
EC50,modern_assay_context,ours_rerun_same_split_surrogate,assay_context_knn_affine_k5,micro,5,0.49113389906221483,0.09889126560583686,1.3927303616454971,0.4163675006653776,-0.01816749395566614,6882.4,1.0
EC50,modern_assay_context,ours_rerun_same_split_surrogate,assay_context_knn_affine_k5,macro_assay_pair,5,0.94540567775384,0.17747699279469115,0.979405837701895,0.1834381084559925,-0.09293906735095055,6882.4,1518.4
EC50,modern_assay_context,ours_rerun_same_split_surrogate,assay_context_knn_affine_k5,macro_target,5,1.0321443108983728,0.22392827005857335,1.376162989779519,0.3571867275552567,-0.05339837747511557,6882.4,115.0
EC50,modern_assay_context,ours_rerun_same_split_surrogate,assay_context_knn_delta_k1,micro,5,0.43302379027595367,0.06446553502780625,1.030047231626813,0.12757264451815145,-0.00920865358329526,6882.4,1.0
EC50,modern_assay_context,ours_rerun_same_split_surrogate,assay_context_knn_delta_k1,macro_target,5,0.7325344879930775,0.0391284175240275,0.8646483922329123,0.03746270596486339,-0.0012139832356221,6882.4,115.0
EC50,modern_assay_context,ours_rerun_same_split_surrogate,assay_context_knn_delta_k1,macro_assay_pair,5,0.7441432879496919,0.10164701945439952,0.7668644039386103,0.10336208623035491,-0.004603726569674879,6882.4,1518.4
EC50,modern_assay_context,ours_rerun_same_split_surrogate,assay_context_knn_delta_k20,micro,5,0.3620199144009436,0.03870752556450363,0.8531627565762394,0.05741083971053136,0.00046171341455708006,6882.4,1.0
EC50,modern_assay_context,ours_rerun_same_split_surrogate,assay_context_knn_delta_k20,macro_assay_pair,5,0.5941456968523572,0.04976244608201692,0.6190000256858694,0.05323656428483942,0.00028911139836614,6882.4,1518.4
EC50,modern_assay_context,ours_rerun_same_split_surrogate,assay_context_knn_delta_k20,macro_target,5,0.608271501374922,0.03280201001673346,0.7177627432330218,0.03995831136465454,1.4011049633039435e-05,6882.4,115.0
EC50,modern_assay_context,ours_rerun_same_split_surrogate,assay_context_knn_delta_k5,micro,5,0.38305632210858953,0.04832179336410763,0.8963503317380077,0.07136241796305012,-0.0024109255945739,6882.4,1.0
EC50,modern_assay_context,ours_rerun_same_split_surrogate,assay_context_knn_delta_k5,macro_assay_pair,5,0.6298221699968837,0.05643347602452873,0.6543675650375134,0.05723758522488734,0.0023008765791350397,6882.4,1518.4
EC50,modern_assay_context,ours_rerun_same_split_surrogate,assay_context_knn_delta_k5,macro_target,5,0.6472873819940539,0.026190576602960307,0.7615947545218649,0.031562382327228085,0.00010673571750266002,6882.4,115.0
EC50,modern_assay_context,ours_rerun_same_split_surrogate,assay_context_pair_or_knn_k1,micro,5,0.26325493697422153,0.10224301764047922,1.0900847018290558,0.5394785632917035,-0.030433282254528703,6882.4,1.0
EC50,modern_assay_context,ours_rerun_same_split_surrogate,assay_context_pair_or_knn_k1,macro_target,5,0.47542333668453374,0.13992606511529,0.7011360713589655,0.195399069933248,-0.038155394083441,6882.4,115.0
EC50,modern_assay_context,ours_rerun_same_split_surrogate,assay_context_pair_or_knn_k1,macro_assay_pair,5,0.8044073531770461,0.2933564518647515,0.8339544093978007,0.30761367273698986,-0.1453637291072905,6882.4,1518.4
EC50,modern_assay_context,ours_rerun_same_split_surrogate,assay_context_pair_or_knn_k20,micro,5,0.22831554612145138,0.07483468404100284,0.6822338572739999,0.22182050315093832,-0.017259153502606463,6882.4,1.0
EC50,modern_assay_context,ours_rerun_same_split_surrogate,assay_context_pair_or_knn_k20,macro_target,5,0.44263445237555954,0.05779185908588448,0.6132048407043983,0.103287652356423,-0.016988348650971638,6882.4,115.0
EC50,modern_assay_context,ours_rerun_same_split_surrogate,assay_context_pair_or_knn_k20,macro_assay_pair,5,0.6500566256775804,0.1626416028205081,0.6772701358086282,0.15950848892056846,-0.07227523154730509,6882.4,1518.4
EC50,modern_assay_context,ours_rerun_same_split_surrogate,assay_context_pair_or_knn_k5,micro,5,0.25346402373412397,0.08709436347476045,0.8623278512501293,0.27984086438158357,-0.02219113663719928,6882.4,1.0
EC50,modern_assay_context,ours_rerun_same_split_surrogate,assay_context_pair_or_knn_k5,macro_target,5,0.48723292589057243,0.07048047711239598,0.7055622487668941,0.11249764919358628,-0.048904561253325,6882.4,115.0
EC50,modern_assay_context,ours_rerun_same_split_surrogate,assay_context_pair_or_knn_k5,macro_assay_pair,5,0.7612884376037199,0.20799318903933506,0.7897893680813644,0.21598642943770743,-0.09794703850377028,6882.4,1518.4
EC50,modern_assay_context,ours_rerun_same_split_surrogate,assay_context_pair_or_ridge,micro,5,0.21106536247653965,0.061885253521003304,0.5775053199611968,0.16177587425381823,-0.0008314618390864601,6882.4,1.0
EC50,modern_assay_context,ours_rerun_same_split_surrogate,assay_context_pair_or_ridge,macro_target,5,0.3617274393012355,0.022010674298629636,0.4739739887819332,0.03136047304257623,0.0008199446082641403,6882.4,115.0
EC50,modern_assay_context,ours_rerun_same_split_surrogate,assay_context_pair_or_ridge,macro_assay_pair,5,0.5966558887492157,0.1355330088301923,0.619327102317804,0.1332494930180719,-0.0019121270087220997,6882.4,1518.4
EC50,modern_assay_context,ours_rerun_same_split_surrogate,assay_context_ridge_delta,micro,5,0.355319841755844,0.05645879507330109,0.736934114596968,0.13661833749702146,9.587950318271373e-08,6882.4,1.0
EC50,modern_assay_context,ours_rerun_same_split_surrogate,assay_context_ridge_delta,macro_target,5,0.5497324849492123,0.03606168866093068,0.6568103199388167,0.04105336948152694,1.7297747373426088e-07,6882.4,115.0
EC50,modern_assay_context,ours_rerun_same_split_surrogate,assay_context_ridge_delta,macro_assay_pair,5,0.6904320067196424,0.11235524118808671,0.7144688169260645,0.11080819399827257,-1.1948778387624e-07,6882.4,1518.4
EC50,ours,ours_main_same_split,gauge_calibration_selector,micro,5,0.1686048907169561,0.02925975388070197,0.42962639613008075,0.09050075638330654,-0.00115023921352058,6882.4,1.0
EC50,ours,ours_main_same_split,gauge_calibration_selector,macro_target,5,0.28662578264737953,0.026238618625976255,0.37967604680770617,0.03983912496064049,0.0025793932657529202,6882.4,115.0
EC50,ours,ours_main_same_split,gauge_calibration_selector,macro_assay_pair,5,0.4299213447155372,0.06557927196055241,0.45249776586272344,0.06851779399987226,-0.00461629503583578,6882.4,1518.4
EC50,ours,ours_main_same_split,gauge_calibration_selector_micro,micro,5,0.1686048907169561,0.02925975388070197,0.42962639613008075,0.09050075638330654,-0.00115023921352058,6882.4,1.0
EC50,ours,ours_main_same_split,gauge_calibration_selector_micro,macro_target,5,0.28662578264737953,0.026238618625976255,0.37967604680770617,0.03983912496064049,0.0025793932657529202,6882.4,115.0
EC50,ours,ours_main_same_split,gauge_calibration_selector_micro,macro_assay_pair,5,0.4299213447155372,0.06557927196055241,0.45249776586272344,0.06851779399987226,-0.00461629503583578,6882.4,1518.4
EC50,ours,ours_main_same_split,somol_gauge_graph_blend,micro,5,0.16980626028685247,0.032365691542466705,0.43515469423399916,0.09163400106607358,-0.0005150306142014399,6882.4,1.0
EC50,ours,ours_main_same_split,somol_gauge_graph_blend,macro_target,5,0.28292457098550533,0.027202370202107338,0.376891802189464,0.041541162337824226,0.00246954072792126,6882.4,115.0
EC50,ours,ours_main_same_split,somol_gauge_graph_blend,macro_assay_pair,5,0.4348603542115469,0.06764680162239965,0.4576417671179421,0.06974411424487327,-0.0037983898043958604,6882.4,1518.4
EC50,ours,ours_main_same_split,somol_gauge_graph_blend_micro,micro,5,0.16980626028685247,0.032365691542466705,0.43515469423399916,0.09163400106607358,-0.0005150306142014399,6882.4,1.0
EC50,ours,ours_main_same_split,somol_gauge_graph_blend_micro,macro_target,5,0.28292457098550533,0.027202370202107338,0.376891802189464,0.041541162337824226,0.00246954072792126,6882.4,115.0
EC50,ours,ours_main_same_split,somol_gauge_graph_blend_micro,macro_assay_pair,5,0.4348603542115469,0.06764680162239965,0.4576417671179421,0.06974411424487327,-0.0037983898043958604,6882.4,1518.4
EC50,ours,ours_main_same_split,somol_guarded_stack,micro,5,0.167919571104386,0.029779561332595524,0.42882380312955776,0.08702626790333859,-0.0014090571647142201,6882.4,1.0
EC50,ours,ours_main_same_split,somol_guarded_stack,macro_target,5,0.27962730426422144,0.026671476962896228,0.37347912131393046,0.03982695021432241,0.00083026229013598,6882.4,115.0
EC50,ours,ours_main_same_split,somol_guarded_stack,macro_assay_pair,5,0.4277277112907276,0.06093400646053762,0.45037133346468794,0.06387317930747592,-0.007329622656631521,6882.4,1518.4
EC50,ours,ours_main_same_split,somol_guarded_stack_micro,micro,5,0.167919571104386,0.029779561332595524,0.42882380312955776,0.08702626790333859,-0.0014090571647142201,6882.4,1.0
EC50,ours,ours_main_same_split,somol_guarded_stack_micro,macro_target,5,0.27962730426422144,0.026671476962896228,0.37347912131393046,0.03982695021432241,0.00083026229013598,6882.4,115.0
EC50,ours,ours_main_same_split,somol_guarded_stack_micro,macro_assay_pair,5,0.4277277112907276,0.06093400646053762,0.45037133346468794,0.06387317930747592,-0.007329622656631521,6882.4,1518.4
EC50,ours,ours_main_same_split,somol_robust_blend_bucket,micro,5,0.16354696429126087,0.02999919612075527,0.4286926231255691,0.08647650974852567,0.0006435921161520598,6882.4,1.0
EC50,ours,ours_main_same_split,somol_robust_blend_bucket,macro_target,5,0.27566032430478676,0.025774459072211174,0.37270743964789876,0.03876200944819013,0.00225711621409772,6882.4,115.0
EC50,ours,ours_main_same_split,somol_robust_blend_bucket,macro_assay_pair,5,0.4255983274459819,0.061974137723606056,0.4489193583427011,0.06455409071888583,-0.00597713050403454,6882.4,1518.4
EC50,ours,ours_main_same_split,somol_stack,micro,5,0.16793170628435758,0.02979358236304861,0.42869681091523965,0.08699040563762285,-0.00153313000704422,6882.4,1.0
EC50,ours,ours_main_same_split,somol_stack,macro_target,5,0.2820325022539728,0.025028699262844636,0.3752763302841854,0.03822141821924997,0.0007729181726795799,6882.4,115.0
EC50,ours,ours_main_same_split,somol_stack,macro_assay_pair,5,0.4276963517582775,0.06040336317078172,0.45042135945209705,0.06349492550026842,-0.008212542187572619,6882.4,1518.4
EC50,ours,ours_main_same_split,somol_stack_micro,micro,5,0.16793170628435758,0.02979358236304861,0.42869681091523965,0.08699040563762285,-0.00153313000704422,6882.4,1.0
EC50,ours,ours_main_same_split,somol_stack_micro,macro_target,5,0.2820325022539728,0.025028699262844636,0.3752763302841854,0.03822141821924997,0.0007729181726795799,6882.4,115.0
EC50,ours,ours_main_same_split,somol_stack_micro,macro_assay_pair,5,0.4276963517582775,0.06040336317078172,0.45042135945209705,0.06349492550026842,-0.008212542187572619,6882.4,1518.4
EC50,ours_ablation,ours_ablation_same_split,gauge_calibration_selector_macro_assay_pair,micro,5,0.16699197767667082,0.027189373102306118,0.42422126163520774,0.08627838479861183,-0.0017962055422956597,6882.4,1.0
EC50,ours_ablation,ours_ablation_same_split,gauge_calibration_selector_macro_assay_pair,macro_target,5,0.2872111226875309,0.0256879576956789,0.38005796060628244,0.04043528012946404,0.0006763964786181602,6882.4,115.0
EC50,ours_ablation,ours_ablation_same_split,gauge_calibration_selector_macro_assay_pair,macro_assay_pair,5,0.42395480495631144,0.06016055265544323,0.4464370023611105,0.06376847575210563,-0.00652492574203134,6882.4,1518.4
EC50,ours_ablation,ours_ablation_same_split,gauge_calibration_selector_macro_target,micro,5,0.17173605513862197,0.031140376223421123,0.4388601581933912,0.08863538777484764,-0.00033295303666053977,6882.4,1.0
EC50,ours_ablation,ours_ablation_same_split,gauge_calibration_selector_macro_target,macro_target,5,0.2798963551118662,0.030950148560375694,0.37406944651264057,0.04666195902285538,0.0031622867169140605,6882.4,115.0
EC50,ours_ablation,ours_ablation_same_split,gauge_calibration_selector_macro_target,macro_assay_pair,5,0.4415819084705621,0.0655611312247578,0.46417775395525745,0.06709122196350764,-0.0009557622088748401,6882.4,1518.4
EC50,ours_ablation,ours_ablation_same_split,graph_gauge_calibration_selector,micro,5,0.17142012138046453,0.03127675465658479,0.440406533839524,0.0868995660594022,-0.0003341677624424001,6882.4,1.0
EC50,ours_ablation,ours_ablation_same_split,graph_gauge_calibration_selector,macro_target,5,0.28118799472012623,0.02810587941633499,0.37691267307693466,0.04204426586057275,0.0015686408101533,6882.4,115.0
EC50,ours_ablation,ours_ablation_same_split,graph_gauge_calibration_selector,macro_assay_pair,5,0.4410397706232246,0.06237700834679975,0.46396590358944084,0.06394804008274642,-0.00440450626604258,6882.4,1518.4
EC50,ours_ablation,ours_ablation_same_split,graph_gauge_calibration_selector_macro_assay_pair,micro,5,0.1700987437194612,0.030970874202994613,0.4326014671938789,0.08534493386704432,-0.00110676569613322,6882.4,1.0
EC50,ours_ablation,ours_ablation_same_split,graph_gauge_calibration_selector_macro_assay_pair,macro_target,5,0.2856609985194656,0.022900562866545373,0.379759057445751,0.03522245137530113,0.0017142331276132998,6882.4,115.0
EC50,ours_ablation,ours_ablation_same_split,graph_gauge_calibration_selector_macro_assay_pair,macro_assay_pair,5,0.4375463231290759,0.06749416264732372,0.46020322263906177,0.069631359187738,-0.007141392216215919,6882.4,1518.4
EC50,ours_ablation,ours_ablation_same_split,graph_gauge_calibration_selector_macro_target,micro,5,0.17142012138046453,0.03127675465658479,0.440406533839524,0.0868995660594022,-0.0003341677624424001,6882.4,1.0
EC50,ours_ablation,ours_ablation_same_split,graph_gauge_calibration_selector_macro_target,macro_target,5,0.28118799472012623,0.02810587941633499,0.37691267307693466,0.04204426586057275,0.0015686408101533,6882.4,115.0
EC50,ours_ablation,ours_ablation_same_split,graph_gauge_calibration_selector_macro_target,macro_assay_pair,5,0.4410397706232246,0.06237700834679975,0.46396590358944084,0.06394804008274642,-0.00440450626604258,6882.4,1518.4
EC50,ours_ablation,ours_ablation_same_split,graph_gauge_calibration_selector_micro,micro,5,0.1705462959203591,0.03130953159905064,0.43625180569239436,0.08953529429768516,-0.0010415084748676001,6882.4,1.0
EC50,ours_ablation,ours_ablation_same_split,graph_gauge_calibration_selector_micro,macro_target,5,0.2862868458005211,0.023496185067337937,0.38116945667864127,0.0360182421875615,0.0020060659975301,6882.4,115.0
EC50,ours_ablation,ours_ablation_same_split,graph_gauge_calibration_selector_micro,macro_assay_pair,5,0.4392003852546633,0.06806168775710623,0.46201082045969544,0.07046192478485608,-0.0070329632588153595,6882.4,1518.4
EC50,ours_ablation,ours_ablation_same_split,somol_gauge_graph_blend_macro_assay_pair,micro,5,0.16963161614797936,0.03227479120856152,0.43434369030332276,0.09176789013666106,-0.00062269874604752,6882.4,1.0
EC50,ours_ablation,ours_ablation_same_split,somol_gauge_graph_blend_macro_assay_pair,macro_target,5,0.28327820435114315,0.02766396408648393,0.37710048237540467,0.041752520875017574,0.00246852431381632,6882.4,115.0
EC50,ours_ablation,ours_ablation_same_split,somol_gauge_graph_blend_macro_assay_pair,macro_assay_pair,5,0.43411819659189516,0.06775670829346266,0.4568738197586454,0.06984109696404467,-0.0041698902744429795,6882.4,1518.4
EC50,ours_ablation,ours_ablation_same_split,somol_gauge_graph_blend_macro_target,micro,5,0.17142012138046453,0.03127675465658479,0.440406533839524,0.0868995660594022,-0.0003341677624424001,6882.4,1.0
EC50,ours_ablation,ours_ablation_same_split,somol_gauge_graph_blend_macro_target,macro_target,5,0.28118799472012623,0.02810587941633499,0.37691267307693466,0.04204426586057275,0.0015686408101533,6882.4,115.0
EC50,ours_ablation,ours_ablation_same_split,somol_gauge_graph_blend_macro_target,macro_assay_pair,5,0.4410397706232246,0.06237700834679975,0.46396590358944084,0.06394804008274642,-0.00440450626604258,6882.4,1518.4
EC50,ours_ablation,ours_ablation_same_split,somol_guarded_stack_macro_assay_pair,micro,5,0.16784941166609954,0.02965949855807875,0.4281877118652999,0.08703119106982807,-0.00157139035925756,6882.4,1.0
EC50,ours_ablation,ours_ablation_same_split,somol_guarded_stack_macro_assay_pair,macro_target,5,0.28071650162026174,0.026014015997973594,0.3743319418111165,0.03920088529709871,0.0007687293175470399,6882.4,115.0
EC50,ours_ablation,ours_ablation_same_split,somol_guarded_stack_macro_assay_pair,macro_assay_pair,5,0.4272695715224403,0.06076626646857867,0.4499583838051241,0.0637354786706471,-0.0079237775589792,6882.4,1518.4
EC50,ours_ablation,ours_ablation_same_split,somol_guarded_stack_macro_target,micro,5,0.1693127730631987,0.030158518091747983,0.4334998080109983,0.08435180416074586,-0.00089328141838062,6882.4,1.0
EC50,ours_ablation,ours_ablation_same_split,somol_guarded_stack_macro_target,macro_target,5,0.27671539110927973,0.027872481497635302,0.3721015354417637,0.041009797530563746,0.00076483443945226,6882.4,115.0
EC50,ours_ablation,ours_ablation_same_split,somol_guarded_stack_macro_target,macro_assay_pair,5,0.4332499107665805,0.06017016110292144,0.45594781369523496,0.06249532759256686,-0.005784897420625041,6882.4,1518.4
EC50,ours_ablation,ours_ablation_same_split,somol_robust_blend_global,micro,5,0.16738979346842292,0.0297231990668925,0.42902630574413214,0.08724996361600021,-0.0009391010489336,6882.4,1.0
EC50,ours_ablation,ours_ablation_same_split,somol_robust_blend_global,macro_target,5,0.2775229831174573,0.025714717965863793,0.3717835375178607,0.03888634031141147,0.0012841863290591802,6882.4,115.0
EC50,ours_ablation,ours_ablation_same_split,somol_robust_blend_global,macro_assay_pair,5,0.42834015331206177,0.06148180151406513,0.45105159948459406,0.06447208300916699,-0.0065045163574019,6882.4,1518.4
EC50,ours_ablation,ours_ablation_same_split,somol_robust_selector_bucket,micro,5,0.1642087462652076,0.030236674077462063,0.429214068168364,0.08592141621466318,0.00028300073531770006,6882.4,1.0
EC50,ours_ablation,ours_ablation_same_split,somol_robust_selector_bucket,macro_target,5,0.27676317403209044,0.02614608143443556,0.3733712759671074,0.03783735597487878,0.0024968548167494803,6882.4,115.0
EC50,ours_ablation,ours_ablation_same_split,somol_robust_selector_bucket,macro_assay_pair,5,0.42617240176935034,0.06218473143813137,0.4494295186388514,0.06446676989215565,-0.0060038509985229,6882.4,1518.4
EC50,ours_ablation,ours_ablation_same_split,somol_robust_selector_global,micro,5,0.167919571104386,0.029779561332595524,0.42882380312955776,0.08702626790333859,-0.0014090571647142201,6882.4,1.0
EC50,ours_ablation,ours_ablation_same_split,somol_robust_selector_global,macro_target,5,0.27962730426422144,0.026671476962896228,0.37347912131393046,0.03982695021432241,0.00083026229013598,6882.4,115.0
EC50,ours_ablation,ours_ablation_same_split,somol_robust_selector_global,macro_assay_pair,5,0.4277277112907276,0.06093400646053762,0.45037133346468794,0.06387317930747592,-0.007329622656631521,6882.4,1518.4
EC50,ours_ablation,ours_ablation_same_split,somol_stack_macro_assay_pair,micro,5,0.16777118254057105,0.02967275443743105,0.42792465698678167,0.08701779197293386,-0.0016536074303493402,6882.4,1.0
EC50,ours_ablation,ours_ablation_same_split,somol_stack_macro_assay_pair,macro_target,5,0.28232841564210615,0.0254399718098609,0.3754914759549776,0.038474438198283833,0.0007630524723371397,6882.4,115.0
EC50,ours_ablation,ours_ablation_same_split,somol_stack_macro_assay_pair,macro_assay_pair,5,0.42696485421824837,0.06040594208326265,0.4496821392846863,0.06346443207157315,-0.008591757278388939,6882.4,1518.4
EC50,ours_ablation,ours_ablation_same_split,somol_stack_macro_target,micro,5,0.17021981214320392,0.029904826227698876,0.4356233768763801,0.08216703137461341,-0.0009096394663295402,6882.4,1.0
EC50,ours_ablation,ours_ablation_same_split,somol_stack_macro_target,macro_target,5,0.27973569948989707,0.02753118787797269,0.3746700850306161,0.04018649669464601,0.0006058244150525402,6882.4,115.0
EC50,ours_ablation,ours_ablation_same_split,somol_stack_macro_target,macro_assay_pair,5,0.43627443257402854,0.057530873887688586,0.45915839436035977,0.05949714920575739,-0.007183650818752041,6882.4,1518.4
EC50,support_shrinkage,ours_rerun_same_split,support_gated_val_micro,micro,5,0.1695446833259932,0.027337510155195543,0.4301593040450492,0.08277771876291978,-0.00422651738734398,6882.4,1.0
EC50,support_shrinkage,ours_rerun_same_split,support_gated_val_micro,macro_target,5,0.29642702594899106,0.018535775188409414,0.39282670381252666,0.023942350641390473,-0.0023837305700481403,6882.4,115.0
EC50,support_shrinkage,ours_rerun_same_split,support_gated_val_micro,macro_assay_pair,5,0.4315498884798785,0.057767712102470156,0.45503755163994575,0.06038172551913187,-0.02089125694975272,6882.4,1518.4
IC50,classic,ours_rerun_same_split,assay_mean,micro,5,0.604061457706827,0.033156294535819385,0.8316621372794117,0.03769412012396408,0.009432628662705039,52590.8,1.0
IC50,classic,ours_rerun_same_split,assay_mean,macro_target,5,0.6070152831066963,0.005889731875258906,0.726571821268859,0.007398366576450511,0.01860826059610506,52590.8,623.8
IC50,classic,ours_rerun_same_split,assay_mean,macro_assay_pair,5,0.8174996542806545,0.09513625375607133,0.8534967307548907,0.08962033386235001,-0.04714342279922969,52590.8,13694.8
IC50,classic,ours_rerun_same_split,identity,micro,5,0.37687873201438366,0.0033781357954774825,0.7644039090106471,0.01118669009825828,0.0,52590.8,1.0
IC50,classic,ours_rerun_same_split,identity,macro_target,5,0.43322131145175113,0.011336872135085255,0.5555664424898044,0.012593346996885378,0.0,52590.8,623.8
IC50,classic,ours_rerun_same_split,identity,macro_assay_pair,5,0.5341821748849455,0.02031285528225443,0.5519745191965129,0.023221109166486946,1.9820933840242526e-19,52590.8,13694.8
IC50,classic,ours_rerun_same_split,identity_bias,micro,5,0.21106736619038688,0.012474562968204985,0.46765386015912114,0.011399632767424507,-5.845212875815587e-19,52590.8,1.0
IC50,classic,ours_rerun_same_split,identity_bias,macro_target,5,0.2569592622742226,0.0069542047983938765,0.34550374601104916,0.010336155275859219,-9.312617665635037e-19,52590.8,623.8
IC50,classic,ours_rerun_same_split,identity_bias,macro_assay_pair,5,0.42831352029862063,0.008631466737037212,0.4450671774236164,0.008446310423911346,2.0638524865576695e-19,52590.8,13694.8
IC50,classic,ours_rerun_same_split,pair_affine,micro,5,0.19950791328585832,0.01416035052657844,0.4378368025248485,0.014249068026529423,0.0008196809843745004,52590.8,1.0
IC50,classic,ours_rerun_same_split,pair_affine,macro_target,5,0.2526588154509371,0.0075120757582075835,0.3407684621360292,0.009465102027732309,0.0079640921516646,52590.8,623.8
IC50,classic,ours_rerun_same_split,pair_affine,macro_assay_pair,5,0.43001102226867144,0.010516087839019337,0.4451636082535105,0.009005014508797734,-0.004638409417629841,52590.8,13694.8
IC50,classic,ours_rerun_same_split,pair_affine_bias_fallback,micro,5,0.1948373618273203,0.01228765459660907,0.44150950607038675,0.01185590469908251,0.00123480206092032,52590.8,1.0
IC50,classic,ours_rerun_same_split,pair_affine_bias_fallback,macro_target,5,0.2332400712240108,0.007128258794761421,0.3184919154363506,0.010232378964945223,0.00062991167253818,52590.8,623.8
IC50,classic,ours_rerun_same_split,pair_affine_bias_fallback,macro_assay_pair,5,0.4183210329358788,0.008450795744863907,0.4335206346160982,0.007454729229395666,0.00172413837264586,52590.8,13694.8
IC50,classic,ours_rerun_same_split,pair_affine_shrink_k10,micro,5,0.1955064552890677,0.01247114975756437,0.44121268790771706,0.012136474035224658,0.00069773331949412,52590.8,1.0
IC50,classic,ours_rerun_same_split,pair_affine_shrink_k10,macro_target,5,0.23541627527767592,0.006967379679959981,0.31893533360637144,0.010250904956184907,0.00028607070005542317,52590.8,623.8
IC50,classic,ours_rerun_same_split,pair_affine_shrink_k10,macro_assay_pair,5,0.41838307020245563,0.008744107719868355,0.43353371555587505,0.0078497660567164,0.0009258044756773199,52590.8,13694.8
IC50,classic,ours_rerun_same_split,pair_isotonic,micro,5,0.20461598727136518,0.012967529286454362,0.44394791125396305,0.0118795096958764,0.0028101657886479203,52590.8,1.0
IC50,classic,ours_rerun_same_split,pair_isotonic,macro_target,5,0.2609730262536243,0.0073606559321104156,0.35563632236059034,0.009381872329719203,0.0083259771996341,52590.8,623.8
IC50,classic,ours_rerun_same_split,pair_isotonic,macro_assay_pair,5,0.4339708256550964,0.009157585801613246,0.45279013340174146,0.007103448362579448,-0.003743307758684522,52590.8,13694.8
IC50,classic,ours_rerun_same_split,target_pair_affine,micro,5,0.19950791328585832,0.01416035052657844,0.4378368025248485,0.014249068026529423,0.0008196809843745004,52590.8,1.0
IC50,classic,ours_rerun_same_split,target_pair_affine,macro_target,5,0.2526588154509371,0.0075120757582075835,0.3407684621360292,0.009465102027732309,0.0079640921516646,52590.8,623.8
IC50,classic,ours_rerun_same_split,target_pair_affine,macro_assay_pair,5,0.43001102226867144,0.010516087839019337,0.4451636082535105,0.009005014508797734,-0.004638409417629841,52590.8,13694.8
IC50,direct_competitor,ours_rerun_same_split,calibration_grid_global,micro,5,0.19563507316622425,0.015230917032955552,0.4298025274208803,0.015155720889902913,0.0006115320428425802,52590.8,1.0
IC50,direct_competitor,ours_rerun_same_split,calibration_grid_global,macro_target,5,0.24123473114348118,0.006847062973160018,0.32642301419851033,0.009732817706684946,0.0037946648557407397,52590.8,623.8
IC50,direct_competitor,ours_rerun_same_split,calibration_grid_global,macro_assay_pair,5,0.4195115818406519,0.014368668165891689,0.4346749400406992,0.012080233550462161,-0.005197193416510382,52590.8,13694.8
IC50,direct_competitor,ours_rerun_same_split,calibration_grid_selector,micro,5,0.19613191081839326,0.015268169480977317,0.4362472873610937,0.01995758460073548,-0.00022190207833464002,52590.8,1.0
IC50,direct_competitor,ours_rerun_same_split,calibration_grid_selector,macro_target,5,0.23784029282473185,0.009942847233627289,0.3230585850813427,0.011705482125735193,0.00155217118875496,52590.8,623.8
IC50,direct_competitor,ours_rerun_same_split,calibration_grid_selector,macro_assay_pair,5,0.4221683740644827,0.015258508163475917,0.4371613350257072,0.013015206990510238,-0.006365294685860781,52590.8,13694.8
IC50,direct_competitor,ours_rerun_same_split,calibration_grid_selector_macro_assay_pair,micro,5,0.19580282925897555,0.014604575495749587,0.43811398434128296,0.022568778575015096,-0.0021996033654547798,52590.8,1.0
IC50,direct_competitor,ours_rerun_same_split,calibration_grid_selector_macro_assay_pair,macro_target,5,0.23593042499135625,0.009027762297942582,0.32147005934829753,0.010218594238605508,0.00206804469939158,52590.8,623.8
IC50,direct_competitor,ours_rerun_same_split,calibration_grid_selector_macro_assay_pair,macro_assay_pair,5,0.42070415599369576,0.01414464644059403,0.43564935579419845,0.012214886794012138,-0.012653340588561263,52590.8,13694.8
IC50,direct_competitor,ours_rerun_same_split,calibration_grid_selector_macro_target,micro,5,0.19453307933043493,0.012429030832881587,0.44038776167259536,0.012298869791658519,0.0011176721441842395,52590.8,1.0
IC50,direct_competitor,ours_rerun_same_split,calibration_grid_selector_macro_target,macro_target,5,0.23311698956191468,0.00714884016252956,0.3174090255363605,0.010160255735590222,0.00051209657509634,52590.8,623.8
IC50,direct_competitor,ours_rerun_same_split,calibration_grid_selector_macro_target,macro_assay_pair,5,0.4177845735427934,0.008756420082939153,0.432860955614775,0.007775778081774539,0.0016074689136968,52590.8,13694.8
IC50,direct_competitor,ours_rerun_same_split,calibration_grid_selector_micro,micro,5,0.19613191081839326,0.015268169480977317,0.4362472873610937,0.01995758460073548,-0.00022190207833464002,52590.8,1.0
IC50,direct_competitor,ours_rerun_same_split,calibration_grid_selector_micro,macro_target,5,0.23784029282473185,0.009942847233627289,0.3230585850813427,0.011705482125735193,0.00155217118875496,52590.8,623.8
IC50,direct_competitor,ours_rerun_same_split,calibration_grid_selector_micro,macro_assay_pair,5,0.4221683740644827,0.015258508163475917,0.4371613350257072,0.013015206990510238,-0.006365294685860781,52590.8,13694.8
IC50,method_comparison,ours_rerun_same_split,deming_bias_fallback,micro,5,0.289027388677361,0.032883061920073633,3.164104016327111,1.8460924117088853,-0.003178454454401079,52590.8,1.0
IC50,method_comparison,ours_rerun_same_split,deming_bias_fallback,macro_target,5,0.34621562971730835,0.02876908674330401,0.6311908825451221,0.0832335903979435,-0.01860541777240026,52590.8,623.8
IC50,method_comparison,ours_rerun_same_split,deming_bias_fallback,macro_assay_pair,5,0.4990496271863633,0.02456107415782072,0.5283197623908218,0.02996257165807779,0.0025449028591146205,52590.8,13694.8
IC50,method_comparison,ours_rerun_same_split,odr_tls_bias_fallback,micro,5,0.28857139163453965,0.03298236580976644,3.164023257219591,1.8461539917961365,-0.0032112134658696,52590.8,1.0
IC50,method_comparison,ours_rerun_same_split,odr_tls_bias_fallback,macro_target,5,0.34523937903653823,0.028857881031623574,0.6305984286721183,0.08334264927363298,-0.01854903213279028,52590.8,623.8
IC50,method_comparison,ours_rerun_same_split,odr_tls_bias_fallback,macro_assay_pair,5,0.4984533777242655,0.024566232298038303,0.5276934789503168,0.029968331110835716,0.0025002278795756006,52590.8,13694.8
IC50,method_comparison,ours_rerun_same_split,robust_trimmed_bias_fallback,micro,5,0.19289039891551607,0.0124643788539967,0.44850659876890003,0.010933573522871314,0.0039002510280310198,52590.8,1.0
IC50,method_comparison,ours_rerun_same_split,robust_trimmed_bias_fallback,macro_target,5,0.23052938187849287,0.007179820189797463,0.3225664537820501,0.010396544418272466,0.0039636046177783,52590.8,623.8
IC50,method_comparison,ours_rerun_same_split,robust_trimmed_bias_fallback,macro_assay_pair,5,0.4189572391982271,0.00840015673007682,0.4355194379925035,0.007148552187891513,0.00424617359821256,52590.8,13694.8
IC50,modern_assay_context,ours_rerun_same_split_surrogate,assay_context_knn_affine_k1,micro,5,0.6240712726675012,0.10623629633896466,3.382496254499988,1.8691362870005193,-0.002499358781865324,52590.8,1.0
IC50,modern_assay_context,ours_rerun_same_split_surrogate,assay_context_knn_affine_k1,macro_target,5,0.8538244713072889,0.12252687507005065,1.309157498073207,0.2435837212584585,0.02589374448980016,52590.8,623.8
IC50,modern_assay_context,ours_rerun_same_split_surrogate,assay_context_knn_affine_k1,macro_assay_pair,5,1.1330381138339636,0.2761131794174496,1.1556667088556474,0.2739883284404603,-0.0028298643183750196,52590.8,13694.8
IC50,modern_assay_context,ours_rerun_same_split_surrogate,assay_context_knn_affine_k20,micro,5,0.5177812565952135,0.07447016527034105,1.745779783784543,1.0179683134733033,0.02094366023163686,52590.8,1.0
IC50,modern_assay_context,ours_rerun_same_split_surrogate,assay_context_knn_affine_k20,macro_target,5,0.7338795698633847,0.13482977953675684,1.071312884310626,0.29375453365884857,0.10216260059972301,52590.8,623.8
IC50,modern_assay_context,ours_rerun_same_split_surrogate,assay_context_knn_affine_k20,macro_assay_pair,5,0.859370239969115,0.18546812442086302,0.8790375813875956,0.18330700346656398,0.07832783954454929,52590.8,13694.8
IC50,modern_assay_context,ours_rerun_same_split_surrogate,assay_context_knn_affine_k5,micro,5,0.5606563420119594,0.08773029995847197,2.551098015756053,1.455623615280915,0.015603393651252842,52590.8,1.0
IC50,modern_assay_context,ours_rerun_same_split_surrogate,assay_context_knn_affine_k5,macro_target,5,0.8467982810346172,0.15491575616428727,1.2810457478599873,0.32159586569508525,0.1225447400716414,52590.8,623.8
IC50,modern_assay_context,ours_rerun_same_split_surrogate,assay_context_knn_affine_k5,macro_assay_pair,5,0.9738947661678561,0.21842039995950985,0.9947604612742558,0.21627795120491858,0.05284606505802405,52590.8,13694.8
IC50,modern_assay_context,ours_rerun_same_split_surrogate,assay_context_knn_delta_k1,micro,5,0.4488947875632311,0.020372768269424475,0.8849525066252026,0.012988271803967078,0.006045723315694159,52590.8,1.0
IC50,modern_assay_context,ours_rerun_same_split_surrogate,assay_context_knn_delta_k1,macro_target,5,0.5619305633021568,0.015059048373558398,0.6906392009199758,0.01766095130676607,0.00051003163065276,52590.8,623.8
IC50,modern_assay_context,ours_rerun_same_split_surrogate,assay_context_knn_delta_k1,macro_assay_pair,5,0.6473950594612587,0.00785311927977782,0.6638977762518793,0.005993672180190572,0.0008834115561126199,52590.8,13694.8
IC50,modern_assay_context,ours_rerun_same_split_surrogate,assay_context_knn_delta_k20,micro,5,0.3881185366409033,0.006809098318977981,0.7405022256363913,0.013839561368886451,-0.0004942967750913602,52590.8,1.0
IC50,modern_assay_context,ours_rerun_same_split_surrogate,assay_context_knn_delta_k20,macro_target,5,0.46465329727198235,0.012598351336144868,0.5733382687007409,0.014506212672519487,-3.287495836255071e-05,52590.8,623.8
IC50,modern_assay_context,ours_rerun_same_split_surrogate,assay_context_knn_delta_k20,macro_assay_pair,5,0.5525534340862326,0.014782567295866909,0.569275736936736,0.01706893365109943,-7.055332694164363e-05,52590.8,13694.8
IC50,modern_assay_context,ours_rerun_same_split_surrogate,assay_context_knn_delta_k5,micro,5,0.4060771590411556,0.010287726196137605,0.7693491001466474,0.01410136510691903,0.00011756396941705986,52590.8,1.0
IC50,modern_assay_context,ours_rerun_same_split_surrogate,assay_context_knn_delta_k5,macro_target,5,0.4984999446914883,0.009276875360713525,0.6112033188993913,0.010639838337043817,4.8652071485979985e-05,52590.8,623.8
IC50,modern_assay_context,ours_rerun_same_split_surrogate,assay_context_knn_delta_k5,macro_assay_pair,5,0.5719739243360207,0.01277470222550004,0.5886574326493776,0.015250370511302,0.00017900856080045992,52590.8,13694.8
IC50,modern_assay_context,ours_rerun_same_split_surrogate,assay_context_pair_or_knn_k1,micro,5,0.34776740035229753,0.10909645450159315,2.8183752464510947,2.031298392286587,0.006256897439264742,52590.8,1.0
IC50,modern_assay_context,ours_rerun_same_split_surrogate,assay_context_pair_or_knn_k1,macro_target,5,0.44088396679459885,0.10312798888243498,0.7267137328637429,0.2278624487414982,0.013044539254988038,52590.8,623.8
IC50,modern_assay_context,ours_rerun_same_split_surrogate,assay_context_pair_or_knn_k1,macro_assay_pair,5,0.9636144647786165,0.29362889723367797,0.9798853869979599,0.29196087040960955,-0.00037944266142841965,52590.8,13694.8
IC50,modern_assay_context,ours_rerun_same_split_surrogate,assay_context_pair_or_knn_k20,micro,5,0.2793682330838652,0.07850158816163287,1.3467272708263323,1.0132661144894333,0.026069700110045578,52590.8,1.0
IC50,modern_assay_context,ours_rerun_same_split_surrogate,assay_context_pair_or_knn_k20,macro_target,5,0.38254982669364573,0.06888454792594272,0.6040576923483585,0.1653605681536936,0.04424782259023074,52590.8,623.8
IC50,modern_assay_context,ours_rerun_same_split_surrogate,assay_context_pair_or_knn_k20,macro_assay_pair,5,0.7115678651099104,0.19782574212447157,0.727178930069958,0.1956657180127321,0.07426699517849145,52590.8,13694.8
IC50,modern_assay_context,ours_rerun_same_split_surrogate,assay_context_pair_or_knn_k5,micro,5,0.30855665441321045,0.09249855404766819,1.9875456506471405,1.4216071565556414,0.019730064203483562,52590.8,1.0
IC50,modern_assay_context,ours_rerun_same_split_surrogate,assay_context_pair_or_knn_k5,macro_target,5,0.45013840662128446,0.11972605965528557,0.7224387334990833,0.23347365856251498,0.0776496683732959,52590.8,623.8
IC50,modern_assay_context,ours_rerun_same_split_surrogate,assay_context_pair_or_knn_k5,macro_assay_pair,5,0.8177788526918143,0.2364344449358848,0.8337537866123992,0.23448454899844912,0.048895329630415596,52590.8,13694.8
IC50,modern_assay_context,ours_rerun_same_split_surrogate,assay_context_pair_or_ridge,micro,5,0.20868639248526571,0.017475088399699377,0.46263252336494326,0.020892344928625677,0.00123480801980728,52590.8,1.0
IC50,modern_assay_context,ours_rerun_same_split_surrogate,assay_context_pair_or_ridge,macro_target,5,0.262545081926773,0.007609403923614027,0.35063345978784366,0.010010157845498274,0.00062992103532822,52590.8,623.8
IC50,modern_assay_context,ours_rerun_same_split_surrogate,assay_context_pair_or_ridge,macro_assay_pair,5,0.4645403122378996,0.017260069660238405,0.4796671873799074,0.014443465660772732,0.0017241588425689202,52590.8,13694.8
IC50,modern_assay_context,ours_rerun_same_split_surrogate,assay_context_ridge_delta,micro,5,0.3865938776836674,0.006876412745098126,0.7088653930783736,0.006285941895750591,2.7855041176642832e-08,52590.8,1.0
IC50,modern_assay_context,ours_rerun_same_split_surrogate,assay_context_ridge_delta,macro_target,5,0.47472529560605564,0.011696667910448062,0.5760464915095029,0.013364603032285123,3.046519128253841e-08,52590.8,623.8
IC50,modern_assay_context,ours_rerun_same_split_surrogate,assay_context_ridge_delta,macro_assay_pair,5,0.5706494160757384,0.005734975766198083,0.5875055270501802,0.008024299678697366,3.1962963441772526e-08,52590.8,13694.8
IC50,ours,ours_main_same_split,gauge_calibration_selector,micro,5,0.19061907142599072,0.011359572433868214,0.4221565151917204,0.01222083955785392,0.00100006393937186,52590.8,1.0
IC50,ours,ours_main_same_split,gauge_calibration_selector,macro_target,5,0.23064455567378633,0.008219781127988325,0.31240270447382323,0.00992321895441414,0.0005494121921590801,52590.8,623.8
IC50,ours,ours_main_same_split,gauge_calibration_selector,macro_assay_pair,5,0.4033225294505086,0.008371691622267306,0.41833212673828263,0.007652901651720147,0.00135173801843402,52590.8,13694.8
IC50,ours,ours_main_same_split,gauge_calibration_selector_micro,micro,5,0.19061907142599072,0.011359572433868214,0.4221565151917204,0.01222083955785392,0.00100006393937186,52590.8,1.0
IC50,ours,ours_main_same_split,gauge_calibration_selector_micro,macro_target,5,0.23064455567378633,0.008219781127988325,0.31240270447382323,0.00992321895441414,0.0005494121921590801,52590.8,623.8
IC50,ours,ours_main_same_split,gauge_calibration_selector_micro,macro_assay_pair,5,0.4033225294505086,0.008371691622267306,0.41833212673828263,0.007652901651720147,0.00135173801843402,52590.8,13694.8
IC50,ours,ours_main_same_split,somol_gauge_graph_blend,micro,5,0.19045996380229813,0.011438061118155223,0.42232419913296726,0.012310804036725876,0.00098440604776218,52590.8,1.0
IC50,ours,ours_main_same_split,somol_gauge_graph_blend,macro_target,5,0.23049388208081414,0.008052488973838581,0.3122977914292616,0.009902922083642537,0.0005460998357520601,52590.8,623.8
IC50,ours,ours_main_same_split,somol_gauge_graph_blend,macro_assay_pair,5,0.402841293244244,0.00843365987936351,0.41784583978513135,0.007681450794686168,0.00133068643508146,52590.8,13694.8
IC50,ours,ours_main_same_split,somol_gauge_graph_blend_micro,micro,5,0.19045996380229813,0.011438061118155223,0.42232419913296726,0.012310804036725876,0.00098440604776218,52590.8,1.0
IC50,ours,ours_main_same_split,somol_gauge_graph_blend_micro,macro_target,5,0.23049388208081414,0.008052488973838581,0.3122977914292616,0.009902922083642537,0.0005460998357520601,52590.8,623.8
IC50,ours,ours_main_same_split,somol_gauge_graph_blend_micro,macro_assay_pair,5,0.402841293244244,0.00843365987936351,0.41784583978513135,0.007681450794686168,0.00133068643508146,52590.8,13694.8
IC50,ours,ours_main_same_split,somol_guarded_stack,micro,5,0.18999806531382102,0.012110183825050275,0.42152543815638593,0.013761449531127436,0.00029643306477859473,52590.8,1.0
IC50,ours,ours_main_same_split,somol_guarded_stack,macro_target,5,0.23020241148187054,0.008305175358772456,0.3120663546074175,0.010054573831534264,0.00092530870967554,52590.8,623.8
IC50,ours,ours_main_same_split,somol_guarded_stack,macro_assay_pair,5,0.4009693696674619,0.00923767371468211,0.4159644532868958,0.007754992827995677,-0.00176984753040764,52590.8,13694.8
IC50,ours,ours_main_same_split,somol_guarded_stack_micro,micro,5,0.18999806531382102,0.012110183825050275,0.42152543815638593,0.013761449531127436,0.00029643306477859473,52590.8,1.0
IC50,ours,ours_main_same_split,somol_guarded_stack_micro,macro_target,5,0.23020241148187054,0.008305175358772456,0.3120663546074175,0.010054573831534264,0.00092530870967554,52590.8,623.8
IC50,ours,ours_main_same_split,somol_guarded_stack_micro,macro_assay_pair,5,0.4009693696674619,0.00923767371468211,0.4159644532868958,0.007754992827995677,-0.00176984753040764,52590.8,13694.8
IC50,ours,ours_main_same_split,somol_robust_blend_bucket,micro,5,0.18747192589121944,0.012139494606661274,0.42415024302453297,0.013874120139150486,0.00207322886847986,52590.8,1.0
IC50,ours,ours_main_same_split,somol_robust_blend_bucket,macro_target,5,0.22645991251272063,0.00905510508281205,0.3115576930729379,0.010509664027172561,0.00292753804135176,52590.8,623.8
IC50,ours,ours_main_same_split,somol_robust_blend_bucket,macro_assay_pair,5,0.3997058951362072,0.009142861932811514,0.4154957138174701,0.007643774824497873,-0.0009399152626112,52590.8,13694.8
IC50,ours,ours_main_same_split,somol_stack,micro,5,0.19002625327010753,0.011960208494076682,0.42071945632321095,0.013773592453214674,0.00016294503621721998,52590.8,1.0
IC50,ours,ours_main_same_split,somol_stack,macro_target,5,0.2304074355232096,0.008390913352846618,0.3122476422802862,0.009867541404723946,0.0009562881324414599,52590.8,623.8
IC50,ours,ours_main_same_split,somol_stack,macro_assay_pair,5,0.4008869328075887,0.009916598327721154,0.41587374951937106,0.008678839301268153,-0.0022011652888352397,52590.8,13694.8
IC50,ours,ours_main_same_split,somol_stack_micro,micro,5,0.19002625327010753,0.011960208494076682,0.42071945632321095,0.013773592453214674,0.00016294503621721998,52590.8,1.0
IC50,ours,ours_main_same_split,somol_stack_micro,macro_target,5,0.2304074355232096,0.008390913352846618,0.3122476422802862,0.009867541404723946,0.0009562881324414599,52590.8,623.8
IC50,ours,ours_main_same_split,somol_stack_micro,macro_assay_pair,5,0.4008869328075887,0.009916598327721154,0.41587374951937106,0.008678839301268153,-0.0022011652888352397,52590.8,13694.8
IC50,ours_ablation,ours_ablation_same_split,gauge_calibration_selector_macro_assay_pair,micro,5,0.19150599535732135,0.01219614397498003,0.4242161737778196,0.014362902805254917,0.00099804081753054,52590.8,1.0
IC50,ours_ablation,ours_ablation_same_split,gauge_calibration_selector_macro_assay_pair,macro_target,5,0.23118793659117584,0.007998618709369585,0.31350492641241146,0.009443898910858135,0.0005467419849100999,52590.8,623.8
IC50,ours_ablation,ours_ablation_same_split,gauge_calibration_selector_macro_assay_pair,macro_assay_pair,5,0.40579435670579816,0.008190822787103123,0.4207834423606589,0.0066245129530247615,0.0013319207666093401,52590.8,13694.8
IC50,ours_ablation,ours_ablation_same_split,gauge_calibration_selector_macro_target,micro,5,0.1904626799713986,0.012762714314813772,0.4228395237153393,0.017168721050752945,0.0010286981882901198,52590.8,1.0
IC50,ours_ablation,ours_ablation_same_split,gauge_calibration_selector_macro_target,macro_target,5,0.23097942215095504,0.007913165960013872,0.31287036260059375,0.010584548985001226,0.00048367985723880006,52590.8,623.8
IC50,ours_ablation,ours_ablation_same_split,gauge_calibration_selector_macro_target,macro_assay_pair,5,0.40213605585367185,0.013900589819160925,0.41718837458397273,0.012188412875748452,0.001393570004262,52590.8,13694.8
IC50,ours_ablation,ours_ablation_same_split,graph_gauge_calibration_selector,micro,5,0.19102124839627638,0.012924744607064784,0.4252173323468741,0.017430265510034116,0.0009495871933176385,52590.8,1.0
IC50,ours_ablation,ours_ablation_same_split,graph_gauge_calibration_selector,macro_target,5,0.230705536215635,0.0074264799455459616,0.312855985457694,0.010125847203272064,0.0005026276946677001,52590.8,623.8
IC50,ours_ablation,ours_ablation_same_split,graph_gauge_calibration_selector,macro_assay_pair,5,0.4043355585313856,0.014921698174189818,0.41936976007497273,0.013300970534845054,0.00128865461924406,52590.8,13694.8
IC50,ours_ablation,ours_ablation_same_split,graph_gauge_calibration_selector_macro_assay_pair,micro,5,0.19177672324316858,0.012919845889791098,0.42411547798473404,0.016290456465048498,0.00120384282879838,52590.8,1.0
IC50,ours_ablation,ours_ablation_same_split,graph_gauge_calibration_selector_macro_assay_pair,macro_target,5,0.23106299115354528,0.008019255974933316,0.3131848089682412,0.009213639230143903,0.0007755367183631747,52590.8,623.8
IC50,ours_ablation,ours_ablation_same_split,graph_gauge_calibration_selector_macro_assay_pair,macro_assay_pair,5,0.4067872716471947,0.011589461991283056,0.4217723039952257,0.009609323110788258,0.0021645646444788,52590.8,13694.8
IC50,ours_ablation,ours_ablation_same_split,graph_gauge_calibration_selector_macro_target,micro,5,0.19102124839627638,0.012924744607064784,0.4252173323468741,0.017430265510034116,0.0009495871933176385,52590.8,1.0
IC50,ours_ablation,ours_ablation_same_split,graph_gauge_calibration_selector_macro_target,macro_target,5,0.230705536215635,0.0074264799455459616,0.312855985457694,0.010125847203272064,0.0005026276946677001,52590.8,623.8
IC50,ours_ablation,ours_ablation_same_split,graph_gauge_calibration_selector_macro_target,macro_assay_pair,5,0.4043355585313856,0.014921698174189818,0.41936976007497273,0.013300970534845054,0.00128865461924406,52590.8,13694.8
IC50,ours_ablation,ours_ablation_same_split,graph_gauge_calibration_selector_micro,micro,5,0.1923016973875439,0.013832960021143462,0.42427375244412036,0.01628826740670832,0.0028226734968246803,52590.8,1.0
IC50,ours_ablation,ours_ablation_same_split,graph_gauge_calibration_selector_micro,macro_target,5,0.23206859975331334,0.007207786785132908,0.3140977973809487,0.009011910401477505,0.00104050664671404,52590.8,623.8
IC50,ours_ablation,ours_ablation_same_split,graph_gauge_calibration_selector_micro,macro_assay_pair,5,0.4087134755260201,0.012313038028661755,0.42377040423134205,0.009741730123423983,0.0072666115906886595,52590.8,13694.8
IC50,ours_ablation,ours_ablation_same_split,somol_gauge_graph_blend_macro_assay_pair,micro,5,0.19051526727742762,0.011403251190710045,0.4224079250577309,0.012324655787689934,0.00098684894342366,52590.8,1.0
IC50,ours_ablation,ours_ablation_same_split,somol_gauge_graph_blend_macro_assay_pair,macro_target,5,0.2305085188528897,0.008068130046185258,0.3123054183343624,0.009908366967285547,0.00054511355724798,52590.8,623.8
IC50,ours_ablation,ours_ablation_same_split,somol_gauge_graph_blend_macro_assay_pair,macro_assay_pair,5,0.4030531924827946,0.008442077630785104,0.41805896137392706,0.007708737686680186,0.0013345551946476399,52590.8,13694.8
IC50,ours_ablation,ours_ablation_same_split,somol_gauge_graph_blend_macro_target,micro,5,0.19114582539523992,0.0127071991451442,0.4253729605781086,0.017095181736738213,0.0009519220914491984,52590.8,1.0
IC50,ours_ablation,ours_ablation_same_split,somol_gauge_graph_blend_macro_target,macro_target,5,0.23080454824149643,0.007381884891495209,0.31295855530664923,0.010052080341899344,0.0005158100100097201,52590.8,623.8
IC50,ours_ablation,ours_ablation_same_split,somol_gauge_graph_blend_macro_target,macro_assay_pair,5,0.40485956042812504,0.014009023113331805,0.41989305959021117,0.01250378377151293,0.00128605693366316,52590.8,13694.8
IC50,ours_ablation,ours_ablation_same_split,somol_guarded_stack_macro_assay_pair,micro,5,0.1899722660824653,0.012042404584416593,0.4209247275607714,0.014102633669325798,0.00018988495430730736,52590.8,1.0
IC50,ours_ablation,ours_ablation_same_split,somol_guarded_stack_macro_assay_pair,macro_target,5,0.23032013045911465,0.008510289947222768,0.31214284750118726,0.010139706222768155,0.00096689313741998,52590.8,623.8
IC50,ours_ablation,ours_ablation_same_split,somol_guarded_stack_macro_assay_pair,macro_assay_pair,5,0.40073510230362014,0.009347889210051972,0.4157158585069099,0.007916484710865427,-0.00217616925956946,52590.8,13694.8
IC50,ours_ablation,ours_ablation_same_split,somol_guarded_stack_macro_target,micro,5,0.19248869188569104,0.013842466906189068,0.4324390642370367,0.0184389830961239,0.00108673988246764,52590.8,1.0
IC50,ours_ablation,ours_ablation_same_split,somol_guarded_stack_macro_target,macro_target,5,0.23155973981042477,0.007944505095924951,0.31532470201201823,0.011538309624890105,0.0005425658173623999,52590.8,623.8
IC50,ours_ablation,ours_ablation_same_split,somol_guarded_stack_macro_target,macro_assay_pair,5,0.40968041596489996,0.012741854203604422,0.4248067137578343,0.010382495560902956,0.0014253806774498002,52590.8,13694.8
IC50,ours_ablation,ours_ablation_same_split,somol_robust_blend_global,micro,5,0.18986327752348978,0.012216170098659494,0.42301515907904824,0.015361519736614987,0.00073080930698682,52590.8,1.0
IC50,ours_ablation,ours_ablation_same_split,somol_robust_blend_global,macro_target,5,0.22954233361570409,0.008880674932233002,0.3121045545521973,0.010080204808343204,0.0016076913393382598,52590.8,623.8
IC50,ours_ablation,ours_ablation_same_split,somol_robust_blend_global,macro_assay_pair,5,0.40197152833534827,0.009392955964325272,0.41709109759481544,0.007493177534661515,-0.00131899469480956,52590.8,13694.8
IC50,ours_ablation,ours_ablation_same_split,somol_robust_selector_bucket,micro,5,0.1879252676756915,0.01188396734035174,0.42517442752662155,0.015143861305644123,0.00214373985808888,52590.8,1.0
IC50,ours_ablation,ours_ablation_same_split,somol_robust_selector_bucket,macro_target,5,0.2271417331458267,0.009735900464272309,0.31284127122845773,0.010692082688544324,0.00301680994818236,52590.8,623.8
IC50,ours_ablation,ours_ablation_same_split,somol_robust_selector_bucket,macro_assay_pair,5,0.40021686853322924,0.008908482012790275,0.41599752069513557,0.007764489431336863,-0.0009542306296825801,52590.8,13694.8
IC50,ours_ablation,ours_ablation_same_split,somol_robust_selector_global,micro,5,0.18999806531382102,0.012110183825050275,0.42152543815638593,0.013761449531127436,0.00029643306477859473,52590.8,1.0
IC50,ours_ablation,ours_ablation_same_split,somol_robust_selector_global,macro_target,5,0.23020241148187054,0.008305175358772456,0.3120663546074175,0.010054573831534264,0.00092530870967554,52590.8,623.8
IC50,ours_ablation,ours_ablation_same_split,somol_robust_selector_global,macro_assay_pair,5,0.4009693696674619,0.00923767371468211,0.4159644532868958,0.007754992827995677,-0.00176984753040764,52590.8,13694.8
IC50,ours_ablation,ours_ablation_same_split,somol_stack_macro_assay_pair,micro,5,0.1901977332653257,0.01222759792453056,0.4210071002432951,0.014324902741629226,0.00016319885927456,52590.8,1.0
IC50,ours_ablation,ours_ablation_same_split,somol_stack_macro_assay_pair,macro_target,5,0.23058897867186284,0.008433698199597075,0.31247808589604026,0.00995204787099678,0.0009625134213428199,52590.8,623.8
IC50,ours_ablation,ours_ablation_same_split,somol_stack_macro_assay_pair,macro_assay_pair,5,0.40128460342779837,0.009656910618496375,0.4162647299052348,0.00818006681188298,-0.00219985772432184,52590.8,13694.8
IC50,ours_ablation,ours_ablation_same_split,somol_stack_macro_target,micro,5,0.19100517836116696,0.012756366554295606,0.42484021752301293,0.016884982141180876,0.0007873758681274984,52590.8,1.0
IC50,ours_ablation,ours_ablation_same_split,somol_stack_macro_target,macro_target,5,0.23066862290479953,0.007778034606887685,0.3128133737685018,0.010360301643120112,0.0006474996658160601,52590.8,623.8
IC50,ours_ablation,ours_ablation_same_split,somol_stack_macro_target,macro_assay_pair,5,0.40431474508745235,0.013960562554155537,0.4193375743665329,0.012442266379295908,0.0005805089724595401,52590.8,13694.8
IC50,support_shrinkage,ours_rerun_same_split,support_gated_val_micro,micro,5,0.19628180051924196,0.014565933420711838,0.4387867954801112,0.0223154043819367,-0.00216489831297134,52590.8,1.0
IC50,support_shrinkage,ours_rerun_same_split,support_gated_val_micro,macro_target,5,0.2368950618810958,0.008779030770613233,0.3223734149896999,0.01004285499265955,0.00239402942792198,52590.8,623.8
IC50,support_shrinkage,ours_rerun_same_split,support_gated_val_micro,macro_assay_pair,5,0.42123186529594536,0.014108857100301448,0.43619965874359706,0.0121960795617634,-0.012601764803128978,52590.8,13694.8
KD,classic,ours_rerun_same_split,assay_mean,micro,5,0.5887692618879198,0.01563016875914527,0.7604603858385643,0.02392446312596067,0.00018474028225123895,1588.4,1.0
KD,classic,ours_rerun_same_split,assay_mean,macro_assay_pair,5,0.6923404374967906,0.0213860844788224,0.7512203091292358,0.017433593859702032,0.03620768487403324,1588.4,358.0
KD,classic,ours_rerun_same_split,assay_mean,macro_target,5,0.7847508370675552,0.027067720933896925,0.8859852092551395,0.0383288341565312,0.0784875293486441,1588.4,40.4
KD,classic,ours_rerun_same_split,identity,macro_target,5,1.0111111684707736,0.03192257010568926,1.153842713735725,0.0301563693811358,0.0,1588.4,40.4
KD,classic,ours_rerun_same_split,identity,micro,5,1.1679920376222417,0.051028912747547506,1.7332357738431068,0.048807497241344304,0.0,1588.4,1.0
KD,classic,ours_rerun_same_split,identity,macro_assay_pair,5,1.1959300880819081,0.0860682740272017,1.2229510266191637,0.08446592263481092,0.0,1588.4,358.0
KD,classic,ours_rerun_same_split,identity_bias,micro,5,0.2578304632665828,0.01306682223192207,0.459505462283874,0.03088154066161215,-4.525751641740036e-18,1588.4,1.0
KD,classic,ours_rerun_same_split,identity_bias,macro_assay_pair,5,0.3526208996134344,0.013954534668279697,0.38218137231004967,0.015650214813737517,-4.285209821304596e-18,1588.4,358.0
KD,classic,ours_rerun_same_split,identity_bias,macro_target,5,0.3708515338164743,0.024605642176439898,0.44419782494315496,0.02685417818935218,-6.98175665702515e-19,1588.4,40.4
KD,classic,ours_rerun_same_split,pair_affine,micro,5,0.2465290259890099,0.007534673807756663,0.4497227479621313,0.00833677740474003,0.01170837655203166,1588.4,1.0
KD,classic,ours_rerun_same_split,pair_affine,macro_assay_pair,5,0.40117787401926774,0.027320355317285168,0.4329794604850698,0.02537211480226012,0.05335904584601194,1588.4,358.0
KD,classic,ours_rerun_same_split,pair_affine,macro_target,5,0.5021026432823794,0.03183827432190673,0.5984505801289082,0.03262661033806763,0.09124661042629947,1588.4,40.4
KD,classic,ours_rerun_same_split,pair_affine_bias_fallback,micro,5,0.22926555565256052,0.006758925432089574,0.4208753063285372,0.019206494510322268,-0.00553407549561912,1588.4,1.0
KD,classic,ours_rerun_same_split,pair_affine_bias_fallback,macro_assay_pair,5,0.32993664769521425,0.022774964914039977,0.3617872703286613,0.020855716032224515,-0.02071739934110986,1588.4,358.0
KD,classic,ours_rerun_same_split,pair_affine_bias_fallback,macro_target,5,0.3466712092750245,0.020641482802350432,0.42555890955822545,0.02529189477746487,-0.00410159298596608,1588.4,40.4
KD,classic,ours_rerun_same_split,pair_affine_shrink_k10,micro,5,0.23234432618714007,0.007990176700820792,0.4225317149644584,0.020796791115889588,-0.0030662790145225003,1588.4,1.0
KD,classic,ours_rerun_same_split,pair_affine_shrink_k10,macro_assay_pair,5,0.32803725524665744,0.006746558601211399,0.3576117810050188,0.006056776241349804,-0.010657581941647402,1588.4,358.0
KD,classic,ours_rerun_same_split,pair_affine_shrink_k10,macro_target,5,0.342490152935998,0.022782481618307385,0.41625047909336654,0.02724667000761914,-0.00227402482598408,1588.4,40.4
KD,classic,ours_rerun_same_split,pair_isotonic,micro,5,0.2530626284540715,0.011148334912101683,0.467646409173995,0.01172944409733366,0.010696493874477481,1588.4,1.0
KD,classic,ours_rerun_same_split,pair_isotonic,macro_assay_pair,5,0.41068107143206223,0.0323132308587442,0.45094640250212104,0.030363082466388542,0.05146192751676324,1588.4,358.0
KD,classic,ours_rerun_same_split,pair_isotonic,macro_target,5,0.5053202271328998,0.03326000229088222,0.6101517371942321,0.029242231232233695,0.0895986932391166,1588.4,40.4
KD,classic,ours_rerun_same_split,target_pair_affine,micro,5,0.2465290259890099,0.007534673807756663,0.4497227479621313,0.00833677740474003,0.01170837655203166,1588.4,1.0
KD,classic,ours_rerun_same_split,target_pair_affine,macro_assay_pair,5,0.40117787401926774,0.027320355317285168,0.4329794604850698,0.02537211480226012,0.05335904584601194,1588.4,358.0
KD,classic,ours_rerun_same_split,target_pair_affine,macro_target,5,0.5021026432823794,0.03183827432190673,0.5984505801289082,0.03262661033806763,0.09124661042629947,1588.4,40.4
KD,direct_competitor,ours_rerun_same_split,calibration_grid_global,micro,5,0.23636676373680596,0.010264340759455178,0.4352122819871081,0.008502880718919824,0.0026155309249140195,1588.4,1.0
KD,direct_competitor,ours_rerun_same_split,calibration_grid_global,macro_assay_pair,5,0.35773253227455215,0.03524807667539374,0.38854327451865217,0.03195335922166998,0.01684589408767196,1588.4,358.0
KD,direct_competitor,ours_rerun_same_split,calibration_grid_global,macro_target,5,0.36446769231643483,0.032238465021403526,0.44391801483490606,0.03338446067497105,0.01850195942161276,1588.4,40.4
KD,direct_competitor,ours_rerun_same_split,calibration_grid_selector,micro,5,0.2370314717264356,0.011338240586026867,0.4369859066280072,0.013939851767434093,0.0027754822610805,1588.4,1.0
KD,direct_competitor,ours_rerun_same_split,calibration_grid_selector,macro_assay_pair,5,0.3592285085070686,0.03471750859998599,0.38991741642772715,0.031749150409134674,0.019280671257597665,1588.4,358.0
KD,direct_competitor,ours_rerun_same_split,calibration_grid_selector,macro_target,5,0.3778502561445678,0.03550894072106098,0.4594593846565986,0.03778561035871335,0.012846690879948622,1588.4,40.4
KD,direct_competitor,ours_rerun_same_split,calibration_grid_selector_macro_assay_pair,micro,5,0.23716326473034108,0.011735484513056758,0.4363352774297917,0.015229078964662985,0.0030725731635591396,1588.4,1.0
KD,direct_competitor,ours_rerun_same_split,calibration_grid_selector_macro_assay_pair,macro_assay_pair,5,0.3569356070031596,0.035705295160678364,0.3874984448294764,0.03312192439967711,0.022005053094669342,1588.4,358.0
KD,direct_competitor,ours_rerun_same_split,calibration_grid_selector_macro_assay_pair,macro_target,5,0.3743933798230984,0.03472199183407602,0.455617122267636,0.0360626439661975,0.01397669037915096,1588.4,40.4
KD,direct_competitor,ours_rerun_same_split,calibration_grid_selector_macro_target,micro,5,0.2376586708748675,0.011369489228255411,0.4368406077980721,0.016404090773354727,0.0056279827873308794,1588.4,1.0
KD,direct_competitor,ours_rerun_same_split,calibration_grid_selector_macro_target,macro_assay_pair,5,0.35698141848324155,0.03307598729403085,0.3873136237280233,0.030934589487024093,0.02653539368665202,1588.4,358.0
KD,direct_competitor,ours_rerun_same_split,calibration_grid_selector_macro_target,macro_target,5,0.3729985072158258,0.036240595488763974,0.4530888886632568,0.03562031712468144,0.01409002359552156,1588.4,40.4
KD,direct_competitor,ours_rerun_same_split,calibration_grid_selector_micro,micro,5,0.2370314717264356,0.011338240586026867,0.4369859066280072,0.013939851767434093,0.0027754822610805,1588.4,1.0
KD,direct_competitor,ours_rerun_same_split,calibration_grid_selector_micro,macro_assay_pair,5,0.3592285085070686,0.03471750859998599,0.38991741642772715,0.031749150409134674,0.019280671257597665,1588.4,358.0
KD,direct_competitor,ours_rerun_same_split,calibration_grid_selector_micro,macro_target,5,0.3778502561445678,0.03550894072106098,0.4594593846565986,0.03778561035871335,0.012846690879948622,1588.4,40.4
KD,method_comparison,ours_rerun_same_split,deming_bias_fallback,micro,5,0.3185015097534585,0.08822374324262415,1.346753215892596,1.3411705452607654,0.04129510545923286,1588.4,1.0
KD,method_comparison,ours_rerun_same_split,deming_bias_fallback,macro_assay_pair,5,0.4461306931763941,0.0710085268708462,0.4944793107178305,0.08427739176997803,0.007645658223933783,1588.4,358.0
KD,method_comparison,ours_rerun_same_split,deming_bias_fallback,macro_target,5,0.6085796002220935,0.22959017419444,0.8641087935739952,0.40723947697236074,0.0957996017953776,1588.4,40.4
KD,method_comparison,ours_rerun_same_split,odr_tls_bias_fallback,micro,5,0.3185015097534584,0.08822374324262418,1.346753215892596,1.3411705452607652,0.04129510545923284,1588.4,1.0
KD,method_comparison,ours_rerun_same_split,odr_tls_bias_fallback,macro_assay_pair,5,0.4461306931763941,0.07100852687084622,0.4944793107178304,0.08427739176997798,0.00764565822393376,1588.4,358.0
KD,method_comparison,ours_rerun_same_split,odr_tls_bias_fallback,macro_target,5,0.6085796002220935,0.22959017419444003,0.8641087935739952,0.40723947697236074,0.09579960179537764,1588.4,40.4
KD,method_comparison,ours_rerun_same_split,robust_trimmed_bias_fallback,micro,5,0.22689128112906726,0.0064667440491572034,0.4373154288229039,0.021936784692192356,-0.0013781594961909001,1588.4,1.0
KD,method_comparison,ours_rerun_same_split,robust_trimmed_bias_fallback,macro_assay_pair,5,0.32514506224303114,0.029624774838024545,0.36349497224563554,0.026974936377816755,-0.01583085235162502,1588.4,358.0
KD,method_comparison,ours_rerun_same_split,robust_trimmed_bias_fallback,macro_target,5,0.3530578646493294,0.05426121357541963,0.4455822576300023,0.059922549107338664,-0.010902151026018339,1588.4,40.4
KD,modern_assay_context,ours_rerun_same_split_surrogate,assay_context_knn_affine_k1,macro_target,5,1.4916998319880403,0.23165968156748984,1.8268150794255853,0.3816982952529245,-0.14476798558378817,1588.4,40.4
KD,modern_assay_context,ours_rerun_same_split_surrogate,assay_context_knn_affine_k1,micro,5,1.7060436088512474,0.16492186373809667,3.0515592159860727,0.9077744321551321,-0.08362768474837619,1588.4,1.0
KD,modern_assay_context,ours_rerun_same_split_surrogate,assay_context_knn_affine_k1,macro_assay_pair,5,1.860364112943427,0.1406120914397625,1.8903246193014618,0.1436984725020901,-0.11054040086632737,1588.4,358.0
KD,modern_assay_context,ours_rerun_same_split_surrogate,assay_context_knn_affine_k20,micro,5,0.7281502623347408,0.03963909153892011,1.0317513176877893,0.05847241420523287,0.0037622026394805385,1588.4,1.0
KD,modern_assay_context,ours_rerun_same_split_surrogate,assay_context_knn_affine_k20,macro_target,5,0.7715094073776732,0.041655908900834884,0.9005519847019988,0.04124640818675095,0.08003838347298073,1588.4,40.4
KD,modern_assay_context,ours_rerun_same_split_surrogate,assay_context_knn_affine_k20,macro_assay_pair,5,0.8438215924556086,0.059740360923527774,0.8759240944948893,0.059356810083803044,0.01303867879543664,1588.4,358.0
KD,modern_assay_context,ours_rerun_same_split_surrogate,assay_context_knn_affine_k5,micro,5,0.813485760982546,0.07563996882058122,1.1865212165319536,0.16526668210705203,0.034772017394989495,1588.4,1.0
KD,modern_assay_context,ours_rerun_same_split_surrogate,assay_context_knn_affine_k5,macro_target,5,0.8308820789398366,0.07810615327697672,0.9670206899452809,0.08436533789482904,-0.03122071739857992,1588.4,40.4
KD,modern_assay_context,ours_rerun_same_split_surrogate,assay_context_knn_affine_k5,macro_assay_pair,5,0.9514526219313375,0.07132195221020653,0.9842832979484912,0.07281947487259256,-0.048343021311883824,1588.4,358.0
KD,modern_assay_context,ours_rerun_same_split_surrogate,assay_context_knn_delta_k1,macro_target,5,1.366683673506865,0.0745281679184073,1.6442466029984462,0.08468443588470832,0.01134889104432502,1588.4,40.4
KD,modern_assay_context,ours_rerun_same_split_surrogate,assay_context_knn_delta_k1,micro,5,1.7286656697421214,0.1212746382482812,2.7904271171349775,0.10843224907520765,0.00690936113978672,1588.4,1.0
KD,modern_assay_context,ours_rerun_same_split_surrogate,assay_context_knn_delta_k1,macro_assay_pair,5,1.862917628174414,0.09887040384625727,1.8889362281088364,0.10001951719975184,0.00304203913797466,1588.4,358.0
KD,modern_assay_context,ours_rerun_same_split_surrogate,assay_context_knn_delta_k20,macro_target,5,0.6931585226820216,0.02855002905511074,0.8141646160523898,0.02475399151205638,7.339220230185511e-05,1588.4,40.4
KD,modern_assay_context,ours_rerun_same_split_surrogate,assay_context_knn_delta_k20,micro,5,0.7161258532067456,0.022603961428868082,1.0826112704314228,0.04616838804987397,4.271538177928387e-05,1588.4,1.0
KD,modern_assay_context,ours_rerun_same_split_surrogate,assay_context_knn_delta_k20,macro_assay_pair,5,0.8438994175353237,0.034898339435555883,0.8737613735818387,0.034168564549830006,3.871824392437046e-05,1588.4,358.0
KD,modern_assay_context,ours_rerun_same_split_surrogate,assay_context_knn_delta_k5,macro_target,5,0.75430831202136,0.026366456730496472,0.8726008312232985,0.030035931155112522,-0.00205256693489442,1588.4,40.4
KD,modern_assay_context,ours_rerun_same_split_surrogate,assay_context_knn_delta_k5,micro,5,0.7740798990806509,0.025635509138762815,1.1531975745620013,0.05596277444364881,0.00068435575787462,1588.4,1.0
KD,modern_assay_context,ours_rerun_same_split_surrogate,assay_context_knn_delta_k5,macro_assay_pair,5,0.9464026525892523,0.05179008304238101,0.9774451055829511,0.053038510921685086,-0.00075747251946958,1588.4,358.0
KD,modern_assay_context,ours_rerun_same_split_surrogate,assay_context_pair_or_knn_k1,micro,5,0.260273460292885,0.02607831573308779,0.4934487777234084,0.05297753593220279,-0.0062195622736788995,1588.4,1.0
KD,modern_assay_context,ours_rerun_same_split_surrogate,assay_context_pair_or_knn_k1,macro_target,5,0.4476029846306675,0.0878398113918886,0.5484507203364452,0.08847817736751139,-0.004656891158834481,1588.4,40.4
KD,modern_assay_context,ours_rerun_same_split_surrogate,assay_context_pair_or_knn_k1,macro_assay_pair,5,0.4590127522753823,0.08628542596737171,0.49096762577527675,0.08598046660226663,-0.024997559891415642,1588.4,358.0
KD,modern_assay_context,ours_rerun_same_split_surrogate,assay_context_pair_or_knn_k20,micro,5,0.23384057238623318,0.010743888235024035,0.4195088736150363,0.019759230114467227,-0.0022168220500457404,1588.4,1.0
KD,modern_assay_context,ours_rerun_same_split_surrogate,assay_context_pair_or_knn_k20,macro_assay_pair,5,0.3504585376115745,0.03534351011174744,0.3822644598184495,0.03391838230366505,-0.00481681070314498,1588.4,358.0
KD,modern_assay_context,ours_rerun_same_split_surrogate,assay_context_pair_or_knn_k20,macro_target,5,0.38870366483083996,0.048482378188831624,0.4740194323163286,0.05244835659025343,0.0169983997292074,1588.4,40.4
KD,modern_assay_context,ours_rerun_same_split_surrogate,assay_context_pair_or_knn_k5,micro,5,0.2346864557045615,0.011687688187348276,0.42306886928503573,0.027082092739554593,-0.00535019225253192,1588.4,1.0
KD,modern_assay_context,ours_rerun_same_split_surrogate,assay_context_pair_or_knn_k5,macro_assay_pair,5,0.3548741568067477,0.03726294771886323,0.3867504922847538,0.036293397928631815,-0.01865341839251528,1588.4,358.0
KD,modern_assay_context,ours_rerun_same_split_surrogate,assay_context_pair_or_knn_k5,macro_target,5,0.4046159229564886,0.04377540985938498,0.48902075738186523,0.050766097651845435,0.0088076540258347,1588.4,40.4
KD,modern_assay_context,ours_rerun_same_split_surrogate,assay_context_pair_or_ridge,micro,5,0.24702856958109992,0.01848399197442776,0.4561336969326324,0.036580111346333856,-0.00553399531950792,1588.4,1.0
KD,modern_assay_context,ours_rerun_same_split_surrogate,assay_context_pair_or_ridge,macro_target,5,0.3695125183815513,0.017106184140118955,0.45003291632688136,0.02192025030283508,-0.00410089181531288,1588.4,40.4
KD,modern_assay_context,ours_rerun_same_split_surrogate,assay_context_pair_or_ridge,macro_assay_pair,5,0.4059814614915399,0.06809393335358278,0.4378160062868952,0.06717141836056537,-0.02071706681702738,1588.4,358.0
KD,modern_assay_context,ours_rerun_same_split_surrogate,assay_context_ridge_delta,micro,5,0.3125577529677602,0.02174194743393714,0.5261775348608978,0.050161333056561966,7.46304928874847e-07,1588.4,1.0
KD,modern_assay_context,ours_rerun_same_split_surrogate,assay_context_ridge_delta,macro_target,5,0.44269289524289646,0.01959837663877584,0.5168075342525996,0.02191435125756142,3.7141275621727047e-07,1588.4,40.4
KD,modern_assay_context,ours_rerun_same_split_surrogate,assay_context_ridge_delta,macro_assay_pair,5,0.47977457101928617,0.07620914357707184,0.5124888912758973,0.07576269449603211,2.0604256399159388e-07,1588.4,358.0
KD,ours,ours_main_same_split,gauge_calibration_selector,micro,5,0.23484763925025284,0.011954239447300223,0.4305816072445676,0.01429210672305923,0.004341309033789939,1588.4,1.0
KD,ours,ours_main_same_split,gauge_calibration_selector,macro_assay_pair,5,0.350680301165575,0.041735505486430555,0.3817150827908274,0.03875624198798655,0.024772699279514483,1588.4,358.0
KD,ours,ours_main_same_split,gauge_calibration_selector,macro_target,5,0.37010192139695175,0.03299891001005027,0.44804248457086066,0.03318491068807354,0.014275462941184619,1588.4,40.4
KD,ours,ours_main_same_split,gauge_calibration_selector_micro,micro,5,0.23484763925025284,0.011954239447300223,0.4305816072445676,0.01429210672305923,0.004341309033789939,1588.4,1.0
KD,ours,ours_main_same_split,gauge_calibration_selector_micro,macro_assay_pair,5,0.350680301165575,0.041735505486430555,0.3817150827908274,0.03875624198798655,0.024772699279514483,1588.4,358.0
KD,ours,ours_main_same_split,gauge_calibration_selector_micro,macro_target,5,0.37010192139695175,0.03299891001005027,0.44804248457086066,0.03318491068807354,0.014275462941184619,1588.4,40.4
KD,ours,ours_main_same_split,somol_gauge_graph_blend,micro,5,0.23079979031311665,0.008347862481043642,0.4187034921481453,0.016534127561642124,-9.124292397330079e-05,1588.4,1.0
KD,ours,ours_main_same_split,somol_gauge_graph_blend,macro_assay_pair,5,0.33373467050060024,0.016697415859184994,0.3644836551198973,0.016368895870023856,0.00923679537373602,1588.4,358.0
KD,ours,ours_main_same_split,somol_gauge_graph_blend,macro_target,5,0.3692403749551042,0.03410898453910026,0.44645232848278515,0.03670681540315719,0.013383508622935941,1588.4,40.4
KD,ours,ours_main_same_split,somol_gauge_graph_blend_micro,micro,5,0.23079979031311665,0.008347862481043642,0.4187034921481453,0.016534127561642124,-9.124292397330079e-05,1588.4,1.0
KD,ours,ours_main_same_split,somol_gauge_graph_blend_micro,macro_assay_pair,5,0.33373467050060024,0.016697415859184994,0.3644836551198973,0.016368895870023856,0.00923679537373602,1588.4,358.0
KD,ours,ours_main_same_split,somol_gauge_graph_blend_micro,macro_target,5,0.3692403749551042,0.03410898453910026,0.44645232848278515,0.03670681540315719,0.013383508622935941,1588.4,40.4
KD,ours,ours_main_same_split,somol_guarded_stack,micro,5,0.22867570081857042,0.005900702844755606,0.4139689495813815,0.015041458446670024,-0.0019346674604250997,1588.4,1.0
KD,ours,ours_main_same_split,somol_guarded_stack,macro_assay_pair,5,0.32573266692921393,0.009763242801659935,0.3566176176225272,0.007462593329729024,0.0007739841945318199,1588.4,358.0
KD,ours,ours_main_same_split,somol_guarded_stack,macro_target,5,0.355721214177087,0.015072342150066474,0.43187691017829327,0.01929324607355173,0.00429975609954228,1588.4,40.4
KD,ours,ours_main_same_split,somol_guarded_stack_micro,micro,5,0.22867570081857042,0.005900702844755606,0.4139689495813815,0.015041458446670024,-0.0019346674604250997,1588.4,1.0
KD,ours,ours_main_same_split,somol_guarded_stack_micro,macro_assay_pair,5,0.32573266692921393,0.009763242801659935,0.3566176176225272,0.007462593329729024,0.0007739841945318199,1588.4,358.0
KD,ours,ours_main_same_split,somol_guarded_stack_micro,macro_target,5,0.355721214177087,0.015072342150066474,0.43187691017829327,0.01929324607355173,0.00429975609954228,1588.4,40.4
KD,ours,ours_main_same_split,somol_robust_blend_bucket,micro,5,0.22610612093794097,0.005168538695275221,0.419249897952252,0.018699574852247342,-0.0004922060874040198,1588.4,1.0
KD,ours,ours_main_same_split,somol_robust_blend_bucket,macro_assay_pair,5,0.3223258128381681,0.013608793758777597,0.3566861267247442,0.009860874264492675,0.000853972567653781,1588.4,358.0
KD,ours,ours_main_same_split,somol_robust_blend_bucket,macro_target,5,0.35127876092091004,0.01640621558642325,0.43326296926682595,0.019945168417714768,0.005933109006830679,1588.4,40.4
KD,ours,ours_main_same_split,somol_stack,micro,5,0.23061156708837083,0.008531978367822208,0.41875789298566063,0.016595908950116096,-0.00017197618423421987,1588.4,1.0
KD,ours,ours_main_same_split,somol_stack,macro_assay_pair,5,0.3327150955116025,0.017191452024009256,0.3633830308899435,0.01687443073614906,0.009104305726441341,1588.4,358.0
KD,ours,ours_main_same_split,somol_stack,macro_target,5,0.3687610354331231,0.0341494224896408,0.44623060702685446,0.03667610374906207,0.01319470938581912,1588.4,40.4
KD,ours,ours_main_same_split,somol_stack_micro,micro,5,0.23061156708837083,0.008531978367822208,0.41875789298566063,0.016595908950116096,-0.00017197618423421987,1588.4,1.0
KD,ours,ours_main_same_split,somol_stack_micro,macro_assay_pair,5,0.3327150955116025,0.017191452024009256,0.3633830308899435,0.01687443073614906,0.009104305726441341,1588.4,358.0
KD,ours,ours_main_same_split,somol_stack_micro,macro_target,5,0.3687610354331231,0.0341494224896408,0.44623060702685446,0.03667610374906207,0.01319470938581912,1588.4,40.4
KD,ours_ablation,ours_ablation_same_split,gauge_calibration_selector_macro_assay_pair,micro,5,0.2353090357628203,0.012586693977212631,0.4304578583260996,0.01629462456882942,0.004213166095778459,1588.4,1.0
KD,ours_ablation,ours_ablation_same_split,gauge_calibration_selector_macro_assay_pair,macro_assay_pair,5,0.3495967717741376,0.0421141991939734,0.3805716014962268,0.03943212918118746,0.02593724952405496,1588.4,358.0
KD,ours_ablation,ours_ablation_same_split,gauge_calibration_selector_macro_assay_pair,macro_target,5,0.36919662121398067,0.033700488201171504,0.4472809522282571,0.033481837648100504,0.014089564282864597,1588.4,40.4
KD,ours_ablation,ours_ablation_same_split,gauge_calibration_selector_macro_target,micro,5,0.23583970424169576,0.012124323724475411,0.4316508877229463,0.01760725518091418,0.006255760466144579,1588.4,1.0
KD,ours_ablation,ours_ablation_same_split,gauge_calibration_selector_macro_target,macro_assay_pair,5,0.349368589697265,0.039775265841087204,0.3800860270436424,0.0374774122322026,0.028603932218852757,1588.4,358.0
KD,ours_ablation,ours_ablation_same_split,gauge_calibration_selector_macro_target,macro_target,5,0.37019399806866715,0.036622928010912006,0.4479585498172522,0.03483260388594016,0.015132199918408982,1588.4,40.4
KD,ours_ablation,ours_ablation_same_split,graph_gauge_calibration_selector,micro,5,0.23220506681242262,0.0098716250790232,0.4207656899698069,0.019368686546137166,-0.0012027944559041604,1588.4,1.0
KD,ours_ablation,ours_ablation_same_split,graph_gauge_calibration_selector,macro_assay_pair,5,0.33561477804324136,0.018726825121453003,0.36615524825986395,0.017832836833282555,0.00577121330950854,1588.4,358.0
KD,ours_ablation,ours_ablation_same_split,graph_gauge_calibration_selector,macro_target,5,0.3692795169951769,0.03504914734731217,0.4472820053167199,0.03827825460428174,0.01404019881944848,1588.4,40.4
KD,ours_ablation,ours_ablation_same_split,graph_gauge_calibration_selector_macro_assay_pair,micro,5,0.23550458326340631,0.013332424491137276,0.432341622442716,0.014317151944500724,0.003937214580279601,1588.4,1.0
KD,ours_ablation,ours_ablation_same_split,graph_gauge_calibration_selector_macro_assay_pair,macro_assay_pair,5,0.35148935409459037,0.044994220311904795,0.3822462796185662,0.04212661126318038,0.025888542565177076,1588.4,358.0
KD,ours_ablation,ours_ablation_same_split,graph_gauge_calibration_selector_macro_assay_pair,macro_target,5,0.37242604606903085,0.031133850662959133,0.45277728011353957,0.03310929862757848,0.01552095105255528,1588.4,40.4
KD,ours_ablation,ours_ablation_same_split,graph_gauge_calibration_selector_macro_target,micro,5,0.23220506681242262,0.0098716250790232,0.4207656899698069,0.019368686546137166,-0.0012027944559041604,1588.4,1.0
KD,ours_ablation,ours_ablation_same_split,graph_gauge_calibration_selector_macro_target,macro_assay_pair,5,0.33561477804324136,0.018726825121453003,0.36615524825986395,0.017832836833282555,0.00577121330950854,1588.4,358.0
KD,ours_ablation,ours_ablation_same_split,graph_gauge_calibration_selector_macro_target,macro_target,5,0.3692795169951769,0.03504914734731217,0.4472820053167199,0.03827825460428174,0.01404019881944848,1588.4,40.4
KD,ours_ablation,ours_ablation_same_split,graph_gauge_calibration_selector_micro,micro,5,0.23522289051873296,0.013623913073182952,0.4323185102608857,0.014365994677298589,0.004025863299195601,1588.4,1.0
KD,ours_ablation,ours_ablation_same_split,graph_gauge_calibration_selector_micro,macro_assay_pair,5,0.3513245342050957,0.044955916028874235,0.3822146879282785,0.04206160103373679,0.02606691880551168,1588.4,358.0
KD,ours_ablation,ours_ablation_same_split,graph_gauge_calibration_selector_micro,macro_target,5,0.37225275830666726,0.031285815853702645,0.45288107081868156,0.03310614756918778,0.01616070592136928,1588.4,40.4
KD,ours_ablation,ours_ablation_same_split,somol_gauge_graph_blend_macro_assay_pair,micro,5,0.23136174671545176,0.008804735828075668,0.4197402744271099,0.0169749293289384,-6.1023023891399604e-06,1588.4,1.0
KD,ours_ablation,ours_ablation_same_split,somol_gauge_graph_blend_macro_assay_pair,macro_assay_pair,5,0.33451661292375995,0.018209743216905418,0.3650805819548927,0.017518734610346698,0.009449324677302102,1588.4,358.0
KD,ours_ablation,ours_ablation_same_split,somol_gauge_graph_blend_macro_assay_pair,macro_target,5,0.36950906770340697,0.03511307279872008,0.4471871260148256,0.038318518019541524,0.013950880443208621,1588.4,40.4
KD,ours_ablation,ours_ablation_same_split,somol_gauge_graph_blend_macro_target,micro,5,0.23216891042214666,0.009471630655998483,0.42104395148425783,0.018812404289818986,-0.0014279481508175204,1588.4,1.0
KD,ours_ablation,ours_ablation_same_split,somol_gauge_graph_blend_macro_target,macro_assay_pair,5,0.33594160448937577,0.01844106827640119,0.366537376206873,0.017471396613319742,0.0049453175234785585,1588.4,358.0
KD,ours_ablation,ours_ablation_same_split,somol_gauge_graph_blend_macro_target,macro_target,5,0.36926827032662735,0.034490534915858705,0.44717989655880847,0.037554411512952905,0.013710620478258639,1588.4,40.4
KD,ours_ablation,ours_ablation_same_split,somol_guarded_stack_macro_assay_pair,micro,5,0.22986658738842877,0.007127147386793192,0.4162958916419349,0.014971323782104648,-0.0005465247658982206,1588.4,1.0
KD,ours_ablation,ours_ablation_same_split,somol_guarded_stack_macro_assay_pair,macro_assay_pair,5,0.3280361609363275,0.012734735423602372,0.35864484705808447,0.010392840712597717,0.007206773216820879,1588.4,358.0
KD,ours_ablation,ours_ablation_same_split,somol_guarded_stack_macro_assay_pair,macro_target,5,0.35892046214023715,0.018950955301469685,0.43582566759156177,0.022166063388313135,0.006450379580093821,1588.4,40.4
KD,ours_ablation,ours_ablation_same_split,somol_guarded_stack_macro_target,micro,5,0.23142972174254237,0.008420469496223963,0.4189118931337169,0.018144736160951774,-0.00203883472332382,1588.4,1.0
KD,ours_ablation,ours_ablation_same_split,somol_guarded_stack_macro_target,macro_assay_pair,5,0.3337246659963319,0.013925003782307589,0.36434422859649834,0.012571741978385623,0.0024537358049384985,1588.4,358.0
KD,ours_ablation,ours_ablation_same_split,somol_guarded_stack_macro_target,macro_target,5,0.36615936950613104,0.025555379308233678,0.4436984372833506,0.02883361079777314,0.010394658102502022,1588.4,40.4
KD,ours_ablation,ours_ablation_same_split,somol_robust_blend_global,micro,5,0.22590103614016604,0.005096824341388059,0.41533599335204485,0.017674473624593283,-0.00236832590803436,1588.4,1.0
KD,ours_ablation,ours_ablation_same_split,somol_robust_blend_global,macro_assay_pair,5,0.31809235520426193,0.018578133232491897,0.3510464430330299,0.013402706197151289,-0.0027650663886431195,1588.4,358.0
KD,ours_ablation,ours_ablation_same_split,somol_robust_blend_global,macro_target,5,0.33948901701404427,0.01955313408117717,0.41940185830814264,0.02023012767929697,0.00033750013305333985,1588.4,40.4
KD,ours_ablation,ours_ablation_same_split,somol_robust_selector_bucket,micro,5,0.2273200221139681,0.004887972009309223,0.42101501351263276,0.021169695100930176,-0.0002675331225096201,1588.4,1.0
KD,ours_ablation,ours_ablation_same_split,somol_robust_selector_bucket,macro_assay_pair,5,0.3232440288328844,0.010935086786923726,0.3577951094470742,0.006437723468978076,0.0021383061050566994,1588.4,358.0
KD,ours_ablation,ours_ablation_same_split,somol_robust_selector_bucket,macro_target,5,0.35304637771159797,0.016467006205579816,0.43489457314224084,0.021323214081341094,0.005065999788692639,1588.4,40.4
KD,ours_ablation,ours_ablation_same_split,somol_robust_selector_global,micro,5,0.22778361578342832,0.006058202434818683,0.42116652740893185,0.02373598823514711,-0.0024768605140862996,1588.4,1.0
KD,ours_ablation,ours_ablation_same_split,somol_robust_selector_global,macro_assay_pair,5,0.3210684837818064,0.02060047539111048,0.35465834155590015,0.01527290415459627,-0.0030512636079572594,1588.4,358.0
KD,ours_ablation,ours_ablation_same_split,somol_robust_selector_global,macro_target,5,0.34066479101319913,0.02497508134643778,0.4221740709356953,0.02370682158854227,-0.00423631591989528,1588.4,40.4
KD,ours_ablation,ours_ablation_same_split,somol_stack_macro_assay_pair,micro,5,0.2314140724779199,0.009029158513485508,0.42018522851284723,0.016835370753124572,0.0005485054221865597,1588.4,1.0
KD,ours_ablation,ours_ablation_same_split,somol_stack_macro_assay_pair,macro_assay_pair,5,0.33378628335317895,0.01875392574725428,0.3642128590130437,0.018039550942899083,0.01189423201808266,1588.4,358.0
KD,ours_ablation,ours_ablation_same_split,somol_stack_macro_assay_pair,macro_target,5,0.3687378725285845,0.035545917020829675,0.44663331863186373,0.03874711970991117,0.01423087693274904,1588.4,40.4
KD,ours_ablation,ours_ablation_same_split,somol_stack_macro_target,micro,5,0.23194957229831115,0.009433212661643514,0.4206071855827225,0.01862482853415448,-0.00157418919750536,1588.4,1.0
KD,ours_ablation,ours_ablation_same_split,somol_stack_macro_target,macro_assay_pair,5,0.33559292346694775,0.01886953999813917,0.36610839658248107,0.01802231951578505,0.004445996222207099,1588.4,358.0
KD,ours_ablation,ours_ablation_same_split,somol_stack_macro_target,macro_target,5,0.36988515742444683,0.034629105746646724,0.4482147117228793,0.0377758644324898,0.01418342985091608,1588.4,40.4
KD,support_shrinkage,ours_rerun_same_split,support_gated_val_micro,micro,5,0.24010614444835557,0.010770270664531881,0.44815299898267585,0.010823320681549738,0.003149437782839267,1588.4,1.0
KD,support_shrinkage,ours_rerun_same_split,support_gated_val_micro,macro_assay_pair,5,0.365816428836468,0.03372776523714008,0.399685514868097,0.03168387673969714,0.018715275648460445,1588.4,358.0
KD,support_shrinkage,ours_rerun_same_split,support_gated_val_micro,macro_target,5,0.38002791776624595,0.03436505282797404,0.4645088484057146,0.037907313077479125,0.01703694774749252,1588.4,40.4
KI,classic,ours_rerun_same_split,assay_mean,micro,5,0.6940675208400681,0.06874397528594013,0.8786268204271608,0.08346749631545733,-0.1823544835696369,37470.8,1.0
KI,classic,ours_rerun_same_split,assay_mean,macro_target,5,0.7121186556545981,0.018064492513119455,0.8341746226859049,0.014921710842116744,-0.037464990803750965,37470.8,195.2
KI,classic,ours_rerun_same_split,assay_mean,macro_assay_pair,5,0.7381013833535163,0.09652689017752297,0.7590273126437884,0.0947612551295086,-0.342941839093291,37470.8,21549.2
KI,classic,ours_rerun_same_split,identity,micro,5,0.2931294562841137,0.08850600108115819,1.0038827620181865,0.202199617789778,0.0,37470.8,1.0
KI,classic,ours_rerun_same_split,identity,macro_assay_pair,5,0.2943537544603788,0.1336360780367759,0.3160780814311571,0.14782932178151068,2.9235994250161458e-18,37470.8,21549.2
KI,classic,ours_rerun_same_split,identity,macro_target,5,0.36362205878854337,0.019003005593483786,0.4663039169396049,0.023679368562267575,0.0,37470.8,195.2
KI,classic,ours_rerun_same_split,identity_bias,macro_target,5,0.1787261033967361,0.014684040697893303,0.2475300612365933,0.019727145202454464,-2.5803297113148353e-18,37470.8,195.2
KI,classic,ours_rerun_same_split,identity_bias,micro,5,0.18531230432320817,0.04600748281532795,0.4894143049334171,0.07695333733099824,-5.604313340772406e-19,37470.8,1.0
KI,classic,ours_rerun_same_split,identity_bias,macro_assay_pair,5,0.20721036254502403,0.08722417257496437,0.22768682983742683,0.10007410999355246,2.00257259477445e-18,37470.8,21549.2
KI,classic,ours_rerun_same_split,pair_affine,macro_target,5,0.25998529447760665,0.01779601804766565,0.3362893740473213,0.023672050085088426,-0.045645840665270374,37470.8,195.2
KI,classic,ours_rerun_same_split,pair_affine,micro,5,0.2733056547258395,0.014798441864424368,0.531297400856943,0.06781416170335781,-0.08197183322823867,37470.8,1.0
KI,classic,ours_rerun_same_split,pair_affine,macro_assay_pair,5,0.35833386891515023,0.043106459296393014,0.3775971347022692,0.053987139261088606,-0.13620481520495148,37470.8,21549.2
KI,classic,ours_rerun_same_split,pair_affine_bias_fallback,macro_target,5,0.16706658374290168,0.019297865360295582,0.23460979021460937,0.02525702884272311,-0.0009442089104641273,37470.8,195.2
KI,classic,ours_rerun_same_split,pair_affine_bias_fallback,micro,5,0.1846570378855592,0.04280127070670096,0.48271793360011594,0.0759989953641064,0.00131705016582496,37470.8,1.0
KI,classic,ours_rerun_same_split,pair_affine_bias_fallback,macro_assay_pair,5,0.20661716215329093,0.08391003228023519,0.2259673410291036,0.0962244252234169,0.002072640765866321,37470.8,21549.2
KI,classic,ours_rerun_same_split,pair_affine_shrink_k10,macro_target,5,0.1663574091586001,0.0176040460407252,0.2325514136388389,0.022861109786367313,-0.0006839475370169401,37470.8,195.2
KI,classic,ours_rerun_same_split,pair_affine_shrink_k10,micro,5,0.18144443433564844,0.04273540221950156,0.4778181351589579,0.07555314350712654,0.00031661953260161995,37470.8,1.0
KI,classic,ours_rerun_same_split,pair_affine_shrink_k10,macro_assay_pair,5,0.20495673656904695,0.08431213750957099,0.22465343040110325,0.09690871361299579,0.0008099831233786688,37470.8,21549.2
KI,classic,ours_rerun_same_split,pair_isotonic,macro_target,5,0.2701154069770348,0.020162785072228556,0.35208105497524533,0.026411747664227877,-0.048054990814028864,37470.8,195.2
KI,classic,ours_rerun_same_split,pair_isotonic,micro,5,0.27776349598923006,0.01554155084250255,0.537373157866528,0.06609639048677805,-0.07930207661580904,37470.8,1.0
KI,classic,ours_rerun_same_split,pair_isotonic,macro_assay_pair,5,0.36004117796909874,0.04333245625379107,0.3814264351220627,0.054314281718466556,-0.13480958498805062,37470.8,21549.2
KI,classic,ours_rerun_same_split,target_pair_affine,macro_target,5,0.25998529447760665,0.01779601804766565,0.3362893740473213,0.023672050085088426,-0.045645840665270374,37470.8,195.2
KI,classic,ours_rerun_same_split,target_pair_affine,micro,5,0.2733056547258395,0.014798441864424368,0.531297400856943,0.06781416170335781,-0.08197183322823867,37470.8,1.0
KI,classic,ours_rerun_same_split,target_pair_affine,macro_assay_pair,5,0.35833386891515023,0.043106459296393014,0.3775971347022692,0.053987139261088606,-0.13620481520495148,37470.8,21549.2
KI,direct_competitor,ours_rerun_same_split,calibration_grid_global,macro_target,5,0.16815234725860326,0.020946015512556673,0.2362018274394254,0.026531875957708707,-0.0021649706034603,37470.8,195.2
KI,direct_competitor,ours_rerun_same_split,calibration_grid_global,micro,5,0.1827889417009287,0.041856613026495834,0.4799459220478163,0.0746850685744749,-0.00023329825920816006,37470.8,1.0
KI,direct_competitor,ours_rerun_same_split,calibration_grid_global,macro_assay_pair,5,0.20606366749393484,0.0853716606428768,0.22593753250528087,0.09836095618972951,0.0004332575525983999,37470.8,21549.2
KI,direct_competitor,ours_rerun_same_split,calibration_grid_selector,macro_target,5,0.17192616051901782,0.02101789680621356,0.24385816069607227,0.030008744102899602,-0.0016650727449886,37470.8,195.2
KI,direct_competitor,ours_rerun_same_split,calibration_grid_selector,micro,5,0.1832177707704918,0.04068737680033523,0.49811373057521635,0.05873127087575996,0.00044220200850044,37470.8,1.0
KI,direct_competitor,ours_rerun_same_split,calibration_grid_selector,macro_assay_pair,5,0.20910357841836932,0.07975557559123919,0.2290976574821733,0.09318433666590975,0.00165548427294996,37470.8,21549.2
KI,direct_competitor,ours_rerun_same_split,calibration_grid_selector_macro_assay_pair,macro_target,5,0.16968880254830448,0.019309989896026118,0.24185246209339817,0.027756170286904528,-0.00047028975273241994,37470.8,195.2
KI,direct_competitor,ours_rerun_same_split,calibration_grid_selector_macro_assay_pair,micro,5,0.18449814675746676,0.039262152347558615,0.4960553114664813,0.05533919208360871,0.0012071138885606412,37470.8,1.0
KI,direct_competitor,ours_rerun_same_split,calibration_grid_selector_macro_assay_pair,macro_assay_pair,5,0.20922420184660645,0.07893648066802711,0.2288081863367089,0.09197848479049352,0.0014480738046017,37470.8,21549.2
KI,direct_competitor,ours_rerun_same_split,calibration_grid_selector_macro_target,macro_target,5,0.17088044500445315,0.02130474356703253,0.24191339725705388,0.028362051207753244,-0.00024505951764006005,37470.8,195.2
KI,direct_competitor,ours_rerun_same_split,calibration_grid_selector_macro_target,micro,5,0.18814798684018466,0.04473365688888838,0.5064403048072494,0.07009486175265034,0.00078210176505032,37470.8,1.0
KI,direct_competitor,ours_rerun_same_split,calibration_grid_selector_macro_target,macro_assay_pair,5,0.21635701474490046,0.08686525955575197,0.23540541762127445,0.09918131375343753,0.00024096591968037596,37470.8,21549.2
KI,direct_competitor,ours_rerun_same_split,calibration_grid_selector_micro,macro_target,5,0.17192616051901782,0.02101789680621356,0.24385816069607227,0.030008744102899602,-0.0016650727449886,37470.8,195.2
KI,direct_competitor,ours_rerun_same_split,calibration_grid_selector_micro,micro,5,0.1832177707704918,0.04068737680033523,0.49811373057521635,0.05873127087575996,0.00044220200850044,37470.8,1.0
KI,direct_competitor,ours_rerun_same_split,calibration_grid_selector_micro,macro_assay_pair,5,0.20910357841836932,0.07975557559123919,0.2290976574821733,0.09318433666590975,0.00165548427294996,37470.8,21549.2
KI,method_comparison,ours_rerun_same_split,deming_bias_fallback,micro,5,0.21085043128521058,0.06330694920373266,0.8249767592453422,0.45759494904404874,-0.0006319041912142803,37470.8,1.0
KI,method_comparison,ours_rerun_same_split,deming_bias_fallback,macro_target,5,0.21964325188851674,0.034804210112824883,0.37645311373534435,0.11777597042551717,-0.005642622406702759,37470.8,195.2
KI,method_comparison,ours_rerun_same_split,deming_bias_fallback,macro_assay_pair,5,0.24514407502603408,0.12448101495111068,0.26801899273219193,0.1403077039654625,-0.011626926409097661,37470.8,21549.2
KI,method_comparison,ours_rerun_same_split,odr_tls_bias_fallback,micro,5,0.2108057581676821,0.06330891540614587,0.8249667321313341,0.45759950107701775,-0.0006369624917329603,37470.8,1.0
KI,method_comparison,ours_rerun_same_split,odr_tls_bias_fallback,macro_target,5,0.2194551581844773,0.03485435566870424,0.3763155764224594,0.11783838599181226,-0.005598791171360881,37470.8,195.2
KI,method_comparison,ours_rerun_same_split,odr_tls_bias_fallback,macro_assay_pair,5,0.24510674944245947,0.1244660688089861,0.2679812572762744,0.1402873923775083,-0.01161801264833936,37470.8,21549.2
KI,method_comparison,ours_rerun_same_split,robust_trimmed_bias_fallback,macro_target,5,0.16383869142896834,0.018385860068645888,0.23574525910016816,0.023652873371305283,-0.0013340476901995,37470.8,195.2
KI,method_comparison,ours_rerun_same_split,robust_trimmed_bias_fallback,micro,5,0.17268304958231243,0.04686412253186373,0.5001522469437606,0.10320223174511402,-0.00309548467385822,37470.8,1.0
KI,method_comparison,ours_rerun_same_split,robust_trimmed_bias_fallback,macro_assay_pair,5,0.20626575676280295,0.09095574441683094,0.22838860338234007,0.10446770639289088,-0.0017079302919708003,37470.8,21549.2
KI,modern_assay_context,ours_rerun_same_split_surrogate,assay_context_knn_affine_k1,micro,5,0.5636304378778584,0.07976899181159476,2.150059045584358,0.37924557307718165,-0.006725807886456539,37470.8,1.0
KI,modern_assay_context,ours_rerun_same_split_surrogate,assay_context_knn_affine_k1,macro_assay_pair,5,0.6522659283239877,0.10744767725913663,0.6749974095171358,0.12285079189599644,-0.03626882440945636,37470.8,21549.2
KI,modern_assay_context,ours_rerun_same_split_surrogate,assay_context_knn_affine_k1,macro_target,5,0.7894972908820483,0.04665671230347071,1.1969283023675905,0.1276942959572086,0.0125568566946492,37470.8,195.2
KI,modern_assay_context,ours_rerun_same_split_surrogate,assay_context_knn_affine_k20,micro,5,0.4491488799133846,0.06979674487503817,0.9892399910157496,0.11862019783514463,-0.0304798711466673,37470.8,1.0
KI,modern_assay_context,ours_rerun_same_split_surrogate,assay_context_knn_affine_k20,macro_assay_pair,5,0.48506495068986455,0.09490777424842725,0.5031668278311463,0.10579641180640875,-0.0821758884891946,37470.8,21549.2
KI,modern_assay_context,ours_rerun_same_split_surrogate,assay_context_knn_affine_k20,macro_target,5,0.6694859740702693,0.013308506422391559,0.8850430465187014,0.044330934728532195,-0.003342113151875878,37470.8,195.2
KI,modern_assay_context,ours_rerun_same_split_surrogate,assay_context_knn_affine_k5,micro,5,0.5072404129859693,0.08045919000491193,1.344300890246106,0.1464051623230021,-0.02186752034410264,37470.8,1.0
KI,modern_assay_context,ours_rerun_same_split_surrogate,assay_context_knn_affine_k5,macro_assay_pair,5,0.5603411527028986,0.10746782319121491,0.5801599981225452,0.12036162200287684,-0.07107759187032042,37470.8,21549.2
KI,modern_assay_context,ours_rerun_same_split_surrogate,assay_context_knn_affine_k5,macro_target,5,0.776137648914084,0.05016607136715786,1.1195570884113977,0.10586099777142272,-0.03184589547193208,37470.8,195.2
KI,modern_assay_context,ours_rerun_same_split_surrogate,assay_context_knn_delta_k1,micro,5,0.37399478925237783,0.07961962229007595,1.0144925984921476,0.14238524482254206,0.0004952759015665599,37470.8,1.0
KI,modern_assay_context,ours_rerun_same_split_surrogate,assay_context_knn_delta_k1,macro_assay_pair,5,0.3756440112019156,0.1074056699684857,0.3958831133847874,0.12037671741711717,0.00095853994038546,37470.8,21549.2
KI,modern_assay_context,ours_rerun_same_split_surrogate,assay_context_knn_delta_k1,macro_target,5,0.5406293515726939,0.05315344088805656,0.6606447206236912,0.06479407366930423,0.0022372050069254397,37470.8,195.2
KI,modern_assay_context,ours_rerun_same_split_surrogate,assay_context_knn_delta_k20,macro_assay_pair,5,0.33402266268923586,0.10598858563258862,0.35315153869576077,0.11763693066324661,-2.5511806055054526e-06,37470.8,21549.2
KI,modern_assay_context,ours_rerun_same_split_surrogate,assay_context_knn_delta_k20,micro,5,0.3352175033797514,0.07537843462197587,0.8175031695274398,0.1627513395407305,-8.275450992555383e-06,37470.8,1.0
KI,modern_assay_context,ours_rerun_same_split_surrogate,assay_context_knn_delta_k20,macro_target,5,0.4667881975228747,0.03796464670369155,0.5682985120473891,0.050296568717372814,-6.803329473591125e-05,37470.8,195.2
KI,modern_assay_context,ours_rerun_same_split_surrogate,assay_context_knn_delta_k5,macro_assay_pair,5,0.3417326723292403,0.10804225207426146,0.36092845945915364,0.12012808955324522,4.765768888529001e-05,37470.8,21549.2
KI,modern_assay_context,ours_rerun_same_split_surrogate,assay_context_knn_delta_k5,micro,5,0.35029048695562587,0.08034196410250166,0.8422886963789595,0.1547893421518928,1.707874803607968e-05,37470.8,1.0
KI,modern_assay_context,ours_rerun_same_split_surrogate,assay_context_knn_delta_k5,macro_target,5,0.4986405764596194,0.04022816880677525,0.5972954458929871,0.05250752437453849,-7.110663387131509e-05,37470.8,195.2
KI,modern_assay_context,ours_rerun_same_split_surrogate,assay_context_pair_or_knn_k1,micro,5,0.39074637741032886,0.07247062978727688,1.8660262316300205,0.5477198808611762,-0.021171864429439198,37470.8,1.0
KI,modern_assay_context,ours_rerun_same_split_surrogate,assay_context_pair_or_knn_k1,macro_target,5,0.41520633452259437,0.0582948836664531,0.7452201732985235,0.14566784173677602,0.014752046760964222,37470.8,195.2
KI,modern_assay_context,ours_rerun_same_split_surrogate,assay_context_pair_or_knn_k1,macro_assay_pair,5,0.5595706672835964,0.0801841326333513,0.5822217655639454,0.09270086735659507,-0.0306132168403797,37470.8,21549.2
KI,modern_assay_context,ours_rerun_same_split_surrogate,assay_context_pair_or_knn_k20,micro,5,0.29965592213962167,0.038444741708644745,0.7602503551966396,0.08484006223625139,-0.049234772212891,37470.8,1.0
KI,modern_assay_context,ours_rerun_same_split_surrogate,assay_context_pair_or_knn_k20,macro_target,5,0.34191985587722834,0.02925096095142837,0.5152887044802043,0.06114457416709698,-0.03080862916524014,37470.8,195.2
KI,modern_assay_context,ours_rerun_same_split_surrogate,assay_context_pair_or_knn_k20,macro_assay_pair,5,0.40502239140984103,0.05350720583067116,0.42515072934845943,0.06456556182048827,-0.0810179636593108,37470.8,21549.2
KI,modern_assay_context,ours_rerun_same_split_surrogate,assay_context_pair_or_knn_k5,micro,5,0.33931208597710477,0.04955001313536976,1.1141659379726863,0.1481935696991012,-0.040502540932016204,37470.8,1.0
KI,modern_assay_context,ours_rerun_same_split_surrogate,assay_context_pair_or_knn_k5,macro_target,5,0.4212495187592216,0.08204343606392057,0.7046235593217525,0.1553591427609084,-0.05027380801189568,37470.8,195.2
KI,modern_assay_context,ours_rerun_same_split_surrogate,assay_context_pair_or_knn_k5,macro_assay_pair,5,0.4744579508320094,0.06550283858574595,0.4955502451389771,0.0780380194406755,-0.06646653800457392,37470.8,21549.2
KI,modern_assay_context,ours_rerun_same_split_surrogate,assay_context_pair_or_ridge,micro,5,0.39648903348695325,0.07532525149555186,0.7059970327420377,0.08271792460229349,0.00131679190790028,37470.8,1.0
KI,modern_assay_context,ours_rerun_same_split_surrogate,assay_context_pair_or_ridge,macro_target,5,0.42930898438420106,0.04528052993274507,0.5383679136254285,0.04637163662237324,-0.0009445328409387083,37470.8,195.2
KI,modern_assay_context,ours_rerun_same_split_surrogate,assay_context_pair_or_ridge,macro_assay_pair,5,0.5632811016486343,0.04973141099424284,0.5821947810528628,0.047110612121303866,0.00207226946411381,37470.8,21549.2
KI,modern_assay_context,ours_rerun_same_split_surrogate,assay_context_ridge_delta,micro,5,0.5814186516605584,0.04791927283507721,0.952182619694749,0.09034595053412711,-4.88537359824404e-07,37470.8,1.0
KI,modern_assay_context,ours_rerun_same_split_surrogate,assay_context_ridge_delta,macro_assay_pair,5,0.6698756899223068,0.06512876739669475,0.6845215948989638,0.07131824658217288,-4.84297087771967e-07,37470.8,21549.2
KI,modern_assay_context,ours_rerun_same_split_surrogate,assay_context_ridge_delta,macro_target,5,0.7942505044375953,0.06463344741934181,0.8963781983721493,0.06705416908278124,-5.71289336153022e-07,37470.8,195.2
KI,ours,ours_main_same_split,gauge_calibration_selector,macro_target,5,0.17664940535695547,0.023168552005595075,0.2464102140943832,0.03219024638749873,-0.00219792985813264,37470.8,195.2
KI,ours,ours_main_same_split,gauge_calibration_selector,micro,5,0.179514177846122,0.04210822877877679,0.47543583204610285,0.07016282827339053,-0.0005539686912624808,37470.8,1.0
KI,ours,ours_main_same_split,gauge_calibration_selector,macro_assay_pair,5,0.20490422702243083,0.08103862879351482,0.22541688434382756,0.09413400412900262,0.0012143107049086541,37470.8,21549.2
KI,ours,ours_main_same_split,gauge_calibration_selector_micro,macro_target,5,0.17664940535695547,0.023168552005595075,0.2464102140943832,0.03219024638749873,-0.00219792985813264,37470.8,195.2
KI,ours,ours_main_same_split,gauge_calibration_selector_micro,micro,5,0.179514177846122,0.04210822877877679,0.47543583204610285,0.07016282827339053,-0.0005539686912624808,37470.8,1.0
KI,ours,ours_main_same_split,gauge_calibration_selector_micro,macro_assay_pair,5,0.20490422702243083,0.08103862879351482,0.22541688434382756,0.09413400412900262,0.0012143107049086541,37470.8,21549.2
KI,ours,ours_main_same_split,somol_gauge_graph_blend,macro_target,5,0.17187414956445976,0.022236861122430642,0.2432602082451194,0.030265517833694088,-0.0008807229926487798,37470.8,195.2
KI,ours,ours_main_same_split,somol_gauge_graph_blend,micro,5,0.17757968799593982,0.04307395417802733,0.4730875626483292,0.0668413317982931,-0.00044873557694880326,37470.8,1.0
KI,ours,ours_main_same_split,somol_gauge_graph_blend,macro_assay_pair,5,0.20218458682602228,0.08364424925879904,0.22273213871834613,0.09648151078630658,0.00082930424003132,37470.8,21549.2
KI,ours,ours_main_same_split,somol_gauge_graph_blend_micro,macro_target,5,0.17187414956445976,0.022236861122430642,0.2432602082451194,0.030265517833694088,-0.0008807229926487798,37470.8,195.2
KI,ours,ours_main_same_split,somol_gauge_graph_blend_micro,micro,5,0.17757968799593982,0.04307395417802733,0.4730875626483292,0.0668413317982931,-0.00044873557694880326,37470.8,1.0
KI,ours,ours_main_same_split,somol_gauge_graph_blend_micro,macro_assay_pair,5,0.20218458682602228,0.08364424925879904,0.22273213871834613,0.09648151078630658,0.00082930424003132,37470.8,21549.2
KI,ours,ours_main_same_split,somol_guarded_stack,macro_target,5,0.16936879264441337,0.019998489851443917,0.2393345971180394,0.026890417056758285,-0.0008785421671663001,37470.8,195.2
KI,ours,ours_main_same_split,somol_guarded_stack,micro,5,0.17792532744938316,0.042800043122134646,0.4723605200790046,0.06684598601413322,-0.00029999629836942006,37470.8,1.0
KI,ours,ours_main_same_split,somol_guarded_stack,macro_assay_pair,5,0.2022178275048943,0.08296927371548869,0.22255669430895328,0.09576511493957843,0.0008782128069867799,37470.8,21549.2
KI,ours,ours_main_same_split,somol_guarded_stack_micro,macro_target,5,0.16936879264441337,0.019998489851443917,0.2393345971180394,0.026890417056758285,-0.0008785421671663001,37470.8,195.2
KI,ours,ours_main_same_split,somol_guarded_stack_micro,micro,5,0.17792532744938316,0.042800043122134646,0.4723605200790046,0.06684598601413322,-0.00029999629836942006,37470.8,1.0
KI,ours,ours_main_same_split,somol_guarded_stack_micro,macro_assay_pair,5,0.2022178275048943,0.08296927371548869,0.22255669430895328,0.09576511493957843,0.0008782128069867799,37470.8,21549.2
KI,ours,ours_main_same_split,somol_robust_blend_bucket,macro_target,5,0.1669664195213731,0.019963070861173056,0.23954954415409055,0.026880299721888986,-0.00053661232177654,37470.8,195.2
KI,ours,ours_main_same_split,somol_robust_blend_bucket,micro,5,0.16993791716328244,0.04365235036304198,0.47979743050430673,0.07858208487189869,-0.00228990633478602,37470.8,1.0
KI,ours,ours_main_same_split,somol_robust_blend_bucket,macro_assay_pair,5,0.20083900625931778,0.08570904578488489,0.22279167417475199,0.09933594024779137,-0.00013017734021039998,37470.8,21549.2
KI,ours,ours_main_same_split,somol_stack,macro_target,5,0.17209583244071358,0.022525117689554165,0.24351724800538638,0.0304736676415089,-0.00075765728022226,37470.8,195.2
KI,ours,ours_main_same_split,somol_stack,micro,5,0.1778024275024613,0.042625978913472584,0.4729355105136818,0.06635132657470445,-0.00023600160251722,37470.8,1.0
KI,ours,ours_main_same_split,somol_stack,macro_assay_pair,5,0.2025471066746832,0.08287483380191515,0.22297711535067752,0.09575251854806821,0.0008962905320693399,37470.8,21549.2
KI,ours,ours_main_same_split,somol_stack_micro,macro_target,5,0.17209583244071358,0.022525117689554165,0.24351724800538638,0.0304736676415089,-0.00075765728022226,37470.8,195.2
KI,ours,ours_main_same_split,somol_stack_micro,micro,5,0.1778024275024613,0.042625978913472584,0.4729355105136818,0.06635132657470445,-0.00023600160251722,37470.8,1.0
KI,ours,ours_main_same_split,somol_stack_micro,macro_assay_pair,5,0.2025471066746832,0.08287483380191515,0.22297711535067752,0.09575251854806821,0.0008962905320693399,37470.8,21549.2
KI,ours_ablation,ours_ablation_same_split,gauge_calibration_selector_macro_assay_pair,macro_target,5,0.17183249381879168,0.02344569431472556,0.24225013273097895,0.03172055372098318,-0.00048815624667715993,37470.8,195.2
KI,ours_ablation,ours_ablation_same_split,gauge_calibration_selector_macro_assay_pair,micro,5,0.18219593124282768,0.03997718212824109,0.4721474783151901,0.06892716795815468,0.0011752983657367208,37470.8,1.0
KI,ours_ablation,ours_ablation_same_split,gauge_calibration_selector_macro_assay_pair,macro_assay_pair,5,0.20561238684802788,0.08013404048336746,0.22517520185931347,0.09303282787646233,0.00139356585253584,37470.8,21549.2
KI,ours_ablation,ours_ablation_same_split,gauge_calibration_selector_macro_target,macro_target,5,0.16865580451849296,0.02163945496043354,0.2374434548396435,0.028362062571946824,-0.00024656242420902,37470.8,195.2
KI,ours_ablation,ours_ablation_same_split,gauge_calibration_selector_macro_target,micro,5,0.19076355295618494,0.04105430243855769,0.4770404159009575,0.07925720412686245,0.00075806784287924,37470.8,1.0
KI,ours_ablation,ours_ablation_same_split,gauge_calibration_selector_macro_target,macro_assay_pair,5,0.21959341963478646,0.0800076854949761,0.2386094880283276,0.09208235259915955,0.00019743711656627707,37470.8,21549.2
KI,ours_ablation,ours_ablation_same_split,graph_gauge_calibration_selector,macro_target,5,0.16912934129583235,0.02185078217299507,0.2396576894658597,0.029898929663524098,3.4035736127420097e-05,37470.8,195.2
KI,ours_ablation,ours_ablation_same_split,graph_gauge_calibration_selector,micro,5,0.1788801837107154,0.04280822725995871,0.48257619433624155,0.07113614362649809,-0.00065919000639564,37470.8,1.0
KI,ours_ablation,ours_ablation_same_split,graph_gauge_calibration_selector,macro_assay_pair,5,0.20591637462168838,0.08180336019629535,0.22708979940404359,0.09475950893668138,5.932510148763999e-05,37470.8,21549.2
KI,ours_ablation,ours_ablation_same_split,graph_gauge_calibration_selector_macro_assay_pair,macro_target,5,0.16659070509961857,0.020313649132760545,0.23758220205984024,0.029196560689680996,0.00054636350115314,37470.8,195.2
KI,ours_ablation,ours_ablation_same_split,graph_gauge_calibration_selector_macro_assay_pair,micro,5,0.17915955594703867,0.044933102600248166,0.48453151102454006,0.07143392629947935,0.0004191589313701603,37470.8,1.0
KI,ours_ablation,ours_ablation_same_split,graph_gauge_calibration_selector_macro_assay_pair,macro_assay_pair,5,0.20209267442165543,0.08040171767978248,0.22228687658112684,0.09271853285174989,0.0010519910175538002,37470.8,21549.2
KI,ours_ablation,ours_ablation_same_split,graph_gauge_calibration_selector_macro_target,macro_target,5,0.16912934129583235,0.02185078217299507,0.2396576894658597,0.029898929663524098,3.4035736127420097e-05,37470.8,195.2
KI,ours_ablation,ours_ablation_same_split,graph_gauge_calibration_selector_macro_target,micro,5,0.1788801837107154,0.04280822725995871,0.48257619433624155,0.07113614362649809,-0.00065919000639564,37470.8,1.0
KI,ours_ablation,ours_ablation_same_split,graph_gauge_calibration_selector_macro_target,macro_assay_pair,5,0.20591637462168838,0.08180336019629535,0.22708979940404359,0.09475950893668138,5.932510148763999e-05,37470.8,21549.2
KI,ours_ablation,ours_ablation_same_split,graph_gauge_calibration_selector_micro,macro_target,5,0.16741267148349429,0.02049632711540825,0.23683465877255933,0.02784702382094991,0.00012481087513620007,37470.8,195.2
KI,ours_ablation,ours_ablation_same_split,graph_gauge_calibration_selector_micro,micro,5,0.17686378434612177,0.04297073873597554,0.4722311962746164,0.06626350296886878,-0.00014221109918719998,37470.8,1.0
KI,ours_ablation,ours_ablation_same_split,graph_gauge_calibration_selector_micro,macro_assay_pair,5,0.20219524845452647,0.08033903302115605,0.2224710708908794,0.09279143293789013,0.00072537712008246,37470.8,21549.2
KI,ours_ablation,ours_ablation_same_split,somol_gauge_graph_blend_macro_assay_pair,macro_target,5,0.17281750935127244,0.022749850814460217,0.24463499307732944,0.031083975721025232,-0.0010800489549875401,37470.8,195.2
KI,ours_ablation,ours_ablation_same_split,somol_gauge_graph_blend_macro_assay_pair,micro,5,0.1775208423589251,0.04315478591207152,0.4738824717132094,0.06667472774100963,-0.0006486340366150201,37470.8,1.0
KI,ours_ablation,ours_ablation_same_split,somol_gauge_graph_blend_macro_assay_pair,macro_assay_pair,5,0.20183610801263777,0.08402097006450404,0.2222796399682685,0.09681552344416712,0.0006084397688821601,37470.8,21549.2
KI,ours_ablation,ours_ablation_same_split,somol_gauge_graph_blend_macro_target,macro_target,5,0.16924343276024967,0.021925420332565976,0.23969887012983748,0.030067008291697835,9.256730593644016e-05,37470.8,195.2
KI,ours_ablation,ours_ablation_same_split,somol_gauge_graph_blend_macro_target,micro,5,0.17867367525390324,0.042702002796852254,0.4823254995534255,0.07094074050896973,-0.00054874542632182,37470.8,1.0
KI,ours_ablation,ours_ablation_same_split,somol_gauge_graph_blend_macro_target,macro_assay_pair,5,0.20527575520545085,0.0819695757759595,0.22641804503005045,0.09501676699683041,0.00031510815413586,37470.8,21549.2
KI,ours_ablation,ours_ablation_same_split,somol_guarded_stack_macro_assay_pair,macro_target,5,0.16956009223798482,0.02022426920703556,0.2393572866235673,0.02665487863940391,-0.0009421831429227999,37470.8,195.2
KI,ours_ablation,ours_ablation_same_split,somol_guarded_stack_macro_assay_pair,micro,5,0.17880982492280612,0.04335508307587883,0.4718243999552853,0.0663784116219183,-0.00045011164488779995,37470.8,1.0
KI,ours_ablation,ours_ablation_same_split,somol_guarded_stack_macro_assay_pair,macro_assay_pair,5,0.20228556000720715,0.08361303478097225,0.22228210183558295,0.09603085580327811,0.00050409604254764,37470.8,21549.2
KI,ours_ablation,ours_ablation_same_split,somol_guarded_stack_macro_target,macro_target,5,0.169285287140851,0.022056052596246024,0.23915604695179798,0.02942003577052154,-0.0002102940359841602,37470.8,195.2
KI,ours_ablation,ours_ablation_same_split,somol_guarded_stack_macro_target,micro,5,0.18112780631981526,0.042034226845798967,0.4748409027575976,0.06607209131750981,5.568398999623997e-05,37470.8,1.0
KI,ours_ablation,ours_ablation_same_split,somol_guarded_stack_macro_target,macro_assay_pair,5,0.20658441778506317,0.08072798072701605,0.22681699858255558,0.09330615628555683,0.00060553096369932,37470.8,21549.2
KI,ours_ablation,ours_ablation_same_split,somol_robust_blend_global,macro_target,5,0.16582974951132945,0.018969086510287385,0.23680173824332487,0.023754084486567958,-0.0007137626809580801,37470.8,195.2
KI,ours_ablation,ours_ablation_same_split,somol_robust_blend_global,micro,5,0.17337392714040387,0.045619279120715686,0.49247486791789996,0.10745919545848172,-0.00317910064679352,37470.8,1.0
KI,ours_ablation,ours_ablation_same_split,somol_robust_blend_global,macro_assay_pair,5,0.2056849919765499,0.09107319730482395,0.22743565523588166,0.10509539966363657,-0.00211683620211976,37470.8,21549.2
KI,ours_ablation,ours_ablation_same_split,somol_robust_selector_bucket,macro_target,5,0.16751463208183975,0.020075000322326824,0.24018424424436646,0.027199782212958816,-0.0005494739608785002,37470.8,195.2
KI,ours_ablation,ours_ablation_same_split,somol_robust_selector_bucket,micro,5,0.16820098094469652,0.040151114726405084,0.4731631255313474,0.06663182650895495,-0.0022441509222290803,37470.8,1.0
KI,ours_ablation,ours_ablation_same_split,somol_robust_selector_bucket,macro_assay_pair,5,0.19644073059204162,0.07920507947901494,0.21842708107015324,0.09284099691905102,7.373811560840678e-05,37470.8,21549.2
KI,ours_ablation,ours_ablation_same_split,somol_robust_selector_global,macro_target,5,0.16790725985608207,0.01990033668762543,0.2394466592864481,0.02483734494866452,-0.0006659764276235001,37470.8,195.2
KI,ours_ablation,ours_ablation_same_split,somol_robust_selector_global,micro,5,0.1740830144490162,0.04523208075699787,0.4921672587179972,0.10673159854692192,-0.0032077087102294205,37470.8,1.0
KI,ours_ablation,ours_ablation_same_split,somol_robust_selector_global,macro_assay_pair,5,0.20604233164935382,0.09073448599690442,0.22768912237051758,0.10483811546479309,-0.00212721346932908,37470.8,21549.2
KI,ours_ablation,ours_ablation_same_split,somol_stack_macro_assay_pair,macro_target,5,0.17264741205912018,0.02259332574245514,0.24446646331231264,0.030698743460308275,-0.0007108613634014197,37470.8,195.2
KI,ours_ablation,ours_ablation_same_split,somol_stack_macro_assay_pair,micro,5,0.17804076602020794,0.04288967007075834,0.4733644341576471,0.06609873448723684,-0.0002766805645289999,37470.8,1.0
KI,ours_ablation,ours_ablation_same_split,somol_stack_macro_assay_pair,macro_assay_pair,5,0.202213427228426,0.08326720015428106,0.22242085903822112,0.09594188809716359,0.00069582360633402,37470.8,21549.2
KI,ours_ablation,ours_ablation_same_split,somol_stack_macro_target,macro_target,5,0.16927897600076025,0.021915224717492222,0.2397347619219779,0.030072079870885917,9.423284505562e-05,37470.8,195.2
KI,ours_ablation,ours_ablation_same_split,somol_stack_macro_target,micro,5,0.17975687754017736,0.041088279311424905,0.4840436505572274,0.06801339142631517,-0.00016080058639336004,37470.8,1.0
KI,ours_ablation,ours_ablation_same_split,somol_stack_macro_target,macro_assay_pair,5,0.20672968720423474,0.07976746231078444,0.22772287117237133,0.09321083634185567,0.00048442165261537994,37470.8,21549.2
KI,support_shrinkage,ours_rerun_same_split,support_gated_val_micro,macro_target,5,0.1717119294543829,0.019696318708420167,0.24289008977979173,0.0254259308360983,-0.00232500819708094,37470.8,195.2
KI,support_shrinkage,ours_rerun_same_split,support_gated_val_micro,micro,5,0.18345434833270532,0.04018127318372596,0.4961197829239884,0.0597213196317644,0.00026212407076416013,37470.8,1.0
KI,support_shrinkage,ours_rerun_same_split,support_gated_val_micro,macro_assay_pair,5,0.2093743088933246,0.07995193086439459,0.22970322020860778,0.09372533845614625,0.0009726805870356001,37470.8,21549.2
