endpoint,seed,feature,level_type,level,n,raw_mae,primary_mae,baseline_mae,graph_mae,delta_baseline_minus_primary,raw_to_primary_gap_closed,primary_shift_abs,baseline_shift_abs
IC50,13,assay_type_class,same_vs_different,different,1612,0.6653585806253832,0.40258546859300653,0.40781632159884845,0.41204172151574636,0.005230853005841918,0.39493458066685067,0.471228928610784,0.4307002462405988
IC50,13,assay_type_class,same_vs_different,same,49348,0.36272450291655767,0.17551242655631857,0.1804147917086844,0.1775940521411717,0.004902365152365834,0.5161274599728544,0.29559153560990126,0.2816675018867836
IC50,13,assay_type_class,transition,adme->adme,94,0.37746291500817425,0.17526258521292298,0.1794803452617489,0.17782248143294951,0.00421776004882593,0.5356826373019253,0.3064239577592851,0.3001423599617233
IC50,13,assay_type_class,transition,adme->binding,178,0.7420540398685767,0.5802639302144748,0.568185181594967,0.5882141294731169,-0.012078748619507751,0.21803009075020485,0.4645478021162851,0.3483014788326315
IC50,13,assay_type_class,transition,binding->adme,178,0.7420540398685767,0.5800287420796697,0.5434314634415529,0.57404967989557,-0.03659727863811679,0.21834703280855777,0.45442917632671675,0.34912138974962575
IC50,13,assay_type_class,transition,binding->binding,48052,0.3585389083953988,0.1724108647012639,0.17747087341539575,0.17460375185749177,0.005060008714131842,0.519129275333409,0.29238573671115026,0.2779960194952777
IC50,13,assay_type_class,transition,binding->functional,625,0.6432994136584393,0.36107006603685493,0.3702793038905782,0.36764240392926806,0.009209237853723296,0.4387215993506788,0.4702870901296002,0.446437653812475
IC50,13,assay_type_class,transition,binding->toxicity,3,0.7104211169758546,0.3177571452502332,0.29517608165879583,0.49371359200662795,-0.022581063591437356,0.5527200168220324,0.759512525426139,0.7490740508516698
IC50,13,assay_type_class,transition,functional->binding,625,0.6432994136584393,0.34329606375465227,0.36164318982014027,0.3593432208126793,0.018347126065487995,0.4663510389317318,0.4759356287945596,0.4584124579468422
IC50,13,assay_type_class,transition,functional->functional,1202,0.5288981944258027,0.2995221897388213,0.298176022819432,0.2971185420562798,-0.001346166919389269,0.43368649601083065,0.42290168619288093,0.4269964829330366
IC50,13,assay_type_class,transition,toxicity->binding,3,0.7104211169758546,0.4178590493753657,0.3983535955558981,0.49371359200662795,-0.01950545381946761,0.4118149934026135,0.791797951283753,0.7896614433583844
IC50,13,bao_format_first,same_vs_different,different,11872,0.6473519661104705,0.3292546949996308,0.3465016027651979,0.3349597180216016,0.017246907765567143,0.4913822584367597,0.5083998184395722,0.47550140196244106
IC50,13,bao_format_first,same_vs_different,same,39088,0.28875676064855965,0.1381816225449632,0.1393481893069247,0.139466863686898,0.0011665667619615017,0.5214601305451636,0.23819969012697995,0.228941466331118
IC50,13,bao_format_first,transition,BAO_0000019->BAO_0000019,5728,0.19458675938813402,0.11378170162024505,0.11456545107384795,0.11378618001470019,0.0007837494536029055,0.41526493386279445,0.15605376544490865,0.15581386445509662
IC50,13,bao_format_first,transition,BAO_0000019->BAO_0000219,1119,0.5608550821643246,0.33013773648445016,0.3467308630376167,0.33462225522997896,0.016593126553166526,0.41136713032810973,0.43623277505119895,0.41683406387524924
IC50,13,bao_format_first,transition,BAO_0000019->BAO_0000220,5,2.5842717100100407,0.3188370316535236,0.3170590364726461,0.3190345866736212,-0.0017779951808775118,0.8766240289600644,2.577195874341467,2.5734961329323442
IC50,13,bao_format_first,transition,BAO_0000019->BAO_0000221,65,0.8258656328648319,0.32460320762042794,0.31915714560999403,0.3181783286718356,-0.005446062010433905,0.6069539708361309,0.6858439507204857,0.7002022757544144
IC50,13,bao_format_first,transition,BAO_0000019->BAO_0000224,57,1.7882930965414836,1.75846102077694,1.7658997779653198,1.7764518310599722,0.00743875718837983,0.016681871569172935,0.534109435915542,0.12061563504421115
IC50,13,bao_format_first,transition,BAO_0000019->BAO_0000249,24,0.2729376067879033,0.14395918556546863,0.16311175060890706,0.1467232120913358,0.01915256504343843,0.4725564305349183,0.20178736567412892,0.22221962987103341
IC50,13,bao_format_first,transition,BAO_0000019->BAO_0000251,13,0.27638146237432343,0.2826108647881838,0.2875449194617236,0.2967527191198517,0.0049340546735398005,-0.022539147019286897,0.12001933289526188,0.1141577202583328
IC50,13,bao_format_first,transition,BAO_0000019->BAO_0000357,1658,0.3667664403664657,0.25157429731677466,0.27355703693377387,0.25743580574107594,0.021982739616999203,0.31407492717870633,0.23064907395373974,0.19795092335833844
IC50,13,bao_format_first,transition,BAO_0000019->BAO_0000366,17,1.6510269664448072,0.4225925571293069,0.3787300454705877,0.402701007021877,-0.04386251165871918,0.7440426075903019,1.4823106432298678,1.4552497426146394
IC50,13,bao_format_first,transition,BAO_0000218->BAO_0000218,342,0.25854432604580124,0.14140390755920992,0.14140390755920992,0.14140390755920992,0.0,0.4530767326367079,0.22957692207910915,0.22957692207910915
IC50,13,bao_format_first,transition,BAO_0000218->BAO_0000219,27,2.124459437483593,0.3702834255140825,0.36541172961207974,0.37606456905573354,-0.0048716959020027595,0.8257046385631722,2.042245786985138,2.0418525542819084
IC50,13,bao_format_first,transition,BAO_0000218->BAO_0000221,1,0.1619830051443154,0.10954682867709042,0.1619830051443154,0.1626263881113692,0.05243617646722498,0.3237140613640799,0.05243617646722498,0.0
IC50,13,bao_format_first,transition,BAO_0000218->BAO_0000357,66,0.0716275563768595,0.04572966244560316,0.044614030456280464,0.05460380120676411,-0.001115631989322699,0.3615632759408653,0.05080944949050617,0.05118232895313028
IC50,13,bao_format_first,transition,BAO_0000219->BAO_0000019,1119,0.5608550821643246,0.32102145175936625,0.3295228987604351,0.320687857408154,0.008501447001068863,0.4276213910364275,0.43047292645385066,0.4065342600077759
IC50,13,bao_format_first,transition,BAO_0000219->BAO_0000218,27,2.124459437483593,0.28641169313406845,0.25523965512874747,0.3555287878426359,-0.03117203800532098,0.8651837318798983,2.021087016272183,2.0075938130699438
IC50,13,bao_format_first,transition,BAO_0000219->BAO_0000219,6308,0.4186867540235314,0.21409739105257622,0.21702013850990343,0.21583830526967296,0.002922747457327207,0.48864541570726805,0.33634003184545863,0.32691959100330986
IC50,13,bao_format_first,transition,BAO_0000219->BAO_0000220,9,0.7978450413709574,0.1562500108324048,0.18873417254472416,0.15920814192150287,0.032484161712319354,0.8041599524590433,0.6959477343887255,0.7025325776899041
IC50,13,bao_format_first,transition,BAO_0000219->BAO_0000221,68,1.074781398509239,0.48062988297228854,0.48844761252027963,0.4754083333431819,0.007817729547991092,0.5528114985624614,0.8641709048737842,0.8446527054347355
IC50,13,bao_format_first,transition,BAO_0000219->BAO_0000224,28,1.8159034669892449,1.5658165021159012,1.8159034669892449,1.5984881174896322,0.2500869648733437,0.13772040718000617,0.3435605414390293,0.0
IC50,13,bao_format_first,transition,BAO_0000219->BAO_0000249,14,0.6266965821210414,0.28420722413967586,0.28726759450898476,0.2950716735244833,0.0030603703693088957,0.5464994827675899,0.6078633401081248,0.5555770848861558
IC50,13,bao_format_first,transition,BAO_0000219->BAO_0000251,7,0.6263600606604379,0.31167361996405785,0.3286543793488014,0.3294850531316431,0.016980759384743527,0.5024050230223376,0.4730050500278188,0.4478835132401785
IC50,13,bao_format_first,transition,BAO_0000219->BAO_0000252,2,0.7578047518949291,0.18776579839504182,0.1991977215331251,0.1648320817570803,0.011431923138083278,0.75222404197714,0.7755352885136366,0.7869672116517199
IC50,13,bao_format_first,transition,BAO_0000219->BAO_0000357,2437,0.80822219400768,0.3286276148285413,0.34533021913829415,0.3337971175741029,0.016702604309752844,0.5933944684208727,0.725215851075996,0.7014106708497122
IC50,13,bao_format_first,transition,BAO_0000219->BAO_0000366,36,1.524508610528518,0.5135418771391077,0.49955907890820295,0.4995689825894606,-0.013982798230904758,0.6631426850642238,1.4125550662096211,1.3980944889705025
IC50,13,bao_format_first,transition,BAO_0000220->BAO_0000019,5,2.5842717100100407,0.20267004226558055,0.17657802605001685,0.20556915517842073,-0.0260920162155637,0.9215755675068729,2.6130846171706414,2.6168964730978574
IC50,13,bao_format_first,transition,BAO_0000220->BAO_0000219,9,0.7978450413709574,0.27103112646084754,0.257951841951911,0.2724843802951738,-0.013079284508936528,0.6602960319272928,0.65099075459163,0.6436777905276969
IC50,13,bao_format_first,transition,BAO_0000220->BAO_0000357,5,1.1485176351602773,0.3155068685149587,0.2947288515258094,0.3178155370693082,-0.020778016989149273,0.7252920992624294,0.959341269071537,0.9439966161405214
IC50,13,bao_format_first,transition,BAO_0000221->BAO_0000019,65,0.8258656328648319,0.3018671559807276,0.3142643313295187,0.3171824558153649,0.01239717534879109,0.6344839354392489,0.6717517282782833,0.672181438426229
IC50,13,bao_format_first,transition,BAO_0000221->BAO_0000218,1,0.1619830051443154,0.19265638988201594,0.1619830051443154,0.1626263881113701,-0.030673384737700538,-0.18936174637810133,0.030673384737700538,0.0
IC50,13,bao_format_first,transition,BAO_0000221->BAO_0000219,68,1.074781398509239,0.4163671408074741,0.4340630784138426,0.42780062894751847,0.017695937606368506,0.6126029522049875,0.8241353141491379,0.8007287800341093
IC50,13,bao_format_first,transition,BAO_0000221->BAO_0000221,76,0.8507293350672116,0.38666965299652195,0.38579639350275235,0.39231289136374276,-0.0008732594937695959,0.545484518920494,0.6443079133458682,0.6405938092210859
IC50,13,bao_format_first,transition,BAO_0000221->BAO_0000249,6,0.1162719422606262,0.09031270024643827,0.11039145324708481,0.07873319867506308,0.020078753000646543,0.22326316658579337,0.07802453571909378,0.05648172543884004
IC50,13,bao_format_first,transition,BAO_0000221->BAO_0000251,8,0.8042747789132979,0.7316662770168826,0.8024947240239716,0.7825865518741402,0.07082844700708901,0.09027822803858261,0.07343307167204194,0.0017800548893263102
IC50,13,bao_format_first,transition,BAO_0000221->BAO_0000252,2,2.474536160885169,2.40502492630403,2.474536160885169,2.474536160885169,0.06951123458113884,0.02809061175985155,0.06951123458113884,0.0
IC50,13,bao_format_first,transition,BAO_0000221->BAO_0000357,117,0.6831819206494432,0.44278112376100054,0.4525934487099611,0.45032369289010576,0.00981232494896056,0.351884014524146,0.3862168007557348,0.305938848065979
IC50,13,bao_format_first,transition,BAO_0000224->BAO_0000019,57,1.7882930965414836,1.7429920724166792,1.7658997779653198,1.7764518310599726,0.022907705548640633,0.02533199071920342,0.4561366347087733,0.12061563504421115
IC50,13,bao_format_first,transition,BAO_0000224->BAO_0000219,28,1.8159034669892449,1.542696225508254,1.8159034669892449,1.5984881174896326,0.27320724148099096,0.15045251382991556,0.37023972840800246,0.0
IC50,13,bao_format_first,transition,BAO_0000224->BAO_0000224,60,0.3931738838488746,0.43259355816452294,0.39736104808229317,0.43337459785640126,-0.03523251008222977,-0.10026015443792857,0.2361213766604516,0.15300722119161544
IC50,13,bao_format_first,transition,BAO_0000224->BAO_0000357,36,0.634921558103494,0.48560700787263045,0.46211294516560447,0.48028725355017265,-0.023494062707025976,0.23517007467326365,0.3192311562529484,0.28063785628184706
IC50,13,bao_format_first,transition,BAO_0000249->BAO_0000019,24,0.2729376067879033,0.15911161670057197,0.20388913637781292,0.16655767511681416,0.044777519677240946,0.41704033176997923,0.23652680544309623,0.28922202614012754
IC50,13,bao_format_first,transition,BAO_0000249->BAO_0000219,14,0.6266965821210414,0.2932707576603577,0.3860907757766241,0.31611002907774105,0.09282001811626639,0.5320370877597752,0.6830405093811075,0.6864908447827788
IC50,13,bao_format_first,transition,BAO_0000249->BAO_0000221,6,0.1162719422606262,0.07552951646947736,0.11039145324708481,0.07873319867506279,0.03486193677760745,0.35040634050666986,0.1847119854662056,0.05648172543884004
IC50,13,bao_format_first,transition,BAO_0000249->BAO_0000249,120,0.06343429663957541,0.04412693174170806,0.04514053942322779,0.04219891044046454,0.0010136076815197362,0.3043679195746275,0.07523319363348023,0.07563961829646995
IC50,13,bao_format_first,transition,BAO_0000249->BAO_0000357,32,0.15310038873996723,0.06519181968001844,0.09680251973545206,0.07046057178444007,0.03161070005543362,0.5741890649883115,0.12531828075610105,0.13610981710116443
IC50,13,bao_format_first,transition,BAO_0000251->BAO_0000019,13,0.27638146237432343,0.29223884186271076,0.31035877338726225,0.31285661600846704,0.01811993152455149,-0.05737497497900398,0.12204366529863672,0.11506949916162856
IC50,13,bao_format_first,transition,BAO_0000251->BAO_0000219,7,0.6263600606604379,0.34370296825420216,0.3697808124181832,0.36126456959434755,0.026077844163981068,0.45126934196315194,0.5238782526211047,0.510977429852823
IC50,13,bao_format_first,transition,BAO_0000251->BAO_0000221,8,0.8042747789132979,0.7719597396829041,0.8024947240239716,0.7825865518741403,0.030534984341067495,0.04017910305984793,0.046907454403224524,0.0017800548893263102
IC50,13,bao_format_first,transition,BAO_0000251->BAO_0000251,10,0.4193366439297945,0.46910828208135785,0.46896030493583485,0.4674248989895302,-0.0001479771455230039,-0.11869136378144947,0.08340880580223331,0.05156466212380515
IC50,13,bao_format_first,transition,BAO_0000251->BAO_0000357,5,0.4115748194097229,0.364630319717788,0.3830613152579586,0.37095818396625757,0.018430995540170636,0.11406067008487625,0.10616987617353937,0.15398648520100214
IC50,13,bao_format_first,transition,BAO_0000251->BAO_0000366,1,0.0,0.036564539332508694,0.04210110759734764,0.06315360558409466,0.005536568264838948,-36564539332.5087,0.036564539332508694,0.04210110759734764
IC50,13,bao_format_first,transition,BAO_0000252->BAO_0000219,2,0.7578047518949291,0.12049321372596777,0.16047318818470346,0.14216225908811086,0.03997997445873569,0.840997020110169,0.6373115381689614,0.5973315637102257
IC50,13,bao_format_first,transition,BAO_0000252->BAO_0000221,2,2.474536160885169,2.427535884341564,2.474536160885169,2.474536160885169,0.04700027654360461,0.018993570304825166,0.04700027654360461,0.0
IC50,13,bao_format_first,transition,BAO_0000357->BAO_0000019,1658,0.3667664403664657,0.26146882315955944,0.2841922391746019,0.26972864905152244,0.022723416015042464,0.28709719761081465,0.2133205527792924,0.17780028429101122
IC50,13,bao_format_first,transition,BAO_0000357->BAO_0000218,66,0.0716275563768595,0.06042260816876439,0.06040657590305306,0.060764550648140465,-1.60322657113271e-05,0.15643348419066072,0.055340077873799416,0.05533677555378939
IC50,13,bao_format_first,transition,BAO_0000357->BAO_0000219,2437,0.80822219400768,0.33519339938685994,0.35279354018288234,0.34101693785901843,0.0176001407960224,0.5852707314002876,0.7052776343432035,0.6735537227093895
IC50,13,bao_format_first,transition,BAO_0000357->BAO_0000220,5,1.1485176351602773,0.140260384731077,0.1997407029686748,0.14560053467280998,0.05948031823759781,0.8778770299756838,1.0271418211996604,1.034397352311352
IC50,13,bao_format_first,transition,BAO_0000357->BAO_0000221,117,0.6831819206494432,0.4273975510794345,0.432418743238967,0.4341855977444413,0.005021192159532506,0.3744015493367508,0.39100041450341455,0.31042864547184845
IC50,13,bao_format_first,transition,BAO_0000357->BAO_0000224,36,0.634921558103494,0.5192489696401985,0.5036323673131959,0.5175898445248727,-0.015616602327002571,0.18218406193169545,0.27686536354609353,0.2487351287735463
IC50,13,bao_format_first,transition,BAO_0000357->BAO_0000249,32,0.15310038873996723,0.07006001791610711,0.10102466138108124,0.07360543504401651,0.03096464346497413,0.5423916392851211,0.13235001964802834,0.140707846459041
IC50,13,bao_format_first,transition,BAO_0000357->BAO_0000251,5,0.4115748194097229,0.3554251227383447,0.26307182926258194,0.31915202391088615,-0.09235329347576277,0.13642646251271548,0.285888333751127,0.42380304957564663
IC50,13,bao_format_first,transition,BAO_0000357->BAO_0000357,26428,0.2777372242433689,0.12413133586189369,0.12508092477003294,0.12560690282185583,0.0009495889081392456,0.5530619411925753,0.23238312637073952,0.22121831377143875
IC50,13,bao_format_first,transition,BAO_0000357->BAO_0000366,71,0.5649980831596738,0.3704613582715951,0.33582575403301107,0.3649071818545859,-0.03463560423858403,0.34431395554505057,0.5523141890764688,0.5071773709268643
IC50,13,bao_format_first,transition,BAO_0000366->BAO_0000019,17,1.6510269664448072,0.3756662544536278,0.34466384764849556,0.37864909699006666,-0.03100240680513222,0.7724651007593424,1.5245481612356473,1.511485036939591
IC50,13,bao_format_first,transition,BAO_0000366->BAO_0000219,36,1.524508610528518,0.37478057423507133,0.3558490677744706,0.3592863361472358,-0.01893150646060071,0.7541630321752383,1.4046743139644657,1.3780309645415079
IC50,13,bao_format_first,transition,BAO_0000366->BAO_0000251,1,0.0,0.03654083904574623,0.04210110759734764,0.06315360558409466,0.0055602685516014105,-36540839045.74623,0.03654083904574623,0.04210110759734764
IC50,13,bao_format_first,transition,BAO_0000366->BAO_0000357,71,0.5649980831596738,0.299072176059353,0.28746069179263883,0.323968457469306,-0.011611484266714156,0.4706669191038081,0.5724169525928291,0.5441524769620416
IC50,13,bao_format_first,transition,BAO_0000366->BAO_0000366,16,0.17139948323314336,0.2964643816440121,0.27378833616425796,0.2968600630709486,-0.02267604547975416,-0.7296690518065989,0.14420449680564673,0.1139108132072632
IC50,13,assay_organism_first,same_vs_different,same,50960,0.3722976217012246,0.182695349314622,0.18760810540929163,0.18501025392751028,0.004912756094669624,0.5092760773496473,0.30114741232727615,0.28638180298369
IC50,13,assay_organism_first,transition,Anopheles gambiae->Anopheles gambiae,8,0.08911609831096223,0.26222248347570587,0.26829484873974774,0.2615477762241457,0.006072365264041868,-1.9424816441211914,0.17310638516474364,0.1791787504287855
IC50,13,assay_organism_first,transition,Bacillus anthracis->Bacillus anthracis,22,0.6955259881816734,0.2203726743477462,0.23176210791600796,0.21910718172905028,0.011389433568261748,0.6831568078083313,0.7675877102672284,0.7608298418895195
IC50,13,assay_organism_first,transition,Bos taurus->Bos taurus,14,0.34333474517930185,0.4234731993163165,0.3911836491188141,0.392564683079858,-0.032289550197502404,-0.23341201338409093,0.10215946339639588,0.061016858540824934
IC50,13,assay_organism_first,transition,Candida albicans->Candida albicans,44,1.401933009326197,1.198210808623159,1.1964076214484025,1.1998806552301884,-0.001803187174756582,0.14531521787974144,0.5119186968439066,0.45482906988338634
IC50,13,assay_organism_first,transition,Canis lupus familiaris->Canis lupus familiaris,2,0.23408320603336819,0.23408320603336819,0.23408320603336819,0.23408320603336819,0.0,0.0,0.0,0.0
IC50,13,assay_organism_first,transition,Cavia porcellus->Cavia porcellus,20,0.3922977721645561,0.07254512361687673,0.022764063896823616,0.07814522972314437,-0.04978105972005312,0.8150763813503218,0.4191545151636351,0.39510777731191865
IC50,13,assay_organism_first,transition,Cryptosporidium parvum->Cryptosporidium parvum,36,0.478005730974489,0.3334167642054557,0.33047155901794323,0.33391468213720554,-0.0029452051875124563,0.30248375155307494,0.3569826306780935,0.3645637539624213
IC50,13,assay_organism_first,transition,Electrophorus electricus->Electrophorus electricus,14,0.9861098271934784,0.7889057873366072,0.7224266388660668,0.7968715982566393,-0.06647914847054037,0.1999818219215242,0.44629706095599025,0.5217043841396192
IC50,13,assay_organism_first,transition,Equus caballus->Equus caballus,10,0.03054500814629364,0.07634868603005947,0.07689925449841403,0.08819570334258983,0.0005505684683545647,-1.4995470835820905,0.06372587813639478,0.07031765218022379
IC50,13,assay_organism_first,transition,Escherichia coli->Escherichia coli,8,0.5771064166635063,0.19854510669591796,0.21699346733960023,0.19649528884662015,0.01844836064368227,0.6559644790577961,0.42605642817337885,0.4278364524848869
IC50,13,assay_organism_first,transition,Hepacivirus hominis->Hepacivirus hominis,10,0.8327152643787471,0.23983137428984697,0.23973971104582467,0.2398415590947381,-9.16632440222942e-05,0.7119887378685501,0.6133291239652788,0.6143120546840042
IC50,13,assay_organism_first,transition,Homo sapiens->Homo sapiens,46826,0.36211722961102843,0.16634713537605555,0.1714367427589854,0.16850713243602725,0.0050896073829298505,0.5406262895727473,0.30253097627968084,0.289945907461515
IC50,13,assay_organism_first,transition,Human immunodeficiency virus 1->Human immunodeficiency virus 1,2078,0.6168844732871694,0.49224882024852723,0.49636855017092063,0.4974645688618143,0.0041197299223934,0.20204050909970359,0.3388179746962744,0.2579106201648216
IC50,13,assay_organism_first,transition,Macaca fascicularis->Macaca fascicularis,2,0.0,0.0,0.0,0.0,0.0,0.0,0.0,0.0
IC50,13,assay_organism_first,transition,Mus musculus->Mus musculus,296,0.48052826975597646,0.2828984830863943,0.28829282038378745,0.28498638618719413,0.005394337297393137,0.4112760873984442,0.36685517589547334,0.37761395865073977
IC50,13,assay_organism_first,transition,Mycobacterium tuberculosis->Mycobacterium tuberculosis,12,3.4207675701145193,0.43112115061252504,0.16553951513689547,0.46079246996689965,-0.2655816354756296,0.8739694697824523,3.4603228224711433,3.420793387416832
IC50,13,assay_organism_first,transition,Oryctolagus cuniculus->Oryctolagus cuniculus,202,0.274991105857393,0.22129750789249786,0.2270404030881182,0.22826291031020762,0.005742895195620351,0.19525576217268636,0.12847865330772074,0.11432541966476353
IC50,13,assay_organism_first,transition,Ovis aries->Ovis aries,2,0.0,0.042583434484917415,0.0,0.0010832168139529585,-0.042583434484917415,-42583434484.91742,0.042583434484917415,0.0
IC50,13,assay_organism_first,transition,Photinus pyralis->Photinus pyralis,20,0.36038359446827856,0.15478813973731853,0.15478813973731853,0.15478813973731853,0.0,0.5704906046966486,0.24784128622823118,0.24784128622823118
IC50,13,assay_organism_first,transition,Plasmodium falciparum->Plasmodium falciparum,14,0.09229003260678643,0.12069584178325561,0.12503457957456593,0.12021375980644335,0.004338737791310318,-0.30778848348115534,0.07857372555602485,0.08193717423442859
IC50,13,assay_organism_first,transition,Pneumocystis carinii->Pneumocystis carinii,128,0.11818416820972395,0.14188001992283084,0.1431224891569634,0.14277653079954605,0.0012424692341325705,-0.20049937374909102,0.09574651294168265,0.10045820249331969
IC50,13,assay_organism_first,transition,Pseudomonas aeruginosa->Pseudomonas aeruginosa,40,0.4924892460417354,0.10177191102455226,0.10177191102455221,0.10177191102455221,-4.163336342344337e-17,0.7933520135870586,0.5114305415738145,0.5114305415738146
IC50,13,assay_organism_first,transition,Rattus norvegicus->Rattus norvegicus,712,0.2629592729463615,0.1925112915340461,0.19784464001775692,0.19449914737812726,0.005333348483710837,0.2679045337438449,0.15208147825983276,0.15986955342997625
IC50,13,assay_organism_first,transition,Saccharomyces cerevisiae S288c->Saccharomyces cerevisiae S288c,44,0.4184225823366882,0.1988021622297132,0.1988021622297132,0.1988021622297132,0.0,0.5248770725530657,0.3584158443395893,0.3584158443395893
IC50,13,assay_organism_first,transition,Schistosoma mansoni->Schistosoma mansoni,24,1.0223713368313494,1.017324695808643,1.022266835534316,1.0222944877456464,0.004942139725673034,0.0049362113753574945,0.030125490492246564,0.00031709059144450585
IC50,13,assay_organism_first,transition,Severe acute respiratory syndrome coronavirus 2->Severe acute respiratory syndrome coronavirus 2,10,0.6224515409698425,1.0649852055268583,1.200437249156637,1.0992420800086955,0.1354520436297788,-0.7109527978153988,0.44253366455701554,0.5779857081867945
IC50,13,assay_organism_first,transition,Staphylococcus aureus->Staphylococcus aureus,10,0.8290375713852123,0.29598251440442863,0.3069058556377124,0.29685066313618985,0.010923341233283757,0.6429805781782835,0.6818284304269501,0.6810604676655597
IC50,13,assay_organism_first,transition,Sus scrofa->Sus scrofa,12,0.25341894885451016,0.17405811467688292,0.16939519002901168,0.17457621741553533,-0.004662924647871242,0.3131606161905001,0.3193888209207629,0.33034537112138906
IC50,13,assay_organism_first,transition,Tetronarce californica->Tetronarce californica,18,1.5835567594168627,0.9445786564342872,0.9445786564342872,1.0085227797450829,0.0,0.40350817814568024,0.8188972183137763,0.8188972183137764
IC50,13,assay_organism_first,transition,Toxoplasma gondii->Toxoplasma gondii,190,0.07068173219930918,0.08112111233836461,0.08422301232183442,0.08466158374671648,0.0031018999834698108,-0.1476955899951397,0.03995209253544232,0.04695460433086824
IC50,13,assay_organism_first,transition,Trypanosoma cruzi->Trypanosoma cruzi,4,0.0,1.7763568394002505e-15,1.7763568394002505e-15,1.7763568394002505e-15,0.0,-0.0017763568394002505,1.7763568394002505e-15,1.7763568394002505e-15
IC50,13,assay_organism_first,transition,Zea mays->Zea mays,32,0.14104990858972588,0.14420289178312828,0.14302129501117367,0.14279104284865926,-0.0011815967719546183,-0.02235367059026983,0.027783689381537857,0.001971386421447785
IC50,13,assay_organism_first,transition,Zika virus->Zika virus,20,0.4106350668400454,0.2125837461658439,0.2125837461658439,0.21045189096685518,0.0,0.482304938538891,0.4687480110385991,0.4687480110385991
IC50,13,assay_organism_first,transition,dengue virus type 2->dengue virus type 2,76,0.1876971041376291,0.19278169852984753,0.19278169852984753,0.19278169852984753,0.0,-0.027089359825658993,0.11628468858893501,0.11628468858893501
IC50,13,context_class,same_vs_different,different,6218,0.7891265544570925,0.3656265922109387,0.3770327101776169,0.3714414326564545,0.01140611796667823,0.5366692577434751,0.6549290744455125,0.6208561231206035
IC50,13,context_class,same_vs_different,same,44742,0.31436900197309475,0.15727255935598589,0.16128290330725226,0.1591010619080079,0.004010343951266371,0.4997198885103626,0.25198075962844296,0.23989837974352796
IC50,13,context_class,transition,cell_based->cell_based,3082,0.6434756750070706,0.3207017841755553,0.3221586575124307,0.3219860984072713,0.0014568733368754416,0.5016100893448204,0.5206033019617559,0.5100592657436457
IC50,13,context_class,transition,cell_based->organism_only,2548,0.7771513179004794,0.36461728208539407,0.37872093919643635,0.3724299175291671,0.014103657111042278,0.5308284581303556,0.6573123500291,0.6271745314643988
IC50,13,context_class,transition,cell_based->tissue_based,110,1.1069567927029889,0.4514868094739918,0.4518639057289816,0.442682459621415,0.00037709625498982824,0.5921369176735956,0.9352622957723319,0.9150985425501587
IC50,13,context_class,transition,organism_only->cell_based,2548,0.7771513179004794,0.3689044544124101,0.3825550589940317,0.373943781715535,0.013650604581621595,0.5253119361503144,0.6360229343409874,0.5971745103000939
IC50,13,context_class,transition,organism_only->organism_only,41412,0.2893672928214864,0.1446791638863965,0.14887932167737558,0.14654074618503893,0.00420015779097907,0.5000154907774924,0.2316855080297974,0.2194879205143088
IC50,13,context_class,transition,organism_only->subcellular_fraction,13,1.0908896801126167,0.22661292526396012,0.22354912467302698,0.2236205009432338,-0.003063800590933141,0.7922677889476725,1.0112199840981635,1.0072500961586115
IC50,13,context_class,transition,organism_only->tissue_based,434,0.7631964488392479,0.3542217038241008,0.34983084535605996,0.35341219736298946,-0.004390858468040826,0.5358708699931195,0.6172929124452257,0.5765462207963118
IC50,13,context_class,transition,subcellular_fraction->organism_only,13,1.0908896801126167,0.16574381251176268,0.1564966011039102,0.17078839809926774,-0.00924721140785248,0.8480654684581375,1.028971440817211,1.0284743948908268
IC50,13,context_class,transition,subcellular_fraction->tissue_based,4,1.509706990413034,1.459103003978814,1.4728457569121458,1.483687296177113,0.013742752933331825,0.03351907804333311,0.07954023614148897,0.060226787925986125
IC50,13,context_class,transition,tissue_based->cell_based,110,1.1069567927029889,0.34145660920842114,0.3448595855318971,0.3438278460198076,0.0034029763234759702,0.6915357388298367,0.9836524164524547,0.9664952274071726
IC50,13,context_class,transition,tissue_based->organism_only,434,0.7631964488392479,0.33792014553292726,0.3417457931643332,0.3476088787015429,0.003825647631405915,0.5572304535131513,0.6239402117049476,0.5916266700687302
IC50,13,context_class,transition,tissue_based->subcellular_fraction,4,1.509706990413034,1.4755943720491589,1.5105814689533386,1.5103242693826606,0.03498709690417967,0.022595522561992255,0.07855915821164228,0.04358507047587179
IC50,13,context_class,transition,tissue_based->tissue_based,248,0.3993045386492796,0.22916297182663575,0.23321051619471964,0.23223054670180482,0.004047544368083883,0.4260947481292818,0.3026754520955382,0.2907132464695818
IC50,13,readout_class,same_vs_different,different,15780,0.5789415311773356,0.3201269426851667,0.33106015961395463,0.3256476786946953,0.010933216928787903,0.4470478874884714,0.4320773823648034,0.4002809573931139
IC50,13,readout_class,same_vs_different,same,35180,0.2796074314927814,0.12105036513647542,0.12326264164153776,0.12192729307400886,0.0022122765050623383,0.567070286758095,0.24241873332806693,0.235292301659622
IC50,13,readout_class,transition,absorbance_color->absorbance_color,1194,0.18338709040859894,0.07857702539624989,0.07842713253262855,0.07924695114140484,-0.0001498928636213398,0.5715236812952595,0.14580361232454953,0.14303266462637831
IC50,13,readout_class,transition,absorbance_color->binding,3,0.1052336310507691,0.0904497684661516,0.11215354133845097,0.08803823814700795,0.021703772872299368,0.14048610161028416,0.1956833995169207,0.2173871723892201
IC50,13,readout_class,transition,absorbance_color->cell_viability,1,1.6812412373755876,1.6889153817186262,1.6812412373755876,1.7944003981329608,-0.007674144343038591,-0.004564570611542878,0.007674144343038591,0.0
IC50,13,readout_class,transition,absorbance_color->enzyme_activity,231,0.2525610836630598,0.2649845696236166,0.25996519478777863,0.2670077919043287,-0.005019374835837975,-0.049190024766962555,0.17315037214975604,0.16368370407104504
IC50,13,readout_class,transition,absorbance_color->fluorescence,126,0.4868251384157877,0.2760939518297636,0.3072440072733889,0.2870187318403895,0.031150055443625313,0.43286833393973745,0.4793138056636704,0.5006067260008505
IC50,13,readout_class,transition,absorbance_color->htrf_alphascreen,3,0.5392043811685868,0.3485314877191404,0.45516560514254767,0.44982599715448046,0.10663411742340728,0.35361896176772895,0.30976811448156916,0.20301073469353378
IC50,13,readout_class,transition,absorbance_color->luminescence,8,0.381410993964721,0.3558761556292226,0.3264416709612026,0.3214893971921048,-0.02943448466802001,0.0669483542413575,0.18986924356306545,0.09631106046082083
IC50,13,readout_class,transition,absorbance_color->not_extracted,142,0.4527004077236857,0.42943984994255463,0.3902569431483428,0.4095374909360088,-0.039182906794211825,0.05138179110129847,0.26290866055739115,0.21921645469222448
IC50,13,readout_class,transition,absorbance_color->radio,16,0.31746273967252275,0.22219398021468278,0.20747738446139408,0.2180315201233589,-0.014716595753288708,0.30009430258213615,0.3164289259607024,0.2846980296845761
IC50,13,readout_class,transition,binding->absorbance_color,3,0.1052336310507691,0.12213845182310361,0.14966259510790358,0.11908021368034838,0.027524143284799976,-0.1606408579038664,0.2273720828738727,0.2548962261586727
IC50,13,readout_class,transition,binding->binding,2078,0.0711348140840469,0.03166176698742772,0.03246650279070092,0.030535248236585252,0.0008047358032732058,0.5549047622445622,0.05421418999632277,0.05323825785586821
IC50,13,readout_class,transition,binding->enzyme_activity,29,0.03736640215593304,0.03554048406934807,0.0384782392537352,0.03958281377321661,0.002937755184387124,0.04886523671626879,0.012394366997981706,0.001202993695452323
IC50,13,readout_class,transition,binding->fluorescence,33,0.28072677066826573,0.22939151620855364,0.2533249680321382,0.23694230604419464,0.023933451823584584,0.18286554694270632,0.1373261432724793,0.04994227745984718
IC50,13,readout_class,transition,binding->htrf_alphascreen,5,0.5957756850723424,0.49940166745674547,0.5957756850723424,0.5069447831182913,0.09637401761559689,0.16176225386555448,0.226025028102816,0.0
IC50,13,readout_class,transition,binding->luminescence,56,0.751492626124178,0.5038876809659405,0.48623913106353595,0.4689445153810885,-0.017648549902404553,0.32948419791589917,0.621884212292638,0.6058652985546178
IC50,13,readout_class,transition,binding->mass_spec,25,0.28799594879074747,0.29344055018350124,0.29344055018350124,0.29344055018350124,0.0,-0.018905131879857498,0.3698958980818249,0.3698958980818249
IC50,13,readout_class,transition,binding->not_extracted,355,0.35050214442243677,0.1949945570121826,0.19534202458791997,0.1958967423880082,0.00034746757573736464,0.44367085875181206,0.2963331175644231,0.2903257135268836
IC50,13,readout_class,transition,binding->radio,126,0.35702136459612127,0.2537828150164149,0.27889216918021,0.25085047343438355,0.02510935416379506,0.2891663071662237,0.20167489562793572,0.12948517473990212
IC50,13,readout_class,transition,cell_viability->absorbance_color,1,1.6812412373755876,1.7368598851186379,1.6812412373755876,1.7944003981329608,-0.055618647743050253,-0.033081895986486025,0.055618647743050253,0.0
IC50,13,readout_class,transition,cell_viability->cell_viability,134,0.8495623352959687,0.33550784830925645,0.3337736958867997,0.3358136112166476,-0.001734152422456725,0.6050815409650042,0.8092999025734794,0.8129080378388317
IC50,13,readout_class,transition,cell_viability->enzyme_activity,63,0.9879813169609332,0.765102498246893,0.8562211458858217,0.7777812067361434,0.09111864763892863,0.22559011480057495,0.39094388621170345,0.34564908503268843
IC50,13,readout_class,transition,cell_viability->fluorescence,362,1.6365454458997664,0.5597404488882018,0.5703981595796829,0.5662271068044396,0.010657710691481026,0.6579743933841943,1.38236828087241,1.3568755643361503
IC50,13,readout_class,transition,cell_viability->htrf_alphascreen,15,0.723237402010966,0.37513042898195714,0.4824134054797809,0.40208840574098065,0.10728297649782376,0.48131771401906936,0.3481069730290088,0.240823996531185
IC50,13,readout_class,transition,cell_viability->luminescence,4,0.9839616375306621,0.4078246183255916,0.37290019829798404,0.4200532374057342,-0.03492442002760754,0.585527928355964,0.5772048141378407,0.6295079927729077
IC50,13,readout_class,transition,cell_viability->mass_spec,7,0.5224998027772457,0.394606599714998,0.4097737718336823,0.48005901341849605,0.015167172118684291,0.24477177289341806,0.35442850521311986,0.47364029406790664
IC50,13,readout_class,transition,cell_viability->not_extracted,21,0.8180626131816631,0.42055726015432754,0.4669003649658075,0.3968845008273235,0.04634310481147996,0.48591067067755545,0.5423482508985951,0.4545609500871483
IC50,13,readout_class,transition,cell_viability->radio,1,0.989004615698537,0.5691842584009894,0.989004615698537,0.6088800876180898,0.41982035729754763,0.424487763387259,0.41982035729754763,0.0
IC50,13,readout_class,transition,enzyme_activity->absorbance_color,231,0.2525610836630598,0.2689323842858037,0.2644137999514723,0.27192687844991714,-0.004518584334331388,-0.06482115290804161,0.17305783921739284,0.1646615915791364
IC50,13,readout_class,transition,enzyme_activity->binding,29,0.03736640215593304,0.044685622434785126,0.03849937015108893,0.039598384452421725,-0.006186252283696195,-0.19587704077872917,0.013988583976968725,0.001224127775164586
IC50,13,readout_class,transition,enzyme_activity->cell_viability,63,0.9879813169609332,0.7935650170547827,0.8669332005739416,0.817588240035788,0.07336818351915897,0.19678135261118315,0.36457077219608136,0.3284735231876213
IC50,13,readout_class,transition,enzyme_activity->enzyme_activity,6624,0.29612186042513106,0.10997732504004766,0.11238231572285783,0.11145099191140648,0.0024049906828101653,0.6286078816263098,0.2603826048981193,0.25520059858828964
IC50,13,readout_class,transition,enzyme_activity->fluorescence,1358,0.274442912223099,0.15503175871965555,0.15932805874906802,0.15790563840947278,0.004296300029412475,0.435103798222241,0.19946322464798338,0.17080065657942722
IC50,13,readout_class,transition,enzyme_activity->htrf_alphascreen,177,0.5645919451507752,0.23347622432009588,0.2374586283773677,0.23775727841501612,0.003982404057271821,0.5864690838659669,0.46584803510149725,0.4385094052072922
IC50,13,readout_class,transition,enzyme_activity->luminescence,119,0.7923542701262517,0.4072250523740832,0.43167083602923867,0.42591087207061495,0.024445783655155484,0.48605684637858143,0.6232292135282624,0.6030443008033537
IC50,13,readout_class,transition,enzyme_activity->mass_spec,83,0.12374804839873497,0.11954916108594044,0.11534593407029005,0.11426541269324311,-0.004203227015650388,0.03393093763600285,0.09769493211971562,0.09684085704168986
IC50,13,readout_class,transition,enzyme_activity->not_extracted,740,0.5874842287644698,0.44971531675102716,0.44981219488899465,0.45016187110771466,9.687813796749323e-05,0.2345065710158426,0.37657016550843886,0.30944186617764113
IC50,13,readout_class,transition,enzyme_activity->radio,178,0.27169442388358395,0.17832027791479224,0.1822619984490874,0.18533850525132914,0.003941720534295146,0.343673398349908,0.16047040859680625,0.13265384359403992
IC50,13,readout_class,transition,fluorescence->absorbance_color,126,0.4868251384157877,0.2829265122575759,0.3070592514839861,0.2876201932206096,0.024132739226410183,0.41883339636431427,0.48345674159251995,0.5101358569049808
IC50,13,readout_class,transition,fluorescence->binding,33,0.28072677066826573,0.2266858115001675,0.22452340264292844,0.21310394203566863,-0.002162408857239062,0.19250376100382077,0.14464228544208751,0.05981275211862489
IC50,13,readout_class,transition,fluorescence->cell_viability,362,1.6365454458997664,0.5768847302461386,0.5869123132817572,0.5813996323609216,0.01002758303561857,0.647498496487539,1.3302015402859857,1.3044922105096342
IC50,13,readout_class,transition,fluorescence->enzyme_activity,1358,0.274442912223099,0.15414890701938994,0.1615702090483057,0.15970700003549199,0.007421302028915777,0.438320684725573,0.1954760405920021,0.16605784070662358
IC50,13,readout_class,transition,fluorescence->fluorescence,15408,0.2534011544852251,0.08445419166057115,0.08746200478340983,0.08636153644873822,0.0030078131228386817,0.6667174155850368,0.23420448273564085,0.2306378304721581
IC50,13,readout_class,transition,fluorescence->htrf_alphascreen,370,0.43060214139840464,0.2257763919938419,0.26532117391567245,0.23942560013956715,0.03954478192183056,0.4756728536912975,0.36573028100295424,0.3055878681409964
IC50,13,readout_class,transition,fluorescence->luminescence,187,0.7911398164135389,0.49490891961476624,0.494242868766719,0.4966649602937154,-0.0006660508480472171,0.3744355809844982,0.615963022695054,0.6046810057142591
IC50,13,readout_class,transition,fluorescence->mass_spec,159,1.5119434164149668,0.40105890673354677,0.4066311232886569,0.40229911126376283,0.005572216555110143,0.7347394734622313,1.5262647217145924,1.518160916650016
IC50,13,readout_class,transition,fluorescence->not_extracted,1124,0.689894045577482,0.422571027368584,0.4516888147150431,0.4386934601448531,0.02911778734645909,0.3874841650287515,0.45156889947136364,0.40895571689877086
IC50,13,readout_class,transition,fluorescence->radio,438,0.31806686494177205,0.21109243272565542,0.22122684032682996,0.2188568237325423,0.010134407601174539,0.33632686710607296,0.21546047228125767,0.19154473182099055
IC50,13,readout_class,transition,htrf_alphascreen->absorbance_color,3,0.5392043811685868,0.33459563120176955,0.4130019812289761,0.414050801106602,0.07840635002720653,0.37946418299380363,0.3063656582136514,0.2250984174872972
IC50,13,readout_class,transition,htrf_alphascreen->binding,5,0.5957756850723424,0.48760884427428264,0.5957756850723424,0.5069447831182916,0.10816684079805972,0.18155631978321757,0.2865771715748746,0.0
IC50,13,readout_class,transition,htrf_alphascreen->cell_viability,15,0.723237402010966,0.38227132242917045,0.4824134054797809,0.4020884057409806,0.10014208305061045,0.4714442016324616,0.3409660795817955,0.240823996531185
IC50,13,readout_class,transition,htrf_alphascreen->enzyme_activity,177,0.5645919451507752,0.24557636927124307,0.24439022591415901,0.24896853803670999,-0.0011861433570840574,0.5650374197144072,0.45936786983987327,0.4313634659011267
IC50,13,readout_class,transition,htrf_alphascreen->fluorescence,370,0.43060214139840464,0.21961120991850303,0.2521801407778031,0.23142593472482592,0.03256893085930007,0.4899904370997708,0.36261777942827933,0.2997699157982711
IC50,13,readout_class,transition,htrf_alphascreen->htrf_alphascreen,1512,0.16163435128546413,0.07937317092357972,0.08127615691007017,0.07846415948833756,0.0019029859864904547,0.50893377371622,0.157199434311696,0.15643055833411182
IC50,13,readout_class,transition,htrf_alphascreen->luminescence,58,1.172081739364458,0.33034022187552653,0.329262785923653,0.3175024662045103,-0.00107743595187354,0.7181593989727645,1.193649905517122,1.1884589436358561
IC50,13,readout_class,transition,htrf_alphascreen->not_extracted,87,0.9863676359178146,0.39169599229715907,0.41828023192760655,0.3863293988163147,0.02658423963044748,0.6028904659542219,0.8220409359699374,0.754201409214265
IC50,13,readout_class,transition,htrf_alphascreen->radio,66,0.38509106802258586,0.14817280955192386,0.1643546833115067,0.15834289877255767,0.016181873759582854,0.6152265740340843,0.3189535403701362,0.2806197631045678
IC50,13,readout_class,transition,luminescence->absorbance_color,8,0.381410993964721,0.33373183914947957,0.3264416709612026,0.3214893971921048,-0.007290168188276991,0.12500729021893786,0.2045068821308661,0.09631106046082083
IC50,13,readout_class,transition,luminescence->binding,56,0.751492626124178,0.5958087461632141,0.5883668260302247,0.5862934223082499,-0.007441920132989388,0.20716621101647165,0.7315620687502543,0.7259388998268174
IC50,13,readout_class,transition,luminescence->cell_viability,4,0.9839616375306621,0.5850986535585085,0.591389332919209,0.5839200883716533,0.006290679360700491,0.4053643645834965,0.41582069070785965,0.4110188581516827
IC50,13,readout_class,transition,luminescence->enzyme_activity,119,0.7923542701262517,0.35015343803782556,0.34166830776650753,0.352905451499359,-0.008485130271318031,0.558084746634819,0.6611363358330575,0.6613706533102466
IC50,13,readout_class,transition,luminescence->fluorescence,187,0.7911398164135389,0.32765516904615605,0.3202401215613472,0.335365955666927,-0.007415047484808868,0.5858441678090356,0.7163757953348813,0.7155963904656635
IC50,13,readout_class,transition,luminescence->htrf_alphascreen,58,1.172081739364458,0.3332657618933235,0.3097702075966873,0.323031345118633,-0.023495554296636245,0.7156633784994967,1.1615004955212216,1.1568217958497653
IC50,13,readout_class,transition,luminescence->luminescence,1418,0.26393779761170355,0.15599027080541011,0.15709822425180192,0.15633387826222528,0.0011079534463918073,0.4089885108653601,0.2295204467576489,0.22225927560535783
IC50,13,readout_class,transition,luminescence->not_extracted,198,0.7558636204759543,0.3707428577828696,0.3763692467051735,0.3796930255390047,0.005626388922303938,0.5095109121015519,0.581501218784939,0.55614964108687
IC50,13,readout_class,transition,luminescence->radio,110,0.8003532563126907,0.4028763347113948,0.40989778430544266,0.4102631666822234,0.007021449594047879,0.4966268562865762,0.581210679304386,0.5714420091703997
IC50,13,readout_class,transition,mass_spec->binding,25,0.28799594879074747,0.3054955171939573,0.3054955171939573,0.3054955171939573,0.0,-0.0607632450271885,0.4138309099452725,0.4138309099452725
IC50,13,readout_class,transition,mass_spec->cell_viability,7,0.5224998027772457,0.5066351922365566,0.514598971836546,0.48005901341849605,0.007963779599989396,0.03036290244774039,0.3047442112819129,0.38001965251326525
IC50,13,readout_class,transition,mass_spec->enzyme_activity,83,0.12374804839873497,0.09798780521573443,0.08621320233373352,0.11274672296024389,-0.011774602882000912,0.20816686417548289,0.07104483180606337,0.07027182810868159
IC50,13,readout_class,transition,mass_spec->fluorescence,159,1.5119434164149668,0.3133476361635169,0.3176203361130183,0.31406817069765963,0.004272699949501413,0.7927517440391328,1.4974365200677777,1.4903180684372146
IC50,13,readout_class,transition,mass_spec->mass_spec,284,0.40408528695569784,0.1419765906718946,0.1386412442093183,0.138129851824496,-0.0033353464625762996,0.6486469682142614,0.39040440691394257,0.39503752924496377
IC50,13,readout_class,transition,mass_spec->not_extracted,19,0.507623294513847,0.43414189199418385,0.4516517307329199,0.45934114984195884,0.017509838738736072,0.14475577325511949,0.5179972819985637,0.5080304782823661
IC50,13,readout_class,transition,mass_spec->radio,8,1.1344749648760208,0.9657272407530567,0.9704875191886508,0.9728699176230268,0.004760278435594123,0.14874521637540536,0.2349326597856526,0.25145575919996266
IC50,13,readout_class,transition,not_extracted->absorbance_color,142,0.4527004077236857,0.40960843978958017,0.4008192087569879,0.3861968701050273,-0.00878923103259227,0.09518871023506462,0.2671493915148481,0.2603475888431348
IC50,13,readout_class,transition,not_extracted->binding,355,0.35050214442243677,0.19839338766977166,0.19905077320376474,0.20204809429529438,0.0006573855339930823,0.4339738263322538,0.272102615686115,0.2604648858269662
IC50,13,readout_class,transition,not_extracted->cell_viability,21,0.8180626131816631,0.39290073797433306,0.4835790757422779,0.4224263376948517,0.09067833776794482,0.5197180122359613,0.5387997153128752,0.434174936592865
IC50,13,readout_class,transition,not_extracted->enzyme_activity,740,0.5874842287644698,0.45697562305918266,0.46050206988848313,0.4602819135807501,0.003526446829300478,0.2221482710774348,0.3608462030688065,0.2916843065611231
IC50,13,readout_class,transition,not_extracted->fluorescence,1124,0.689894045577482,0.41852361993076387,0.44907198540873666,0.43386606909835723,0.030548365477972794,0.39335087378463324,0.45939132867818516,0.4166511974607982
IC50,13,readout_class,transition,not_extracted->htrf_alphascreen,87,0.9863676359178146,0.5297542866236832,0.5600590294670339,0.5264669894770774,0.030304742843350718,0.4629240991562471,0.8306615264599349,0.7619410641331774
IC50,13,readout_class,transition,not_extracted->luminescence,198,0.7558636204759543,0.37262385582208224,0.38465604534016234,0.39159114180897964,0.012032189518080105,0.5070223705336587,0.5714317708435395,0.5326873741746856
IC50,13,readout_class,transition,not_extracted->mass_spec,19,0.507623294513847,0.4343773072433792,0.4446451324053361,0.45278735348913146,0.0102678251619569,0.14429201351095564,0.5159051791305059,0.4924529671454307
IC50,13,readout_class,transition,not_extracted->not_extracted,4466,0.48336724952346516,0.29341930230163893,0.2925528519506384,0.29143365081965117,-0.000866450351000525,0.3929681777346092,0.37489775799058084,0.34727692150164374
IC50,13,readout_class,transition,not_extracted->radio,779,0.6296472032813399,0.3521340914786458,0.3499575553450575,0.3497608488899464,-0.0021765361335883138,0.4407438171033935,0.4574584992567072,0.4341241983272596
IC50,13,readout_class,transition,radio->absorbance_color,16,0.31746273967252275,0.28253462602672774,0.2734090754003871,0.2747340371960995,-0.009125550626340628,0.11002271851438361,0.33727128932464817,0.2940043598676243
IC50,13,readout_class,transition,radio->binding,126,0.35702136459612127,0.2648567446224878,0.30123348394342675,0.2634359069140661,0.03637673932093893,0.258148752744515,0.18212164864862043,0.13024393336076764
IC50,13,readout_class,transition,radio->cell_viability,1,0.989004615698537,0.6379568804850893,0.989004615698537,0.6088800876180889,0.3510477352134478,0.3549505529511626,0.3510477352134478,0.0
IC50,13,readout_class,transition,radio->enzyme_activity,178,0.27169442388358395,0.18264995415051927,0.1925993664251279,0.18909542738861826,0.009949412274608632,0.327737568037902,0.17141464632534248,0.14917393594735004
IC50,13,readout_class,transition,radio->fluorescence,438,0.31806686494177205,0.20955653985766165,0.21931335912275154,0.21447487855339512,0.009756819265089894,0.34115570354672187,0.23749030449231573,0.22088593250526856
IC50,13,readout_class,transition,radio->htrf_alphascreen,66,0.38509106802258586,0.15597397550794978,0.15985983431096132,0.1553307460734216,0.003885858803011538,0.5949685971454373,0.3096012762895031,0.27535755710871374
IC50,13,readout_class,transition,radio->luminescence,110,0.8003532563126907,0.4015348701744546,0.41670214502724756,0.40906046027481896,0.015167274852792956,0.4983029468457881,0.5696630703043865,0.569133299372484
IC50,13,readout_class,transition,radio->mass_spec,8,1.1344749648760208,0.9190536007822306,0.8974955664787997,0.9268562806933193,-0.02155803430343095,0.18988639746433908,0.28048117743344514,0.3187462340271904
IC50,13,readout_class,transition,radio->not_extracted,779,0.6296472032813399,0.3534623928408054,0.3630599276477676,0.36038812688381894,0.009597534806962238,0.43863422087992543,0.4421420150870489,0.42049056646575955
IC50,13,readout_class,transition,radio->radio,2062,0.2899690938812926,0.16114514707320546,0.1682549263833,0.16310829578947802,0.007109779310094544,0.4442678531141151,0.21890757994260704,0.20771624162045674
IC50,17,assay_type_class,same_vs_different,different,1580,0.6530912183538625,0.3859746786868403,0.3930158551069854,0.39096949998858826,0.007041176420145068,0.4090034166135292,0.49200076623601807,0.47043705356657173
IC50,17,assay_type_class,same_vs_different,same,50830,0.3724760281373945,0.18840311137026025,0.1937262833847378,0.19111002845745895,0.005323172014477545,0.49418728417936103,0.2925694946319283,0.2792970883899456
IC50,17,assay_type_class,transition,adme->adme,78,0.3289499463617174,0.18283613201892188,0.18788100865143748,0.18563063089395376,0.005044876632515599,0.4441825145705511,0.213338649165859,0.2024758316044745
IC50,17,assay_type_class,transition,adme->binding,199,0.8386035576728411,0.5883168307008839,0.5902923503726529,0.6004765997900424,0.0019755196717690104,0.29845655277985345,0.5077287844772472,0.3985136990107544
IC50,17,assay_type_class,transition,binding->adme,199,0.8386035576728411,0.530458899065688,0.5378881669416447,0.537611291523863,0.007429267875956658,0.36744973925732805,0.4972218657257129,0.39425144174819315
IC50,17,assay_type_class,transition,binding->binding,49568,0.3688733804444382,0.18599630976221715,0.19144964232290826,0.18872347098581418,0.00545333256069111,0.49577193795302077,0.28836916550663844,0.27474017296604497
IC50,17,assay_type_class,transition,binding->functional,574,0.5895779580207139,0.33694696600852936,0.34722681056554017,0.33946258604401025,0.010279844557010809,0.42849463514595765,0.48791253644642896,0.49617312854341855
IC50,17,assay_type_class,transition,binding->toxicity,15,0.6362140408984654,0.4372768925848222,0.42722735749229057,0.428156440992133,-0.010049535092531647,0.31268902527316583,0.3048633311387939,0.25697935062474125
IC50,17,assay_type_class,transition,functional->binding,574,0.5895779580207139,0.309996657836578,0.31547871741140193,0.31415825649295576,0.00548205957482395,0.4742058219454555,0.5020132726146742,0.5103706820822572
IC50,17,assay_type_class,transition,functional->functional,1182,0.527022528208861,0.289970917041995,0.2898767605031559,0.2918413563987395,-9.415653883909636e-05,0.44979407611380423,0.47438745791648984,0.4759365434981972
IC50,17,assay_type_class,transition,functional->toxicity,2,0.5494980026445981,0.5591478458587327,0.5494980026445981,0.544980108784964,-0.009649843214134535,-0.01756119798014228,0.009649843214134535,0.0
IC50,17,assay_type_class,transition,toxicity->binding,15,0.6362140408984654,0.47616477869446855,0.4971835127842842,0.49811259628412663,0.02101873408981564,0.2515651210368987,0.3003621637538838,0.2612962710429064
IC50,17,assay_type_class,transition,toxicity->functional,2,0.5494980026445981,0.5190306268307312,0.5494980026445981,0.544980108784964,0.030467375813866937,0.055445835412021485,0.030467375813866937,0.0
IC50,17,assay_type_class,transition,toxicity->toxicity,2,0.02103209738113243,0.029113207816267916,0.02103209738113243,0.02103209738113243,-0.008081110435135486,-0.3842275113458216,0.029113207816267916,0.0
IC50,17,bao_format_first,same_vs_different,different,12722,0.6431277021485502,0.34523398134479594,0.3619925519008677,0.3529830171140009,0.016758570556071772,0.4631952873567037,0.47991010294294123,0.4485811475937983
IC50,17,bao_format_first,same_vs_different,same,39688,0.29688999215100303,0.1459963574029188,0.14772230372486442,0.1471781045341234,0.001725946321945615,0.5082476295507371,0.24045687092203497,0.23264241553637918
IC50,17,bao_format_first,transition,BAO_0000019->BAO_0000019,6062,0.22085609091719402,0.12502535258757383,0.1270468760805898,0.12725692747546527,0.0020215234930159587,0.4339057978054596,0.17897419118448019,0.17543356474382088
IC50,17,bao_format_first,transition,BAO_0000019->BAO_0000219,1243,0.5442162485342885,0.31887865847022584,0.33700177842362966,0.3232524390236732,0.01812311995340382,0.41405891623220287,0.4200790632645294,0.39343520127305887
IC50,17,bao_format_first,transition,BAO_0000019->BAO_0000220,6,2.2844270845668735,0.34965531160182817,0.3521275993009965,0.34006145969808593,0.0024722876991683518,0.8469396051359973,1.9544120801497897,1.945016701184808
IC50,17,bao_format_first,transition,BAO_0000019->BAO_0000221,78,0.8989750266650642,0.4260840781286973,0.44025706601806164,0.44378478802649657,0.01417298788936433,0.5260334653462563,0.5902714602251485,0.5848743676264447
IC50,17,bao_format_first,transition,BAO_0000019->BAO_0000224,56,1.820226901836867,1.651274947200136,1.7774871912266932,1.7128707872072269,0.12621224402655717,0.09281917241539206,0.5483567652577024,0.13705527829205816
IC50,17,bao_format_first,transition,BAO_0000019->BAO_0000249,31,0.3665583151456799,0.35070456497891245,0.3600999033838527,0.3540244494799254,0.009395338404940279,0.043250281092291516,0.04792632816186518,0.045281305781574625
IC50,17,bao_format_first,transition,BAO_0000019->BAO_0000251,16,0.4405863498974359,0.48191646843441716,0.5220182188457878,0.48340784216076044,0.04010175041137065,-0.0938070790132343,0.09123707626636696,0.081463289059861
IC50,17,bao_format_first,transition,BAO_0000019->BAO_0000357,1488,0.37310604598659425,0.24964313994415277,0.26639826880884077,0.25594548635338965,0.016755128864687996,0.3309056697700297,0.23344968023166082,0.20273174389513135
IC50,17,bao_format_first,transition,BAO_0000019->BAO_0000366,19,1.3896474624600843,0.46398950942468514,0.4607369415968881,0.47399693562317136,-0.003252567827797037,0.6661099149540508,1.3329954173086334,1.3321112005133195
IC50,17,bao_format_first,transition,BAO_0000218->BAO_0000218,300,0.2659824317121796,0.14691923271214966,0.14687932489109226,0.14687932489109226,-3.990782105739443e-05,0.4476355759047598,0.1985601132845046,0.19863030893388606
IC50,17,bao_format_first,transition,BAO_0000218->BAO_0000219,45,1.5569366256755448,0.4241877303156484,0.46929281055166033,0.4370485478707584,0.04510508023601195,0.7275497773510234,1.3819855768662004,1.349127101124783
IC50,17,bao_format_first,transition,BAO_0000218->BAO_0000357,112,0.09963474053729661,0.09732095139100984,0.10102767320708995,0.10061915158075085,0.0037067218160801163,0.023222714625534078,0.0822387688062759,0.08616993557975425
IC50,17,bao_format_first,transition,BAO_0000219->BAO_0000019,1243,0.5442162485342885,0.30622582263265036,0.32132506800755456,0.311974996980113,0.015099245374904202,0.4373085635399648,0.4124497059901415,0.38432627383556645
IC50,17,bao_format_first,transition,BAO_0000219->BAO_0000218,45,1.5569366256755448,0.36265606402859857,0.40722561157720494,0.36856158365691666,0.04456954754860637,0.767070760589729,1.3449809587566564,1.2962945522258547
IC50,17,bao_format_first,transition,BAO_0000219->BAO_0000219,6318,0.4010349757105874,0.2028942697558927,0.20595752700507383,0.20352542025897458,0.003063257249181134,0.4940733800178211,0.3326096159117268,0.32880803791454694
IC50,17,bao_format_first,transition,BAO_0000219->BAO_0000220,10,0.6336128663315157,0.2020219898327265,0.18828477827970183,0.20354834667195165,-0.01373721155302468,0.6811586371306014,0.5890113999932179,0.5935261712031858
IC50,17,bao_format_first,transition,BAO_0000219->BAO_0000221,69,1.0722116131006854,0.5514420617738084,0.5699346676062504,0.5626646087012942,0.018492605832442055,0.48569661526131447,0.7931000871156879,0.7745488150724789
IC50,17,bao_format_first,transition,BAO_0000219->BAO_0000224,28,1.8159034669892449,1.5258021287384136,1.883206905847929,1.6062326240744014,0.35740477710951546,0.1597559250943098,0.5124169733010654,0.20920529600757495
IC50,17,bao_format_first,transition,BAO_0000219->BAO_0000249,16,0.3999567699570284,0.4464558179348615,0.47399227433329766,0.4466368995295953,0.02753645639843616,-0.11626018477654221,0.6602608248037909,0.6262629022580395
IC50,17,bao_format_first,transition,BAO_0000219->BAO_0000251,3,0.5781842144058708,0.42736150250113675,0.48202420680310915,0.4421569381125643,0.0546627043019724,0.2608558105650049,0.20548106240265915,0.14528448507588068
IC50,17,bao_format_first,transition,BAO_0000219->BAO_0000252,3,0.8220802859277315,0.35490635280379773,0.34272438175587777,0.34616085645929334,-0.01218197104791996,0.5682826131716808,0.8492165561278705,0.8363851188561012
IC50,17,bao_format_first,transition,BAO_0000219->BAO_0000357,2534,0.8178383655827614,0.3421456875164315,0.3556772912265523,0.34482981163841275,0.013531603710120799,0.5816463228982525,0.6740979628463464,0.6610044736943088
IC50,17,bao_format_first,transition,BAO_0000219->BAO_0000366,26,1.5972130018752482,0.5206624196001092,0.5088583176692372,0.518498531195943,-0.011804101930872002,0.6740181685292992,1.5445012747923539,1.5668006526134872
IC50,17,bao_format_first,transition,BAO_0000220->BAO_0000019,6,2.2844270845668735,0.24244464087165282,0.27443884476601293,0.23117459470079713,0.03199420389436011,0.8938707028516866,2.197048408735903,2.2184431431726197
IC50,17,bao_format_first,transition,BAO_0000220->BAO_0000219,10,0.6336128663315157,0.3301478513976964,0.3314848083963926,0.3299993006200637,0.0013369569986961816,0.47894389627978584,0.5866628032356498,0.5884781107557148
IC50,17,bao_format_first,transition,BAO_0000220->BAO_0000357,5,1.2709795666306403,0.7028465151515475,0.7017224113297333,0.7106493590556433,-0.0011241038218141597,0.44700407968415284,0.93279154016415,0.9468979692087844
IC50,17,bao_format_first,transition,BAO_0000221->BAO_0000019,78,0.8989750266650642,0.38562529874385043,0.4073613325932892,0.41375373936457666,0.021736033849438785,0.5710389195410599,0.5991888204303004,0.5902611424688978
IC50,17,bao_format_first,transition,BAO_0000221->BAO_0000219,69,1.0722116131006854,0.5415789576871352,0.5690582487767367,0.554185945389756,0.027479291089601565,0.49489545620480185,0.7923623845540614,0.772977789733816
IC50,17,bao_format_first,transition,BAO_0000221->BAO_0000221,48,0.8537142349638911,0.28149485618486153,0.2866584599497062,0.28194430787532215,0.005163603764844649,0.6702703965141594,0.7359770099888369,0.7325119727173989
IC50,17,bao_format_first,transition,BAO_0000221->BAO_0000249,6,0.7738511645026849,0.7689684787027237,0.7738511645026849,0.782959414470097,0.004882685799961206,0.006309592882888613,0.04770515098164241,0.0
IC50,17,bao_format_first,transition,BAO_0000221->BAO_0000251,9,0.8151270994655557,0.7745162530387791,0.8151270994655557,0.8000368998471974,0.04061084642677659,0.04982148974485501,0.05686337188595046,0.0
IC50,17,bao_format_first,transition,BAO_0000221->BAO_0000252,2,2.474536160885169,2.381817406220553,2.474536160885169,2.459154621276614,0.09271875466461577,0.037469145179696725,0.09271875466461577,0.0
IC50,17,bao_format_first,transition,BAO_0000221->BAO_0000357,68,0.7987964597143525,0.3789122095001446,0.4449159820928182,0.40208805629214384,0.06600377259267359,0.5256461081016276,0.6132940692349393,0.5339059995814084
IC50,17,bao_format_first,transition,BAO_0000224->BAO_0000019,56,1.820226901836867,1.6458355258022574,1.7774871912266932,1.7516355156180192,0.13165166542443574,0.09580749293322938,0.48617354046883715,0.13705527829205816
IC50,17,bao_format_first,transition,BAO_0000224->BAO_0000219,28,1.8159034669892449,1.506166439412095,1.883206905847929,1.5926507956443212,0.377040466435834,0.17056910414444643,0.5236840403946939,0.20920529600757495
IC50,17,bao_format_first,transition,BAO_0000224->BAO_0000224,90,0.3333431022009756,0.3232656299426421,0.32403882316457483,0.3223671172324825,0.0007731932219327553,0.03023153079153188,0.2858038913248377,0.24192741884407176
IC50,17,bao_format_first,transition,BAO_0000224->BAO_0000357,51,0.4722283266128858,0.2980063048409622,0.2856995352947691,0.30542015102702436,-0.012306769546193086,0.3689359827724692,0.36927558621759005,0.3672077312027427
IC50,17,bao_format_first,transition,BAO_0000249->BAO_0000019,31,0.3665583151456799,0.32627774180843044,0.3288657965555636,0.33847300561073235,0.0025880547471331394,0.10988858163329587,0.044867067992077035,0.041050164936334836
IC50,17,bao_format_first,transition,BAO_0000249->BAO_0000219,16,0.3999567699570284,0.4579038166987609,0.43045050707926885,0.5001488708168709,-0.02745330961949205,-0.1448832751298556,0.6956073383555277,0.6596336245659098
IC50,17,bao_format_first,transition,BAO_0000249->BAO_0000221,6,0.7738511645026849,0.7944714337875114,0.7738511645026849,0.7829594144700964,-0.02062026928482652,-0.026646298707940986,0.02062026928482652,0.0
IC50,17,bao_format_first,transition,BAO_0000249->BAO_0000249,164,0.036401430368934375,0.021552960791784793,0.021482601670384485,0.02165157216849574,-7.035912140030895e-05,0.40790895925401677,0.03326403137906975,0.03266126072412295
IC50,17,bao_format_first,transition,BAO_0000249->BAO_0000251,9,1.1477983100951945,1.1122123732368232,1.1477983100951945,1.1480625920215946,0.0355859368583713,0.031003649809712583,0.03558593685837133,0.0
IC50,17,bao_format_first,transition,BAO_0000249->BAO_0000357,35,0.21046808844234302,0.16569923030832723,0.15709319998297283,0.17087711132829017,-0.008606030325354397,0.2127109076979148,0.07728535704052081,0.08510685211630538
IC50,17,bao_format_first,transition,BAO_0000251->BAO_0000019,16,0.4405863498974359,0.49693551027839766,0.523297396297953,0.4866110989305999,0.02636188601955536,-0.12789583788530737,0.08973776157958374,0.08276134559767567
IC50,17,bao_format_first,transition,BAO_0000251->BAO_0000219,3,0.5781842144058708,0.5094871887106764,0.552629569119321,0.5068785202357589,0.0431423804086446,0.11881511806022904,0.2668909123274634,0.21588984739209258
IC50,17,bao_format_first,transition,BAO_0000251->BAO_0000221,9,0.8151270994655557,0.8072040391002151,0.8151270994655557,0.8000368998471974,0.007923060365340628,0.009720030619194778,0.02627216372853574,0.0
IC50,17,bao_format_first,transition,BAO_0000251->BAO_0000249,9,1.1477983100951945,1.1528857409494806,1.1477983100951945,1.1480625920215948,-0.00508743085428609,-0.004432338686632285,0.005087430854286288,0.0
IC50,17,bao_format_first,transition,BAO_0000251->BAO_0000251,14,0.10179418959484199,0.180636690815746,0.17407156325901735,0.19488996112951204,-0.006565127556728639,-0.7745285024097194,0.08366861493745859,0.07366380303400735
IC50,17,bao_format_first,transition,BAO_0000251->BAO_0000357,9,0.5545582716905707,0.6519430385205217,0.6559637228618908,0.6478885021846136,0.004020684341369041,-0.17560781580819917,0.12111673353375323,0.10155404224742821
IC50,17,bao_format_first,transition,BAO_0000252->BAO_0000219,3,0.8220802859277315,0.3538921926286574,0.3643516719139755,0.36490450792964424,0.010459479285318096,0.5695162641818079,0.9129106097912061,0.9066421254228766
IC50,17,bao_format_first,transition,BAO_0000252->BAO_0000221,2,2.474536160885169,2.3976257614797607,2.474536160885169,2.459154621276614,0.07691039940540811,0.031080733682993106,0.07691039940540811,0.0
IC50,17,bao_format_first,transition,BAO_0000357->BAO_0000019,1488,0.37310604598659425,0.2520476115819214,0.27249807143380606,0.26177693405754965,0.02045045985188465,0.3244611973107037,0.21918230091694083,0.1867401833652792
IC50,17,bao_format_first,transition,BAO_0000357->BAO_0000218,112,0.09963474053729661,0.11158493676933048,0.1167919922105907,0.11749904755780263,0.005207055441260211,-0.11994005471977434,0.08740493233987069,0.08988889919254765
IC50,17,bao_format_first,transition,BAO_0000357->BAO_0000219,2534,0.8178383655827614,0.3607542822684483,0.37511210934350386,0.3684295928314744,0.014357827075055563,0.558892933554923,0.6712014011451802,0.6508800796016725
IC50,17,bao_format_first,transition,BAO_0000357->BAO_0000220,5,1.2709795666306403,0.49753950250077406,0.4634196287886573,0.509008543059348,-0.03411987371211678,0.6085385512374928,0.9913098472639101,1.014821004235292
IC50,17,bao_format_first,transition,BAO_0000357->BAO_0000221,68,0.7987964597143525,0.40647769606546064,0.47247288201468485,0.43004886382391166,0.06599518594922421,0.4911373340202134,0.5706189923262984,0.4918780528840904
IC50,17,bao_format_first,transition,BAO_0000357->BAO_0000224,51,0.4722283266128858,0.36585575801093,0.35347429848737955,0.36728297039825203,-0.012381459523550464,0.2252566451591876,0.31707079410180616,0.30328131694808586
IC50,17,bao_format_first,transition,BAO_0000357->BAO_0000249,35,0.21046808844234302,0.17484757916198618,0.19040318703850165,0.1826365433326279,0.01555560787651547,0.16924422863333485,0.07009745246119188,0.05598366216799267
IC50,17,bao_format_first,transition,BAO_0000357->BAO_0000251,9,0.5545582716905707,0.4854311379220408,0.5212102539680382,0.5011800090492834,0.03577911604599743,0.12465260604227554,0.1536857131342291,0.1374794358263126
IC50,17,bao_format_first,transition,BAO_0000357->BAO_0000357,26608,0.29020345968133543,0.1364435321218581,0.1376977648998919,0.137520336089023,0.001254232778033798,0.52983492246549,0.23361905887853013,0.22414538664480138
IC50,17,bao_format_first,transition,BAO_0000357->BAO_0000366,384,0.4360142345967604,0.4719533070656546,0.43925584022200254,0.46422037455064946,-0.032697466843652045,-0.08242637422636383,0.28643335872103703,0.18859244620587182
IC50,17,bao_format_first,transition,BAO_0000366->BAO_0000019,19,1.3896474624600843,0.44106064306493215,0.4555930441238613,0.46494689155274244,0.014532401058929167,0.6826096870035474,1.330309474489148,1.336175318160232
IC50,17,bao_format_first,transition,BAO_0000366->BAO_0000219,26,1.5972130018752482,0.38714687905823364,0.3768302273331608,0.37608536172425044,-0.010316651725072845,0.7576109895150528,1.6630445573989843,1.696057999928166
IC50,17,bao_format_first,transition,BAO_0000366->BAO_0000357,384,0.4360142345967604,0.4280911786503416,0.43296902717990743,0.45790433946931497,0.004877848529565854,0.01817155339835713,0.2807169654550162,0.19318956511521204
IC50,17,bao_format_first,transition,BAO_0000366->BAO_0000366,84,0.3630822426627742,0.3723716352191408,0.4118547281929632,0.37939200539737816,0.03948309297382241,-0.025584816509449708,0.16075394980766405,0.06254061754753532
IC50,17,assay_organism_first,same_vs_different,same,52410,0.38093571141428856,0.1943592853134046,0.19973424986672886,0.1971351756625569,0.005374964553324257,0.48978455028064255,0.2985817329287125,0.28505936934737874
IC50,17,assay_organism_first,transition,Anopheles gambiae->Anopheles gambiae,10,0.1718635341308518,0.25400342817057026,0.2525070576422447,0.25416969156260627,-0.0014963705283255746,-0.47793672145237953,0.17626642151100108,0.1769549490203568
IC50,17,assay_organism_first,transition,Bacillus anthracis->Bacillus anthracis,20,0.8921800836984739,0.2119334735018617,0.21270964904439388,0.21184723177491355,0.0007761755425321759,0.7624543773457648,0.7900800994009629,0.7905387809084702
IC50,17,assay_organism_first,transition,Bacteria->Bacteria,2,1.3447220613458981,1.3225638041091414,1.3447220613458981,1.3447220613458981,0.022158257236756684,0.016477945795415186,0.09830725097537685,0.0
IC50,17,assay_organism_first,transition,Bos taurus->Bos taurus,276,0.2832525370477022,0.27874232691504447,0.28032955880721705,0.2794675464277628,0.0015872318921725803,0.015922929339546123,0.07063800817802128,0.007815371930807075
IC50,17,assay_organism_first,transition,Callithrix jacchus->Callithrix jacchus,2,0.0,0.0,0.0,0.0,0.0,0.0,0.0,0.0
IC50,17,assay_organism_first,transition,Candida albicans->Candida albicans,54,0.9682085687213233,0.6081655489258517,0.6106448105382015,0.6106448105382015,0.0024792616123497924,0.3718651449975979,0.6971277949791457,0.707635724500062
IC50,17,assay_organism_first,transition,Cavia porcellus->Cavia porcellus,18,0.15282436190088453,0.03310590276229814,0.02193605011513316,0.03429391019971476,-0.011169852647164982,0.7833728709839519,0.18593026466318266,0.1745982642629244
IC50,17,assay_organism_first,transition,Cryptosporidium parvum->Cryptosporidium parvum,48,0.4262861585399024,0.24397158187576992,0.24386833740554392,0.24398305348357288,-0.00010324447022599936,0.4276812019620548,0.3503702696036857,0.3517190929789818
IC50,17,assay_organism_first,transition,Electrophorus electricus->Electrophorus electricus,10,1.0054179572319106,0.8525341138612823,0.8447526945464492,0.8360035058426039,-0.007781419314833116,0.15205998885433075,0.31552570573744954,0.34168890906845883
IC50,17,assay_organism_first,transition,Equus caballus->Equus caballus,1818,0.39131948508696396,0.4687435523316431,0.4667803906494401,0.48724375677665,-0.0019631616822030074,-0.1978538513804724,0.2393256075427359,0.1288681256608859
IC50,17,assay_organism_first,transition,Escherichia coli->Escherichia coli,4,0.3015084693962087,0.13733292284074916,0.13313641696650835,0.13779920127122058,-0.004196505874240808,0.5445138801050341,0.4051197464484122,0.40304934292588834
IC50,17,assay_organism_first,transition,Hepacivirus hominis->Hepacivirus hominis,8,0.7879825154955471,0.3652817992347548,0.3489190095885262,0.35448480086814715,-0.016362789646228615,0.5364341314032379,0.6817359027324932,0.6711613052936374
IC50,17,assay_organism_first,transition,Homo sapiens->Homo sapiens,47020,0.37564853374865087,0.17766498763231284,0.1833342567817638,0.1800715693410295,0.005669269149450956,0.5270446396812246,0.3000345417037808,0.28973450958617103
IC50,17,assay_organism_first,transition,Human immunodeficiency virus 1->Human immunodeficiency virus 1,952,0.7652049307859237,0.3086319444025684,0.32375587897876956,0.30405284003209954,0.015123934576201148,0.5966675958483697,0.6656045957115437,0.6673716768055702
IC50,17,assay_organism_first,transition,Mus musculus->Mus musculus,208,0.39838867604921213,0.25436810937079224,0.2582115502239933,0.25120722705418674,0.003843440853201041,0.36150768166068387,0.3621211804878795,0.36644500681914843
IC50,17,assay_organism_first,transition,Mycobacterium tuberculosis->Mycobacterium tuberculosis,8,4.260868909646717,0.1643425671687801,0.06240266062629718,0.17876178066193493,-0.10193990654248292,0.9614297997301198,4.140741871902,4.234047783893811
IC50,17,assay_organism_first,transition,Mycolicibacterium smegmatis->Mycolicibacterium smegmatis,30,1.1975048911405775,1.183430148603347,1.1975048911405775,1.1975048911405775,0.014074742537230511,0.011753390438200933,0.02916188426717244,0.0
IC50,17,assay_organism_first,transition,Oryctolagus cuniculus->Oryctolagus cuniculus,104,0.24160305820978595,0.1558111713503873,0.15656026849723445,0.1555098698524648,0.0007490971468471497,0.355094374612199,0.17127645104388473,0.1713995477854002
IC50,17,assay_organism_first,transition,Ovis aries->Ovis aries,2,0.0,0.05386271946229515,0.062147906748844406,0.062147906748844406,0.008285187286549256,-53862719462.29515,0.05386271946229515,0.062147906748844406
IC50,17,assay_organism_first,transition,Photinus pyralis->Photinus pyralis,126,0.3395845671340067,0.3356021640765559,0.3422404813963336,0.3422404813963336,0.006638317319777709,0.011727279278505184,0.355064758497548,0.3620560222117128
IC50,17,assay_organism_first,transition,Plasmodium falciparum->Plasmodium falciparum,16,0.023325486471053813,0.040641970426551266,0.04034304800357924,0.04067518402910364,-0.00029892242297202554,-0.7423846862523814,0.03252415468816783,0.03362931635604838
IC50,17,assay_organism_first,transition,Pneumocystis carinii->Pneumocystis carinii,116,0.022263685365839673,0.0173689584784181,0.014109735787851707,0.01595339496277182,-0.003259222690566393,0.21985250002372947,0.026452503249820493,0.02333061117809766
IC50,17,assay_organism_first,transition,Pseudomonas aeruginosa->Pseudomonas aeruginosa,32,0.5275695318257057,0.1257162297137177,0.12570715478089492,0.12570715478089492,-9.074932822789039e-06,0.7617068042601617,0.49857485485066144,0.49857568060580926
IC50,17,assay_organism_first,transition,Rattus norvegicus->Rattus norvegicus,1052,0.3053522230352526,0.2839690016211845,0.2872345336671839,0.28626757630053484,0.0032655320459993864,0.07002805219989981,0.08801758214414179,0.07723703883645568
IC50,17,assay_organism_first,transition,Saccharomyces cerevisiae S288c->Saccharomyces cerevisiae S288c,56,0.33400503979183943,0.17662636178286564,0.17659994326787937,0.17659994326787937,-2.641851498627612e-05,0.47118653690691686,0.31257839361470835,0.31265144550086216
IC50,17,assay_organism_first,transition,Schistosoma mansoni->Schistosoma mansoni,4,0.003859465057020728,0.7725136256721867,0.8134268129834972,0.7679677159709297,0.04091318731131044,-199.16080318356873,0.7722947638530273,0.8132079511643378
IC50,17,assay_organism_first,transition,Severe acute respiratory syndrome coronavirus 2->Severe acute respiratory syndrome coronavirus 2,14,0.5849949242351952,0.46671284324919593,0.4639331082700128,0.4696201970902864,-0.002779734979183157,0.20219334576387596,0.21001471168714023,0.20461065361847153
IC50,17,assay_organism_first,transition,Spinacia oleracea->Spinacia oleracea,2,0.8477599490152805,0.8337906065278822,0.8477599490152805,0.8477599490152805,0.01396934248739834,0.0164779457954159,0.03390458492450543,0.0
IC50,17,assay_organism_first,transition,Staphylococcus aureus->Staphylococcus aureus,10,0.21595092608120225,0.11268775943320675,0.1092884845076286,0.11306545664715983,-0.0033992749255781496,0.47817885536256655,0.2913458928509434,0.28892167661081614
IC50,17,assay_organism_first,transition,Sus scrofa->Sus scrofa,24,0.2805748863155015,0.2576146236154789,0.251971605705322,0.25824162560549624,-0.005643017910156867,0.08183292168994839,0.24625959493243163,0.2479430162978931
IC50,17,assay_organism_first,transition,Tetronarce californica->Tetronarce californica,14,1.5244621240623215,0.8969453525010541,0.9138827886492706,0.8522402199441679,0.016937436148216523,0.4116315923212887,1.0537637092450278,1.0859015032051065
IC50,17,assay_organism_first,transition,Toxoplasma gondii->Toxoplasma gondii,222,0.0986347479298651,0.11422867775686828,0.11213044931205023,0.11613602323767548,-0.002098228444818051,-0.15809773081278972,0.09572736966989621,0.10092508967554091
IC50,17,assay_organism_first,transition,Trypanosoma cruzi->Trypanosoma cruzi,12,0.0,1.4802973661668755e-15,2.812564995717063e-15,1.3322676295501878e-15,1.3322676295501877e-15,-0.0014802973661668755,1.4802973661668755e-15,2.812564995717063e-15
IC50,17,assay_organism_first,transition,Zea mays->Zea mays,24,0.00360054303696411,0.0034429238911369473,0.0034476050883743836,0.0034401307263283907,4.681197237436322e-06,0.04377649265930268,0.0005004282701008093,0.0005390264395502831
IC50,17,assay_organism_first,transition,Zika virus->Zika virus,14,0.3677038915267471,0.3510683164439316,0.3494648057236643,0.35697301841031187,-0.0016035107202673204,0.04524177052829859,0.5096947562353373,0.5096582072818112
IC50,17,assay_organism_first,transition,dengue virus type 2->dengue virus type 2,78,0.26450470209305993,0.229672476574873,0.22965415859195298,0.22965415859195298,-1.8317982920013076e-05,0.13168849265270155,0.09363268596257263,0.09378907128438202
IC50,17,context_class,same_vs_different,different,7206,0.7689525778840194,0.389307127449088,0.40236468385019525,0.39765020884449376,0.013057556401107229,0.49371763793240453,0.6029542344458532,0.5740145699820572
IC50,17,context_class,same_vs_different,same,45204,0.3190816821296925,0.16328251886729953,0.16743279629437108,0.1651709395527207,0.0041502774270715526,0.4882736051236798,0.25006150803860294,0.23899682674554054
IC50,17,context_class,transition,cell_based->cell_based,3028,0.605787375420848,0.29503716213529074,0.29865357278944477,0.29420055902889913,0.003616410654154023,0.5129691140718726,0.5201706502678702,0.5161036217107914
IC50,17,context_class,transition,cell_based->organism_only,2734,0.7659922978383843,0.3621154256022093,0.37654927925163906,0.3694418433496556,0.014433853649429784,0.5272597040151812,0.6167747194226677,0.5991170650484896
IC50,17,context_class,transition,cell_based->tissue_based,91,1.2811502489481998,0.534120149551074,0.5402957270659966,0.5396773610291125,0.006175577514922592,0.5830932788799935,1.0075880741189482,1.0053601259056966
IC50,17,context_class,transition,organism_only->cell_based,2734,0.7659922978383843,0.3797343142926949,0.39513963914895905,0.3883482778872719,0.015405324856264169,0.5042583125648941,0.6136272544910853,0.5906791177610582
IC50,17,context_class,transition,organism_only->organism_only,41880,0.2970575573924709,0.1522128496885841,0.15630357760918737,0.15426859681135735,0.0040907279206032765,0.487598123997629,0.23046094494012587,0.21907733443710928
IC50,17,context_class,transition,organism_only->subcellular_fraction,13,1.2253907024702122,0.3120564979763047,0.3303497835749814,0.3199260805867248,0.018293285598676712,0.7453412227241127,0.9443092683698205,0.934323133518852
IC50,17,context_class,transition,organism_only->tissue_based,752,0.7052787303485688,0.4467099243857053,0.4433795737268614,0.4468311365045393,-0.003330350658843906,0.3666193163588975,0.505125044806303,0.4370340014075204
IC50,17,context_class,transition,subcellular_fraction->organism_only,13,1.2253907024702122,0.2527198548929951,0.2646238355793481,0.25552184665842154,0.01190398068635301,0.7937638547578759,1.0427042333951813,1.0570827930302227
IC50,17,context_class,transition,subcellular_fraction->tissue_based,13,1.032987601342794,0.9857728948824469,0.9998811216757674,1.0101987006618347,0.014108226793320466,0.04570694401266016,0.05379507411674635,0.033159465035530675
IC50,17,context_class,transition,tissue_based->cell_based,91,1.2811502489481998,0.46868004524449974,0.47966745773047154,0.47398392705832787,0.010987412485971793,0.6341724589842002,1.0812331510825122,1.0827712483792933
IC50,17,context_class,transition,tissue_based->organism_only,752,0.7052787303485688,0.4211311540126396,0.43787116693759726,0.4407933154498991,0.016740012924957637,0.40288692131052267,0.5102663319102319,0.4494365239958238
IC50,17,context_class,transition,tissue_based->subcellular_fraction,13,1.032987601342794,1.0078094325181022,1.0301608069483712,1.0245417094751734,0.022351374430269022,0.024374124909110714,0.060127574306716995,0.037006710427035974
IC50,17,context_class,transition,tissue_based->tissue_based,296,0.5022759547959743,0.3816767262629852,0.399713766930898,0.38776697412849115,0.018037040667912785,0.24010551845345016,0.26013279146427,0.2226081872939264
IC50,17,readout_class,same_vs_different,different,15840,0.5887396236926093,0.32301413072669066,0.33641655615886007,0.32994789631018606,0.013402425432169407,0.4513463715916942,0.4227207004601842,0.3968785635914993
IC50,17,readout_class,same_vs_different,same,36570,0.29092712594837117,0.13863347860445052,0.1405314133431478,0.13960841889311626,0.0018979347386972878,0.52347695955635,0.2448119422341949,0.23662578890365787
IC50,17,readout_class,transition,absorbance_color->absorbance_color,1408,0.21336178938853337,0.15544962567469145,0.15607517846965838,0.1555823245691875,0.0006255527949669271,0.2714270623611215,0.1321053089390438,0.11798796942833191
IC50,17,readout_class,transition,absorbance_color->binding,7,0.3149436858439583,0.19391997643610637,0.18266457502112118,0.19517057659332718,-0.011255401414985183,0.3842709501654027,0.20084155876398274,0.2123565329950267
IC50,17,readout_class,transition,absorbance_color->cell_viability,1,1.1026623418971475,0.3463826046040053,0.5785788954784401,0.5785788954784401,0.23219629087443483,0.6858670225301712,1.4490449465011528,1.6812412373755876
IC50,17,readout_class,transition,absorbance_color->enzyme_activity,396,0.3384900933231382,0.3381623562958957,0.3355471594331087,0.3440095815684466,-0.002615196862786995,0.000968232257626541,0.1304728262496979,0.06661464602284627
IC50,17,readout_class,transition,absorbance_color->fluorescence,126,0.5529101763995794,0.27494313087144023,0.2996080628895847,0.27863566749998475,0.02466493201814446,0.5027345442223454,0.39944890447791054,0.3930681182812033
IC50,17,readout_class,transition,absorbance_color->htrf_alphascreen,5,0.4511252011617325,0.37775150531707613,0.38125226897684533,0.3773625315771019,0.0035007636597692016,0.16264596980107796,0.26702811384354846,0.26836824451702324
IC50,17,readout_class,transition,absorbance_color->luminescence,8,0.30613617331819776,0.2724518021393867,0.30613617331819776,0.30153745368163287,0.03368437117881107,0.11003067952966,0.03377627113477932,0.0
IC50,17,readout_class,transition,absorbance_color->not_extracted,139,0.39025776977426246,0.29482057057411565,0.3135339628561006,0.307658778600213,0.01871339228198493,0.24454913288555596,0.2601136819931653,0.25535519740935114
IC50,17,readout_class,transition,absorbance_color->radio,20,0.3653367051249802,0.23469291986212015,0.2375883456601172,0.242641786625502,0.0028954257979970366,0.35759830159459977,0.2139817494913646,0.20874459995658876
IC50,17,readout_class,transition,binding->absorbance_color,7,0.3149436858439583,0.2949220098587673,0.29313554907715644,0.29512050550116864,-0.0017864607816108768,0.06357224127716254,0.2161840814010166,0.22621184836805014
IC50,17,readout_class,transition,binding->binding,2080,0.044771407324565686,0.024665943500895005,0.024669460669978632,0.0247481245101889,3.517169083627064e-06,0.44906928383819167,0.04266807331122202,0.04192861985405486
IC50,17,readout_class,transition,binding->enzyme_activity,22,0.13107963344564733,0.05766229565525327,0.03970383323457247,0.08530517071397871,-0.017958462420680797,0.5600972161768887,0.0807534682413928,0.09366842945714553
IC50,17,readout_class,transition,binding->fluorescence,24,0.25038711687362475,0.19163997893757292,0.1866891540804498,0.1868015164204313,-0.004950824857123115,0.2346252421832975,0.15482022811625026,0.12506906629757364
IC50,17,readout_class,transition,binding->htrf_alphascreen,4,0.16442954476436888,0.3265281600730916,0.3581898590785835,0.35882859313367965,0.03166169900549187,-0.9858241445660727,0.20757493230758572,0.23485369240788923
IC50,17,readout_class,transition,binding->luminescence,53,0.6259369985274599,0.5087870822236099,0.48119287446262693,0.5170185814687407,-0.02759420776098298,0.1871592773385333,0.5601315509902717,0.5288199007601676
IC50,17,readout_class,transition,binding->mass_spec,25,0.4050132841923517,0.2628066849088499,0.2627861037820992,0.2627861037820992,-2.058112675068502e-05,0.35111588887036127,0.35162518481648974,0.3516172823597912
IC50,17,readout_class,transition,binding->not_extracted,355,0.3068863303332637,0.16930067077913177,0.1704374620599943,0.17026967883966615,0.0011367912808625258,0.4483277551161062,0.24376554190542932,0.245956189018838
IC50,17,readout_class,transition,binding->radio,70,0.3707090624501607,0.33019785853782985,0.33279327111604856,0.342999612408485,0.0025954125782187143,0.10928031714298143,0.18081751029643764,0.13296727327781263
IC50,17,readout_class,transition,cell_viability->absorbance_color,1,1.1026623418971475,0.34638260460400794,0.5785788954784401,0.5785788954784401,0.23219629087443217,0.6858670225301688,1.4490449465011555,1.6812412373755876
IC50,17,readout_class,transition,cell_viability->cell_viability,172,0.8784753546043168,0.34853665001130496,0.3516812255467335,0.3515170513184603,0.0031445755354285176,0.6032482320823981,0.9080318528000855,0.912914532306939
IC50,17,readout_class,transition,cell_viability->enzyme_activity,50,0.8996029635807317,0.6440223795317653,0.8122784171913863,0.6540986957348182,0.16825603765962094,0.2841037595426176,0.440637049341522,0.30668757097009186
IC50,17,readout_class,transition,cell_viability->fluorescence,411,1.5608298984022448,0.46352450173209203,0.5213147621246816,0.47428088751566416,0.05779026039258961,0.7030268947265923,1.3816890417558187,1.3368611775016657
IC50,17,readout_class,transition,cell_viability->htrf_alphascreen,22,0.7890733472540038,0.5143366635758158,0.6659247126641932,0.47268355441849846,0.15158804908837742,0.34817635728576946,0.27473668367818793,0.12314863458981051
IC50,17,readout_class,transition,cell_viability->luminescence,3,0.7913207641448684,0.42643061412112776,0.4491392354493424,0.4676994062160376,0.022708621328214662,0.46111534861347275,0.36489015002374064,0.3421815286955259
IC50,17,readout_class,transition,cell_viability->mass_spec,5,0.47176716245312117,0.3655755896098068,0.36762682245556844,0.36933128999518877,0.0020512328457616413,0.2250931842969602,0.2646615482842714,0.28615499857310434
IC50,17,readout_class,transition,cell_viability->not_extracted,13,1.0561159365650705,0.9293942007631831,0.7172041885570997,1.0042807094157356,-0.21219001220608347,0.11998847040793582,0.7947050649561576,0.4643361180670108
IC50,17,readout_class,transition,cell_viability->radio,1,0.989004615698537,0.7824430780599059,0.989004615698537,0.9384175624812308,0.20656153763863117,0.20885801174217586,0.20656153763863117,0.0
IC50,17,readout_class,transition,enzyme_activity->absorbance_color,396,0.3384900933231382,0.3365884117365187,0.3353022663973598,0.3438272979425926,-0.001286145339158884,0.00561813070494808,0.1346858115555968,0.06440386229036299
IC50,17,readout_class,transition,enzyme_activity->binding,22,0.13107963344564733,0.056393035871146774,0.03975426509433655,0.0853505576617386,-0.016638770776810224,0.5697803359014552,0.09375027513177449,0.09371884802777174
IC50,17,readout_class,transition,enzyme_activity->cell_viability,50,0.8996029635807317,0.728438247044569,0.9002211996060936,0.7305651130057956,0.17178295256152454,0.1902669549407304,0.4357776964474096,0.3080881431218672
IC50,17,readout_class,transition,enzyme_activity->enzyme_activity,7878,0.3152929703730569,0.168317588221345,0.16817038181386001,0.17181321120241558,-0.00014720640748497327,0.4661549605048587,0.25968501591977594,0.23817280425840057
IC50,17,readout_class,transition,enzyme_activity->fluorescence,1384,0.284833341933495,0.18288062152492068,0.18602014961340313,0.18630907638347136,0.003139528088482446,0.35793815329519607,0.17533301334395077,0.15419431143790133
IC50,17,readout_class,transition,enzyme_activity->htrf_alphascreen,183,0.5765465817122376,0.3422662144404442,0.3847011811922254,0.3509045714559531,0.04243496675178121,0.40635115132592353,0.3331655616572312,0.2815145239650278
IC50,17,readout_class,transition,enzyme_activity->luminescence,206,0.7978719160394869,0.4490219997606029,0.4797224754704096,0.4727642085102835,0.030700475709806663,0.4372254609618561,0.594990367227739,0.5524931024052101
IC50,17,readout_class,transition,enzyme_activity->mass_spec,80,0.07961231095686465,0.060605613711504455,0.06326974526438052,0.061236708934629944,0.0026641315528760645,0.23874067988879705,0.05784452835262428,0.06066999841451861
IC50,17,readout_class,transition,enzyme_activity->not_extracted,743,0.6113078873269314,0.40612718078762544,0.4319486654054367,0.42059038034564,0.025821484617811252,0.3356421711430888,0.36073665325476506,0.31745171359887847
IC50,17,readout_class,transition,enzyme_activity->radio,190,0.3179307762946758,0.24722217676200262,0.26641337554877925,0.2505082251537252,0.019191198786776636,0.22240250018178975,0.1835411222538176,0.14877206365715087
IC50,17,readout_class,transition,fluorescence->absorbance_color,126,0.5529101763995794,0.2872441227584732,0.2973324022425129,0.28852086876485256,0.010088279484039675,0.4804868222376749,0.36804465993599983,0.3559516187314188
IC50,17,readout_class,transition,fluorescence->binding,24,0.25038711687362475,0.14986063079318826,0.14388912252636357,0.14685653861023648,-0.005971508266824688,0.40148425899713586,0.20001080524543854,0.16772733752810196
IC50,17,readout_class,transition,fluorescence->cell_viability,411,1.5608298984022448,0.4960324062703069,0.553521002187054,0.509999824929499,0.0574885959167471,0.6821995742277398,1.4035522852060667,1.3581946381706198
IC50,17,readout_class,transition,fluorescence->enzyme_activity,1384,0.284833341933495,0.1856815269863891,0.19140935353667274,0.19041130620243407,0.005727826550283643,0.34810466455242667,0.17228994783727036,0.15063116198199258
IC50,17,readout_class,transition,fluorescence->fluorescence,15866,0.2685063044191961,0.10470249574279093,0.10682943365460416,0.10462099713920314,0.0021269379118132314,0.6100557267388113,0.231952322135512,0.2271378246193916
IC50,17,readout_class,transition,fluorescence->htrf_alphascreen,330,0.43176718747983966,0.22674702019045326,0.23616081451210633,0.2337375574713638,0.009413794321653068,0.47483962013430986,0.29945060479051455,0.2724590814118878
IC50,17,readout_class,transition,fluorescence->luminescence,257,0.904323392071102,0.5864098774234068,0.6123274628868103,0.5986173372089696,0.025917585463403503,0.3515484808145927,0.571846701890935,0.5524773717720715
IC50,17,readout_class,transition,fluorescence->mass_spec,138,1.6099269387088941,0.33070552770598827,0.33085352204515245,0.33007704852427294,0.00014799433916418137,0.7945835181991534,1.5270561284385546,1.5261915872325815
IC50,17,readout_class,transition,fluorescence->not_extracted,982,0.6688932267457693,0.40770274002295914,0.40533674518465374,0.42151789491620334,-0.0023659948383054075,0.3904815840242954,0.4545781406180854,0.43707283452494966
IC50,17,readout_class,transition,fluorescence->radio,481,0.29839830822994107,0.23501366053136863,0.24503614385479133,0.2345134561262084,0.010022483323422704,0.21241624349200136,0.2094741945008554,0.19144487488151007
IC50,17,readout_class,transition,htrf_alphascreen->absorbance_color,5,0.4511252011617325,0.346835353920034,0.34836274621403407,0.3466656436651448,0.0015273922940000628,0.2311771698258764,0.48684766341153624,0.5085005159712855
IC50,17,readout_class,transition,htrf_alphascreen->binding,4,0.16442954476436888,0.2840421051199862,0.3581898590785835,0.15442020745897866,0.0741477539585973,-0.7274395883478525,0.16074296402464028,0.23485369240788923
IC50,17,readout_class,transition,htrf_alphascreen->cell_viability,22,0.7890733472540038,0.48081086949474333,0.6659247126641932,0.47268355441849846,0.18511384316944984,0.3906639082818119,0.30826247775926036,0.12314863458981051
IC50,17,readout_class,transition,htrf_alphascreen->enzyme_activity,183,0.5765465817122376,0.3485481970239552,0.38399832354260777,0.35079959666876,0.03545012651865259,0.3954552709534224,0.3504828481980645,0.30385289435427276
IC50,17,readout_class,transition,htrf_alphascreen->fluorescence,330,0.43176718747983966,0.24249550715622592,0.24362403360997692,0.2440875570556041,0.0011285264537509998,0.4383651324417776,0.2924408541821551,0.2695466797023238
IC50,17,readout_class,transition,htrf_alphascreen->htrf_alphascreen,1464,0.1708970659770311,0.08647705963424139,0.08832152234445703,0.08633585790577583,0.0018444627102156413,0.4939816014988574,0.14412200679454176,0.13963852607529365
IC50,17,readout_class,transition,htrf_alphascreen->luminescence,89,1.0151999403245737,0.44533221020638714,0.4735812498752353,0.45890670637334674,0.028249039668848175,0.5613354645548855,0.7508803332777916,0.704375913853276
IC50,17,readout_class,transition,htrf_alphascreen->not_extracted,91,1.0255958746409555,0.503138259893278,0.5501293817316188,0.5408272137111313,0.046991121838340866,0.509418600119254,0.6893994277608224,0.6390690330637185
IC50,17,readout_class,transition,htrf_alphascreen->radio,63,0.31664952057542906,0.10279583408606098,0.09925508461945752,0.1015080485562116,-0.00354074946660346,0.675363998975094,0.2992869651517782,0.29301684189210847
IC50,17,readout_class,transition,luminescence->absorbance_color,8,0.30613617331819776,0.3008897910549517,0.30613617331819776,0.30153745368163287,0.00524638226324603,0.01713741374101826,0.015459367763680731,0.0
IC50,17,readout_class,transition,luminescence->binding,53,0.6259369985274599,0.6720712293180002,0.683457644215423,0.6742000654810655,0.011386414897422759,-0.07370427199394325,0.6031545277927369,0.5956525346653085
IC50,17,readout_class,transition,luminescence->cell_viability,3,0.7913207641448684,0.6113211884306455,0.6430166109383624,0.6387676787063489,0.03169542250771684,0.2274672722745211,0.17999957571422284,0.148304153206506
IC50,17,readout_class,transition,luminescence->enzyme_activity,206,0.7978719160394869,0.43247576096541446,0.4403345219385989,0.4440683011765369,0.007858760973184442,0.4579634246156233,0.5406791281135869,0.5010218724823405
IC50,17,readout_class,transition,luminescence->fluorescence,257,0.904323392071102,0.49062533616789844,0.5085060171012236,0.49810398507414744,0.01788068093332512,0.45746694106379676,0.5862879969134926,0.5711469416986849
IC50,17,readout_class,transition,luminescence->htrf_alphascreen,89,1.0151999403245737,0.4967828393749671,0.5249566821135457,0.49251644121338706,0.028173842738578647,0.5106551727966624,0.756948501832858,0.7007922334087718
IC50,17,readout_class,transition,luminescence->luminescence,1452,0.31491184671492256,0.19011948362600653,0.1948555121117437,0.19184381368444992,0.004736028485737176,0.39627713085651456,0.2698039173733545,0.26735763642303745
IC50,17,readout_class,transition,luminescence->not_extracted,203,0.7691863036089356,0.3669309318908593,0.4012732493625346,0.37539403491337964,0.03434231747167532,0.5229622132255077,0.6143316232716289,0.5910223833723387
IC50,17,readout_class,transition,luminescence->radio,78,0.7199570725412325,0.4258389813132804,0.4374473624757047,0.4377483411230735,0.011608381162424297,0.40852170559253415,0.5884105447719232,0.5875754185667593
IC50,17,readout_class,transition,mass_spec->binding,25,0.4050132841923517,0.29092060353911153,0.2909487034740821,0.2909487034740821,2.809993497054908e-05,0.2817010826712896,0.3718225348331458,0.3718422118257192
IC50,17,readout_class,transition,mass_spec->cell_viability,5,0.47176716245312117,0.5294168838727789,0.5455431202230816,0.5516890300682296,0.016126236350302747,-0.12219952130599225,0.3957608553699858,0.41188709172028853
IC50,17,readout_class,transition,mass_spec->enzyme_activity,80,0.07961231095686465,0.0657741731466967,0.06969887021109496,0.06686401506294988,0.003924697064398255,0.1738190694861966,0.06599572730433037,0.0701856959719475
IC50,17,readout_class,transition,mass_spec->fluorescence,138,1.6099269387088941,0.2606753753084843,0.2603606723945654,0.26007712380098824,-0.00031470291391888505,0.8380824812351193,1.5535089590860995,1.55131318791454
IC50,17,readout_class,transition,mass_spec->mass_spec,198,0.378903649645277,0.13939836374519726,0.14056696960497866,0.13865978297392886,0.001168605859781402,0.6321007626194691,0.37425591769284466,0.3755044943193696
IC50,17,readout_class,transition,mass_spec->not_extracted,19,0.5678072218883232,0.23084467491726168,0.297314828751285,0.21761066757933067,0.06647015383402333,0.5934453349332982,0.5237028936852274,0.5613213217024586
IC50,17,readout_class,transition,mass_spec->radio,8,0.8168644846538036,0.4684831039287801,0.4793979404414759,0.47264358792158445,0.010914836512695758,0.42648613970856064,0.6122833469092189,0.6185337894806182
IC50,17,readout_class,transition,not_extracted->absorbance_color,139,0.39025776977426246,0.2798005060695576,0.28594970917341744,0.27467537146449317,0.006149203103859857,0.28303668052168923,0.26008927759814615,0.2660102958559682
IC50,17,readout_class,transition,not_extracted->binding,355,0.3068863303332637,0.17290318604136903,0.17508112558764968,0.17429249731955046,0.0021779395462806495,0.4365888312665978,0.23935176354378265,0.24074480846674037
IC50,17,readout_class,transition,not_extracted->cell_viability,13,1.0561159365650705,0.9649000297969555,0.8327230058541731,1.1045394309665406,-0.1321770239427824,0.08636921725164677,0.8370579762606662,0.567594874029264
IC50,17,readout_class,transition,not_extracted->enzyme_activity,743,0.6113078873269314,0.41079637002818636,0.430350897166539,0.4178050855599359,0.01955452713835265,0.32800413908533493,0.36811385771407906,0.32419256599557583
IC50,17,readout_class,transition,not_extracted->fluorescence,982,0.6688932267457693,0.38300370297913106,0.3851153036793222,0.3957937315152353,0.0021116007001911186,0.42740681522149454,0.4586589749380875,0.442735244544975
IC50,17,readout_class,transition,not_extracted->htrf_alphascreen,91,1.0255958746409555,0.559942752367781,0.6065137971619656,0.5774753459278806,0.04657104479418461,0.4540317817056276,0.6745934336158498,0.6300154569462573
IC50,17,readout_class,transition,not_extracted->luminescence,203,0.7691863036089356,0.3769722492640102,0.40340832137137517,0.37600299651286306,0.026436072107364983,0.5099077460229091,0.6037536243710239,0.5866958081039715
IC50,17,readout_class,transition,not_extracted->mass_spec,19,0.5678072218883232,0.18039609669681228,0.16774960473069325,0.18903725466403176,-0.012646491966119028,0.6822934092016661,0.5066009501292669,0.500331518098884
IC50,17,readout_class,transition,not_extracted->not_extracted,4082,0.5004400105448837,0.2553212031988253,0.2601614451568914,0.25559357120595344,0.004840241958066094,0.4898065745765827,0.4114906103269664,0.4072510017061904
IC50,17,readout_class,transition,not_extracted->radio,635,0.7287372294111687,0.3385979442806959,0.34510845590518424,0.3393010818570101,0.0065105116244883465,0.5353634607713285,0.6217876636806822,0.614797380767331
IC50,17,readout_class,transition,radio->absorbance_color,20,0.3653367051249802,0.3212267792364063,0.325053993084274,0.3242871130483416,0.0038272138478677165,0.12073773390353441,0.21279173725246245,0.2080871972625325
IC50,17,readout_class,transition,radio->binding,70,0.3707090624501607,0.32610217016586285,0.31204703077102547,0.35634400833657204,-0.01405513939483738,0.12032857246454545,0.18675619780505065,0.152049970336565
IC50,17,readout_class,transition,radio->cell_viability,1,0.989004615698537,0.8305273431796394,0.989004615698537,0.938417562481229,0.15847727251889765,0.16023916370396782,0.15847727251889765,0.0
IC50,17,readout_class,transition,radio->enzyme_activity,190,0.3179307762946758,0.23463518736393518,0.2550644302231084,0.2368324974893355,0.02042924285917319,0.26199284605758855,0.19210433323569734,0.15728421516275637
IC50,17,readout_class,transition,radio->fluorescence,481,0.29839830822994107,0.2141405452953115,0.22578716901380572,0.2158780812599268,0.011646623718494203,0.2823667581576965,0.17543602338745162,0.16171082065208647
IC50,17,readout_class,transition,radio->htrf_alphascreen,63,0.31664952057542906,0.09904206269784446,0.09683974412592102,0.09963238934362775,-0.002202318571923448,0.6872186557621783,0.304303325944532,0.2996201067347585
IC50,17,readout_class,transition,radio->luminescence,78,0.7199570725412325,0.42604938280146154,0.42110920881523345,0.45145326990670537,-0.004940173986228091,0.408229463879513,0.5458333787066915,0.5563163202465093
IC50,17,readout_class,transition,radio->mass_spec,8,0.8168644846538036,0.6333843308745493,0.6521562351608488,0.6350797344570872,0.01877190428629949,0.22461516839848322,0.4603186912939319,0.4581125923616387
IC50,17,readout_class,transition,radio->not_extracted,635,0.7287372294111687,0.3536350898161485,0.362711970286471,0.3553688463392721,0.009076880470322513,0.5147289372029321,0.5772884959625899,0.5678916535054754
IC50,17,readout_class,transition,radio->radio,1970,0.2666527462119339,0.14213506744135163,0.1450924020211927,0.14481279569605737,0.00295733457984107,0.4669656717940434,0.22300813903561853,0.22008556545132868
IC50,23,assay_type_class,same_vs_different,different,1520,0.7042945172797022,0.5125576351006718,0.5231003609821321,0.5232308585810884,0.010542725881460324,0.2722396348044896,0.4261605527251633,0.4492007442778723
IC50,23,assay_type_class,same_vs_different,same,51596,0.3666419429228143,0.18224781841926566,0.18530361523506503,0.1831653096389582,0.003055796815799372,0.5029269783854692,0.2809665518276024,0.2892535858913289
IC50,23,assay_type_class,transition,adme->adme,146,0.33343644094105723,0.20241457472170118,0.21443894061786656,0.2035871439518781,0.012024365896165373,0.39294405209452576,0.18799899673134585,0.20510057393646017
IC50,23,assay_type_class,transition,adme->binding,159,1.2016471273162415,1.1038369819182758,1.1493824597433286,1.142524662211771,0.045545477825052805,0.0813967288520173,0.4637723053809033,0.5483574470023062
IC50,23,assay_type_class,transition,binding->adme,159,1.2016471273162415,1.1161020878235408,1.1570793861271795,1.15845209694536,0.04097729830363872,0.07118981733327731,0.38821232945215944,0.4606277866346007
IC50,23,assay_type_class,transition,binding->binding,50232,0.36382087193736345,0.18009442202752796,0.1830665946411561,0.18097886172871214,0.0029721726136281434,0.5049915056590443,0.27804632084444075,0.2861144615403145
IC50,23,assay_type_class,transition,binding->functional,596,0.5757013556233637,0.3611817652166999,0.3629288052194766,0.3641173460499176,0.0017470400027767008,0.3726230419839538,0.41382511823347623,0.41947718970037784
IC50,23,assay_type_class,transition,binding->toxicity,5,0.21678638755328575,0.23528826267429767,0.15937709739351522,0.29930551265763017,-0.07591116528078246,-0.08534611111808943,0.27428008359121814,0.2333889888586807
IC50,23,assay_type_class,transition,functional->binding,596,0.5757013556233637,0.3474461968457633,0.350116608823186,0.3495953699518503,0.0026704119774227375,0.3964818851789015,0.4387479306252115,0.45029028037040114
IC50,23,assay_type_class,transition,functional->functional,1218,0.48696709976231034,0.26863949422354577,0.2740690183281233,0.27088949980134996,0.005429524104577532,0.44834159360115033,0.41254479960282964,0.42880271080558635
IC50,23,assay_type_class,transition,toxicity->binding,5,0.21678638755328575,0.5197173122945278,0.5226325886070908,0.5172588073857755,0.002915276312563053,-1.397370601356518,0.5587091332114482,0.5616244095240113
IC50,23,bao_format_first,same_vs_different,different,12702,0.6215374330636876,0.32339865743076046,0.3301920390312657,0.32704880123252034,0.006793381600505244,0.47967951690912475,0.45034719131507217,0.4643287073467182
IC50,23,bao_format_first,same_vs_different,same,40414,0.2992284079412015,0.1503077225176407,0.15247039641179094,0.15073326936010956,0.00216267389415023,0.49768231047375605,0.2331915728251391,0.24024372515052594
IC50,23,bao_format_first,transition,BAO_0000019->BAO_0000019,5652,0.20915951956852966,0.1074649135124051,0.11020031598320698,0.10795372308288419,0.0027354024708018815,0.48620596502568,0.17957171702587948,0.18480900779923237
IC50,23,bao_format_first,transition,BAO_0000019->BAO_0000219,1082,0.5386925239861268,0.287755978898618,0.2985002007255572,0.2973672377478773,0.010744221826939238,0.46582518582339055,0.4191035758201095,0.44327992410526884
IC50,23,bao_format_first,transition,BAO_0000019->BAO_0000220,3,2.7088900844007675,0.21820115370870674,0.2487833572863023,0.22381829314132654,0.030582203577595557,0.9194499788067352,2.7070179507333285,2.725296129701517
IC50,23,bao_format_first,transition,BAO_0000019->BAO_0000221,66,0.8741232477995606,0.3837611690111279,0.3867345145094802,0.38763310130794265,0.00297334549835232,0.5609759035957758,0.6485251427559207,0.6896671828898681
IC50,23,bao_format_first,transition,BAO_0000019->BAO_0000249,49,0.25103738955453786,0.23671863860884665,0.24920128086143487,0.2425907112893682,0.012482642252588216,0.057038319953452446,0.032771286580852405,0.029888637824484695
IC50,23,bao_format_first,transition,BAO_0000019->BAO_0000251,17,0.4991146411051981,0.5245411106934857,0.5598315562051785,0.5264186930492714,0.0352904455116928,-0.050943145109879726,0.08549534970935672,0.11666140809699582
IC50,23,bao_format_first,transition,BAO_0000019->BAO_0000252,1,0.028963695935317446,0.02896369593531567,0.028963695935317446,0.028963695935317446,1.7763568394002505e-15,6.133046153250819e-14,1.7763568394002505e-15,0.0
IC50,23,bao_format_first,transition,BAO_0000019->BAO_0000357,1553,0.3240362996039083,0.19247857804223825,0.19966421883921792,0.19413787913029437,0.00718564079697967,0.4059968643095913,0.20694415158465082,0.21569075387451003
IC50,23,bao_format_first,transition,BAO_0000019->BAO_0000366,19,1.5650491979522123,0.7433976570674741,0.7454816763866995,0.7477143684180723,0.0020840193192254164,0.5250004549121061,0.9308427544625665,0.9225367134752507
IC50,23,bao_format_first,transition,BAO_0000218->BAO_0000218,306,0.22693207189561526,0.11664438801815598,0.11664438801815598,0.11664438801815598,0.0,0.48599425791251605,0.2184318023270297,0.21843180232702963
IC50,23,bao_format_first,transition,BAO_0000218->BAO_0000219,37,1.4351209579304898,0.3280944549740101,0.34660655711904287,0.30333966117455335,0.018512102145032794,0.7713820196402557,1.2815743901112107,1.3195184605104366
IC50,23,bao_format_first,transition,BAO_0000218->BAO_0000249,1,0.0,0.0009284978495696095,0.0,0.0,-0.0009284978495696095,-928497849.5696095,0.0009284978495696095,0.0
IC50,23,bao_format_first,transition,BAO_0000218->BAO_0000357,84,0.05864362295111988,0.04827645546449764,0.06735701168965658,0.05621593586778376,0.01908055622515894,0.17678252067174277,0.07868975765695703,0.09952539283274693
IC50,23,bao_format_first,transition,BAO_0000219->BAO_0000019,1082,0.5386925239861268,0.3032888565303506,0.3140068852918367,0.31288959031441826,0.010718028761486087,0.4369907822627192,0.4234287040341633,0.4459816222027092
IC50,23,bao_format_first,transition,BAO_0000219->BAO_0000218,37,1.4351209579304898,0.3055907699949364,0.3188232561378621,0.28611849591546057,0.013232486142925715,0.7870627083339286,1.3066206018232307,1.350311478104363
IC50,23,bao_format_first,transition,BAO_0000219->BAO_0000219,6172,0.41323245132703057,0.21777567509188303,0.22321421006011952,0.21969091422104767,0.005438534968236486,0.472994740871558,0.335019482787929,0.34486237720550733
IC50,23,bao_format_first,transition,BAO_0000219->BAO_0000220,11,0.3771972783617726,0.15794598743792643,0.1668418485875425,0.15927716894654978,0.008895861149616074,0.5812642442068755,0.34992514412406517,0.34895980900649887
IC50,23,bao_format_first,transition,BAO_0000219->BAO_0000221,65,0.8822969758421993,0.35400585102973126,0.3512534983718475,0.3527844311343469,-0.002752352657883761,0.5987679197338132,0.7499695648725903,0.7477658637955886
IC50,23,bao_format_first,transition,BAO_0000219->BAO_0000249,22,0.813078463785356,0.47780111808514825,0.6093918299430701,0.5271394850189729,0.13159071185792182,0.41235546215219565,0.5291876732111134,0.5790525849905636
IC50,23,bao_format_first,transition,BAO_0000219->BAO_0000251,9,0.5454229014369555,0.3107828239627434,0.3089214796362197,0.3111308664258245,-0.0018613443265237395,0.4301984329151491,0.3308729902311426,0.3269185527539728
IC50,23,bao_format_first,transition,BAO_0000219->BAO_0000252,1,0.3979400086720375,0.857869693316637,0.8446681867249985,0.8559274674001696,-0.013201506591638434,-1.1557764351954136,1.2558097019886745,1.242608195397036
IC50,23,bao_format_first,transition,BAO_0000219->BAO_0000357,2974,0.7838204174618583,0.36844340195720476,0.37164909533821033,0.3718046602267717,0.00320569338100557,0.5299390093074047,0.5884695960201712,0.6024260192973372
IC50,23,bao_format_first,transition,BAO_0000219->BAO_0000366,32,1.3835572778437484,0.816585784110976,0.8118132442212214,0.7976272841211314,-0.004772539889754679,0.4097925707972049,1.036924940413019,1.0432303323333918
IC50,23,bao_format_first,transition,BAO_0000220->BAO_0000019,3,2.7088900844007675,0.45200140368758185,0.48830295838375076,0.45866903618279675,0.036301554696168914,0.8331414750674283,2.389454271198606,2.376040759133797
IC50,23,bao_format_first,transition,BAO_0000220->BAO_0000219,11,0.3771972783617726,0.18893686268813467,0.1852224100565822,0.18844683143682214,-0.003714452631552484,0.4991033246350097,0.34685520451131124,0.34688180102297766
IC50,23,bao_format_first,transition,BAO_0000220->BAO_0000357,3,0.49236407865760395,0.16673513133601503,0.21633174702937139,0.1932347473366137,0.049596615693356355,0.6613580507525921,0.6590992099936189,0.7086958256869753
IC50,23,bao_format_first,transition,BAO_0000221->BAO_0000019,66,0.8741232477995606,0.36844852139766887,0.36855189966953095,0.37189360567877683,0.00010337827186207571,0.5784936250978702,0.659165752900484,0.6989659056187804
IC50,23,bao_format_first,transition,BAO_0000221->BAO_0000219,65,0.8822969758421993,0.33212708467983987,0.3317771145492546,0.3313327810858977,-0.00034997013058524207,0.6235654277712933,0.7812642779529493,0.7844534789580856
IC50,23,bao_format_first,transition,BAO_0000221->BAO_0000221,72,0.8730356559785736,0.3447914169318173,0.3627952435668333,0.3524576738761573,0.018003826635015985,0.6050660536363256,0.7727202547375353,0.7905930451051495
IC50,23,bao_format_first,transition,BAO_0000221->BAO_0000249,8,0.7164053844645826,0.7203767153743127,0.7164053844645826,0.721632538970822,-0.00397133090973012,-0.005543412983555616,0.003980162785673591,0.0
IC50,23,bao_format_first,transition,BAO_0000221->BAO_0000251,12,0.9138436752602255,0.9126913545484164,0.9231087681935412,0.9096744773105035,0.010417413645124718,0.001260960427921008,0.014290803410348829,0.01163849945241724
IC50,23,bao_format_first,transition,BAO_0000221->BAO_0000252,2,0.8152214891874987,0.8152214891874987,0.8152214891874987,0.8152214891874987,0.0,0.0,0.0,0.0
IC50,23,bao_format_first,transition,BAO_0000221->BAO_0000357,129,0.5566895392943001,0.2554006790558189,0.27161670219504697,0.2660444613381731,0.016216023139228042,0.5412152357316014,0.43164290420983015,0.4492245269055313
IC50,23,bao_format_first,transition,BAO_0000221->BAO_0000366,2,1.7862744612897483,1.7862744612897483,1.7862744612897483,1.7862744612897483,0.0,0.0,0.0,0.0
IC50,23,bao_format_first,transition,BAO_0000224->BAO_0000224,82,0.34355176275393434,0.2467877289452104,0.27116470074150445,0.23719822321166506,0.024376971796294056,0.2816578003648034,0.3429663994612054,0.3662894515515102
IC50,23,bao_format_first,transition,BAO_0000224->BAO_0000357,26,0.5209156300465538,0.19315600231512153,0.2349776953146563,0.18193606970655432,0.041821692999534754,0.6291990656954192,0.5276677972410908,0.6061055024659469
IC50,23,bao_format_first,transition,BAO_0000249->BAO_0000019,49,0.25103738955453786,0.310241222492909,0.31362315445819433,0.3078152161427625,0.0033819319652853563,-0.23583671358050465,0.11151414234125742,0.11373776365664223
IC50,23,bao_format_first,transition,BAO_0000249->BAO_0000218,1,0.0,0.0009284978495696095,0.0,0.0,-0.0009284978495696095,-928497849.5696095,0.0009284978495696095,0.0
IC50,23,bao_format_first,transition,BAO_0000249->BAO_0000219,22,0.813078463785356,0.5267005301240792,0.6012293754685264,0.580122740825135,0.07452884534444715,0.3522143881760438,0.6227026059149849,0.6913305134374585
IC50,23,bao_format_first,transition,BAO_0000249->BAO_0000221,8,0.7164053844645826,0.7203767153743124,0.7164053844645826,0.721632538970822,-0.003971330909729787,-0.005543412983555151,0.003980162785673258,0.0
IC50,23,bao_format_first,transition,BAO_0000249->BAO_0000249,206,0.07676766084327992,0.04368741941180548,0.044206476179633504,0.04380094050079017,0.0005190567678280272,0.43091376066553966,0.05815828686092233,0.05855497254880583
IC50,23,bao_format_first,transition,BAO_0000249->BAO_0000251,9,1.1477983100951945,1.1511554341882702,1.1477983100951945,1.1552863083234863,-0.0033571240930756474,-0.002924837982029455,0.004186900684135766,0.0
IC50,23,bao_format_first,transition,BAO_0000249->BAO_0000357,36,0.17361712206210378,0.20621610115761724,0.2518553925230836,0.1867472430200512,0.04563929136546635,-0.18776361863579694,0.12219351486856943,0.16949874402087278
IC50,23,bao_format_first,transition,BAO_0000251->BAO_0000019,17,0.4991146411051981,0.5228180504984427,0.5578750798778688,0.5246578643546923,0.03505702937942612,-0.04749091178883812,0.0872184099043996,0.11861788442430565
IC50,23,bao_format_first,transition,BAO_0000251->BAO_0000219,9,0.5454229014369555,0.32904456086016065,0.32978940211762403,0.3297423511721747,0.00074484125746338,0.39671663952270925,0.33918170667504516,0.3367397305836451
IC50,23,bao_format_first,transition,BAO_0000251->BAO_0000221,12,0.9138436752602255,0.9126913545484162,0.9231087681935412,0.9096744773105035,0.01041741364512494,0.001260960427921251,0.014290803410348607,0.01163849945241724
IC50,23,bao_format_first,transition,BAO_0000251->BAO_0000249,9,1.1477983100951945,1.1511554341882695,1.1477983100951945,1.1552863083234863,-0.0033571240930749813,-0.002924837982028875,0.004186900684135075,0.0
IC50,23,bao_format_first,transition,BAO_0000251->BAO_0000251,22,0.20742453042828377,0.2080638678793789,0.20896737286407888,0.2159136243787768,0.0009035049846999876,-0.0030822653896096044,0.00942340537891916,0.007540065088049436
IC50,23,bao_format_first,transition,BAO_0000251->BAO_0000357,9,0.5035073754740805,0.497698352407552,0.4978470767298856,0.5124705948554308,0.00014872432233359323,0.011537116136698111,0.04450382822316179,0.02393397147040726
IC50,23,bao_format_first,transition,BAO_0000252->BAO_0000019,1,0.028963695935317446,0.028963695935317446,0.028963695935317446,0.028963695935317446,0.0,0.0,0.0,0.0
IC50,23,bao_format_first,transition,BAO_0000252->BAO_0000219,1,0.3979400086720375,0.9187872624279088,0.915333398249504,0.9182791246276745,-0.003453864178404764,-1.3088587284650934,1.3167272710999463,1.3132734069215415
IC50,23,bao_format_first,transition,BAO_0000252->BAO_0000221,2,0.8152214891874987,0.8152214891874987,0.8152214891874987,0.8152214891874987,0.0,0.0,0.0,0.0
IC50,23,bao_format_first,transition,BAO_0000357->BAO_0000019,1553,0.3240362996039083,0.20150303644963763,0.20893583517333583,0.2024633070274342,0.007432798723698203,0.3781467178339323,0.2025952427811477,0.2096336737666237
IC50,23,bao_format_first,transition,BAO_0000357->BAO_0000218,84,0.05864362295111988,0.057834631801109336,0.07774461483845034,0.06571644841330693,0.019909983037341004,0.013795040437471675,0.08139233847499759,0.10143564668438332
IC50,23,bao_format_first,transition,BAO_0000357->BAO_0000219,2974,0.7838204174618583,0.3880010662603178,0.3909463250941198,0.3912830035075083,0.0029452588338020336,0.5049872934967296,0.5857854838604317,0.5982340741312145
IC50,23,bao_format_first,transition,BAO_0000357->BAO_0000220,3,0.49236407865760395,0.12752516363195157,0.2170380871842911,0.15965492793815775,0.08951292355233953,0.7409941765458602,0.5360936957426699,0.5647411123658769
IC50,23,bao_format_first,transition,BAO_0000357->BAO_0000221,129,0.5566895392943001,0.26456704996398905,0.2814892427767754,0.27546320144849556,0.01692219281278634,0.5247493777242996,0.4346955285706233,0.45311377897452143
IC50,23,bao_format_first,transition,BAO_0000357->BAO_0000224,26,0.5209156300465538,0.2696134666813006,0.3002840433734374,0.26878352458208093,0.030670576692136797,0.4824239260065868,0.4184286625916202,0.48263062408009094
IC50,23,bao_format_first,transition,BAO_0000357->BAO_0000249,36,0.17361712206210378,0.24217144149572326,0.2714273921344751,0.22970698334221046,0.029255950638751832,-0.3948592086965779,0.14785930597672525,0.1786734381244215
IC50,23,bao_format_first,transition,BAO_0000357->BAO_0000251,9,0.5035073754740805,0.5718824252457818,0.5760618082130856,0.5882951765462845,0.004179382967303802,-0.13579751380468325,0.09887769764593113,0.07255443273900515
IC50,23,bao_format_first,transition,BAO_0000357->BAO_0000357,27890,0.2931252252583919,0.14433801145500208,0.14556429178128574,0.1444342702421606,0.001226280326283663,0.5075892519049934,0.22147172704041346,0.22835405646631854
IC50,23,bao_format_first,transition,BAO_0000357->BAO_0000366,89,1.0898949804142144,0.8731935189782379,0.8856690192419321,0.8643469143270419,0.01247550026369415,0.1988278369294068,0.34690515308408976,0.3327017674848309
IC50,23,bao_format_first,transition,BAO_0000366->BAO_0000019,19,1.5650491979522123,0.7003690352249198,0.6944086177831931,0.7030943721740727,-0.005960417441726706,0.5524939176728008,1.0136879555898999,1.017304039347303
IC50,23,bao_format_first,transition,BAO_0000366->BAO_0000219,32,1.3835572778437484,0.6522003541657905,0.6357926295241457,0.630388835971091,-0.01640772464164475,0.5286061772720865,1.0560012212596186,1.0516321698471942
IC50,23,bao_format_first,transition,BAO_0000366->BAO_0000221,2,1.7862744612897483,1.7862744612897483,1.7862744612897483,1.7862744612897483,0.0,0.0,0.0,0.0
IC50,23,bao_format_first,transition,BAO_0000366->BAO_0000357,89,1.0898949804142144,0.8717555157581729,0.8839663835876019,0.8641942031956564,0.01221086782942904,0.20014723306014093,0.3624260967127593,0.35207676063357807
IC50,23,bao_format_first,transition,BAO_0000366->BAO_0000366,12,0.35546235899402073,0.25951904086471045,0.3222041958942628,0.2568585327791285,0.06268515502955235,0.26991133013587004,0.15758399833285075,0.11311646918519573
IC50,23,assay_organism_first,same_vs_different,same,53116,0.37630441586924235,0.19170016651316837,0.19497021387832775,0.19289683374453914,0.003270047365159373,0.4905715733620834,0.28512151231717786,0.2938307317748206
IC50,23,assay_organism_first,transition,Anopheles gambiae->Anopheles gambiae,4,0.2864588457614916,0.23668966554081416,0.22872591749458504,0.23551802670245636,-0.007963748046229124,0.17373937288749583,0.14730673951495588,0.1502393734575458
IC50,23,assay_organism_first,transition,Bacillus anthracis->Bacillus anthracis,38,0.8429564153863194,0.33743534305662626,0.3621130083319035,0.3119064100273249,0.02467766527527726,0.5997001305198174,0.6697795869852315,0.657836883320067
IC50,23,assay_organism_first,transition,Bos taurus->Bos taurus,16,0.2214983779396188,0.14682719313184445,0.19615602344865452,0.12418317080948527,0.04932883031681007,0.3371184272425235,0.1653876766936898,0.2198560371166332
IC50,23,assay_organism_first,transition,Callithrix jacchus->Callithrix jacchus,2,0.0,0.0,0.0,0.0,0.0,0.0,0.0,0.0
IC50,23,assay_organism_first,transition,Candida albicans->Candida albicans,30,0.6448393156215331,0.4562647027138852,0.4562647027138851,0.4562647027138851,-1.1102230246251565e-16,0.2924365936433154,0.6116512492875851,0.6116512492875849
IC50,23,assay_organism_first,transition,Canis lupus familiaris->Canis lupus familiaris,4,0.11704160301668409,0.11704160301668409,0.11704160301668409,0.11704160301668409,0.0,0.0,0.0,0.0
IC50,23,assay_organism_first,transition,Cavia porcellus->Cavia porcellus,40,0.25691037019333735,0.10166640757213333,0.10832713864513957,0.09910470393052784,0.006660731073006243,0.6042728540088729,0.19417110132600648,0.23608969155099144
IC50,23,assay_organism_first,transition,Cryptosporidium parvum->Cryptosporidium parvum,46,0.3731095676267304,0.22174427582525205,0.2269082043360422,0.2224841725180331,0.0051639285107901445,0.40568590284157113,0.3739930700899037,0.37536580754877175
IC50,23,assay_organism_first,transition,Electrophorus electricus->Electrophorus electricus,22,0.883924388396531,0.8364795120368845,0.8446108125475601,0.8351881573768986,0.008131300510675565,0.05367526564767952,0.24575382714912328,0.30090308197047616
IC50,23,assay_organism_first,transition,Equus caballus->Equus caballus,16,0.8683431131927966,0.8623160705744355,0.8734029381554496,0.8683431131927966,0.01108686758101407,0.006940853824705689,0.009548280021665578,0.007808671038018744
IC50,23,assay_organism_first,transition,Escherichia coli->Escherichia coli,6,0.1327864714294383,0.20110010000805292,0.20811622746204014,0.20474007858519597,0.00701612745398722,-0.5144622629340365,0.3297206052528237,0.3367367327068109
IC50,23,assay_organism_first,transition,Hepacivirus hominis->Hepacivirus hominis,14,0.7770366244143269,0.19091512085815351,0.1944794102543726,0.19151903700169917,0.0035642893962190836,0.7543035748127686,0.6116689273183132,0.6156212516210176
IC50,23,assay_organism_first,transition,Homo sapiens->Homo sapiens,49828,0.37292104266716797,0.1849296813201206,0.1885470553208007,0.18641095911867075,0.0036173740006801014,0.5041049976759548,0.2852412743550476,0.29372063157133393
IC50,23,assay_organism_first,transition,Human immunodeficiency virus 1->Human immunodeficiency virus 1,898,0.6240845546275361,0.304688746671805,0.29384213746267623,0.3011796713760248,-0.010846609209128777,0.5117829076003199,0.539420281223314,0.5596348268310122
IC50,23,assay_organism_first,transition,Leishmania major->Leishmania major,2,0.0,0.0,0.0,0.0,0.0,0.0,0.0,0.0
IC50,23,assay_organism_first,transition,Mus musculus->Mus musculus,264,0.32740459249456966,0.26064005046632677,0.26746302001163746,0.25979472458648073,0.0068229695453106975,0.20392060331087217,0.2843947893771315,0.2989387775602723
IC50,23,assay_organism_first,transition,Mycobacterium tuberculosis->Mycobacterium tuberculosis,8,3.5658634034672074,0.2679115524890097,0.0001633437829923201,0.23195808851677685,-0.2677482087060174,0.9248676906051672,3.561309998004244,3.5658634017926936
IC50,23,assay_organism_first,transition,Oryctolagus cuniculus->Oryctolagus cuniculus,166,0.3431536266036338,0.2659079002754813,0.26627776076252535,0.26588091828859695,0.0003698604870440714,0.22510537654138413,0.21915935152177682,0.22569847720583305
IC50,23,assay_organism_first,transition,Ovis aries->Ovis aries,74,0.7835763889856138,0.7845598211495896,0.7852560621409881,0.7848443775430898,0.0006962409913985335,-0.001255055892187991,0.0009834321639757987,0.0016796731553741732
IC50,23,assay_organism_first,transition,Photinus pyralis->Photinus pyralis,86,0.3700955951556886,0.2975429290223696,0.3041935548342753,0.2944946835907244,0.006650625811905675,0.19603763752659129,0.34010655191128675,0.35340360789051156
IC50,23,assay_organism_first,transition,Plasmodium falciparum->Plasmodium falciparum,24,0.06087366546806224,0.06545507460095738,0.06844143295906872,0.06585195926890934,0.0029863583581113406,-0.07526093751162079,0.03868009147092629,0.041666146543345293
IC50,23,assay_organism_first,transition,Pneumocystis carinii->Pneumocystis carinii,120,0.13676156666845204,0.1535091077293423,0.13186712345259197,0.1458074609546466,-0.02164198427675032,-0.12245794976516264,0.07687285096531625,0.09726114963011324
IC50,23,assay_organism_first,transition,Pseudomonas aeruginosa->Pseudomonas aeruginosa,36,0.4868355981270174,0.08514545209254451,0.08514545209254454,0.08514545209254454,2.7755575615628914e-17,0.8251043012874959,0.502224885352474,0.502224885352474
IC50,23,assay_organism_first,transition,Rattus norvegicus->Rattus norvegicus,856,0.33546812258683245,0.31641057567240516,0.3147115799755267,0.3117352514403709,-0.0016989956968784803,0.05680881619234759,0.1109485309979391,0.11919286214835811
IC50,23,assay_organism_first,transition,Saccharomyces cerevisiae S288c->Saccharomyces cerevisiae S288c,46,0.3552354616859868,0.20077359753712426,0.20077359753712426,0.20077359753712426,0.0,0.43481544161095137,0.32061879623172407,0.32061879623172396
IC50,23,assay_organism_first,transition,Schistosoma mansoni->Schistosoma mansoni,4,0.0028551409284385265,0.7355170562128095,0.7832861084824654,0.7446802663819589,0.04776905226965589,-256.6114716043327,0.7342938702650679,0.7820629225347238
IC50,23,assay_organism_first,transition,Severe acute respiratory syndrome coronavirus 2->Severe acute respiratory syndrome coronavirus 2,24,0.3546385322076571,0.465672613174176,0.55048824383357,0.48189513477913265,0.08481563065939396,-0.3130908541588012,0.15879871039186488,0.23109633441116353
IC50,23,assay_organism_first,transition,Staphylococcus aureus->Staphylococcus aureus,16,0.6201255853447214,0.1846999679294547,0.1973155513348807,0.18668579894424975,0.012615583405426012,0.7021571560754393,0.6441394327090864,0.6447003757156504
IC50,23,assay_organism_first,transition,Sus scrofa->Sus scrofa,20,0.23038103629287798,0.13955711753432518,0.13599557117161423,0.13895366615725463,-0.0035615463627109434,0.3942334847521499,0.16592852093871807,0.16773675704640584
IC50,23,assay_organism_first,transition,Tetronarce californica->Tetronarce californica,12,0.8329438914490104,0.6653065173511687,0.6653065173511689,0.6653065173511689,1.1102230246251565e-16,0.2012589032932523,0.7101555704030044,0.7101555704030046
IC50,23,assay_organism_first,transition,Toxoplasma gondii->Toxoplasma gondii,278,0.14659244593524884,0.16162018231259043,0.161407425214293,0.15685750777622837,-0.0002127570982974336,-0.10251371604768414,0.029844925308998755,0.02590851428622283
IC50,23,assay_organism_first,transition,Trypanosoma cruzi->Trypanosoma cruzi,6,0.0,0.0,0.0,0.0,0.0,0.0,0.0,0.0
IC50,23,assay_organism_first,transition,Zea mays->Zea mays,28,0.5583456863482533,0.6519730619381863,0.7189590669787832,0.6792181449444066,0.06698600504059693,-0.16768711190782865,0.0936925231472523,0.1606785281878491
IC50,23,assay_organism_first,transition,Zika virus->Zika virus,16,0.6131719181919902,0.3137843895622634,0.3137843895622635,0.3137843895622635,1.1102230246251565e-16,0.4882603389804711,0.4083391185791242,0.4083391185791241
IC50,23,assay_organism_first,transition,dengue virus type 2->dengue virus type 2,66,0.2511331512767125,0.23492440124400193,0.23492440124400193,0.23492440124400193,0.0,0.06454245467119094,0.08225871180631764,0.08225871180631768
IC50,23,context_class,same_vs_different,different,7010,0.7752245439524171,0.397682355493272,0.40411216453361376,0.4000101419189377,0.0064298090403417385,0.487010107464191,0.5734279202047509,0.5933796142421669
IC50,23,context_class,same_vs_different,same,46106,0.3156522209735009,0.16038243899938434,0.16317207320046467,0.16140712979488972,0.002789634201080332,0.49190143980375,0.24128713242536579,0.24828703537747326
IC50,23,context_class,transition,cell_based->cell_based,3106,0.6229404690539412,0.31436059279665124,0.3245343938556521,0.318045215111129,0.010173801059000842,0.49536013726308353,0.5108069687931655,0.5252186117289139
IC50,23,context_class,transition,cell_based->organism_only,2927,0.7255083248697001,0.3713118181057074,0.37874195231335256,0.37538692836757037,0.007430134207645156,0.488204607200897,0.5404073911870563,0.5610724444696128
IC50,23,context_class,transition,cell_based->tissue_based,99,1.1301721020790847,0.5873543146399726,0.5865715691420228,0.5819348629609321,-0.0007827454979497661,0.48029657292065064,0.9011909857825878,0.9150630565728262
IC50,23,context_class,transition,organism_only->cell_based,2927,0.7255083248697001,0.3880922952617074,0.39618851476016737,0.39195282690918337,0.008096219498459956,0.46507533827208936,0.5358365065360404,0.5546155978252791
IC50,23,context_class,transition,organism_only->organism_only,42748,0.29195037635386634,0.14783277818202276,0.15003609647499547,0.14866518798636377,0.0022033182929727113,0.49363730909242587,0.22153477677555425,0.2280258605607816
IC50,23,context_class,transition,organism_only->subcellular_fraction,20,0.5388324281021681,0.1695973697500382,0.17404266336154012,0.17085018625774334,0.0044452936115019215,0.6852502542443849,0.4114852839054327,0.4130206637817693
IC50,23,context_class,transition,organism_only->tissue_based,449,1.0316128256879367,0.4942435759325553,0.49457572512721526,0.4882118754961163,0.0003321491946599586,0.520902063617747,0.7488128237450749,0.7718430417333838
IC50,23,context_class,transition,subcellular_fraction->organism_only,20,0.5388324281021681,0.20741394762870996,0.2131597178133195,0.20879909678355707,0.005745770184609533,0.6150678080767215,0.3665972723570647,0.36382147248377344
IC50,23,context_class,transition,subcellular_fraction->tissue_based,10,0.7741314257853567,0.782054055666278,0.7824357195351401,0.7818904854367652,0.00038166386886218095,-0.010234218140522824,0.01067028222894315,0.008304293749783387
IC50,23,context_class,transition,tissue_based->cell_based,99,1.1301721020790847,0.49646280026180245,0.4936679022049585,0.49033997090614134,-0.002794898056843964,0.56071929279753,0.9410687221517549,0.9590050102634491
IC50,23,context_class,transition,tissue_based->organism_only,449,1.0316128256879367,0.4735040404270452,0.472666395919504,0.46657823819431277,-0.000837644507541202,0.5410060551435211,0.7465668500738415,0.7710520909936359
IC50,23,context_class,transition,tissue_based->subcellular_fraction,10,0.7741314257853567,0.7800131156439867,0.7800971424262652,0.7799771041658675,8.402678227847904e-05,-0.007597792393795468,0.008629342206652435,0.005965716640908436
IC50,23,context_class,transition,tissue_based->tissue_based,252,0.5488631545540255,0.3914013077543929,0.40263780774548674,0.3922588577259671,0.011236499991093829,0.2868872605004374,0.270037479884726,0.2719982453630302
IC50,23,readout_class,same_vs_different,different,16532,0.562190075295377,0.30870033084552606,0.31680596288009405,0.31124364343725996,0.008105632034567989,0.45089686849535077,0.3881772465394118,0.40310016753653005
IC50,23,readout_class,same_vs_different,same,36584,0.2923042594721053,0.13882878239053176,0.13991366996576488,0.1394169119798316,0.0010848875752331177,0.525053850938562,0.2385514981535552,0.24445279847030005
IC50,23,readout_class,transition,absorbance_color->absorbance_color,1078,0.1913728444878278,0.10878683941733566,0.11330709462913278,0.10820292644730545,0.004520255211797122,0.4315450569359384,0.13107425098667824,0.13442409132163172
IC50,23,readout_class,transition,absorbance_color->binding,8,0.40680811258364225,0.17295052068690897,0.14899340797179172,0.1689784863577084,-0.023957112715117246,0.5748597057504617,0.3020005555938793,0.34092254629600693
IC50,23,readout_class,transition,absorbance_color->cell_viability,1,1.3679767852945943,1.4096822354116458,1.3679767852945943,1.4580231957711973,-0.04170545011705151,-0.03048695750203848,0.04170545011705151,0.0
IC50,23,readout_class,transition,absorbance_color->enzyme_activity,331,0.3303093161635232,0.2790148098879045,0.2945985234033821,0.28624719133010834,0.015583713515477604,0.15529233892460004,0.0984074431047667,0.11692795906547443
IC50,23,readout_class,transition,absorbance_color->fluorescence,215,0.4952247657190698,0.2526383215621127,0.22074497008688188,0.23150329994294247,-0.03189335147523081,0.48985119676864286,0.29584222819834366,0.3745301051825855
IC50,23,readout_class,transition,absorbance_color->htrf_alphascreen,7,0.3110990861532573,0.24904160192125474,0.250760166462234,0.24797275673059094,0.0017185645409792394,0.19947819519286883,0.26087309275332377,0.2586094666309146
IC50,23,readout_class,transition,absorbance_color->luminescence,9,0.5533768981629975,0.5302141542757064,0.5533768981629975,0.5287645524155634,0.023162743887291115,0.04185708504309212,0.0235780361498106,0.0
IC50,23,readout_class,transition,absorbance_color->not_extracted,159,0.4646377294608817,0.42963973925609217,0.4248647554344909,0.43273584015069694,-0.004774983821601242,0.07532317757621115,0.14011424879868314,0.15271297905151904
IC50,23,readout_class,transition,absorbance_color->radio,20,0.42461591339943183,0.3394298195942246,0.3625366433285688,0.3062273822476812,0.023106823734344195,0.20061917398058882,0.09776657408449134,0.08359349259579289
IC50,23,readout_class,transition,binding->absorbance_color,8,0.40680811258364225,0.29268462081462765,0.284158902001201,0.2912710761938404,-0.008525718813426675,0.2805339624232545,0.1931608600088779,0.2143101764514248
IC50,23,readout_class,transition,binding->binding,2006,0.057492620924518255,0.031189411065129336,0.030440662381283994,0.03113385318304733,-0.0007487486838453419,0.457505840513381,0.04940902585297135,0.049425952008096914
IC50,23,readout_class,transition,binding->enzyme_activity,24,0.00011821681640652078,0.0012604676714717729,0.0013507205051992432,0.0012726012592153557,9.025283372747039e-05,-9.662338149399243,0.0012315304061943921,0.0013217832399218625
IC50,23,readout_class,transition,binding->fluorescence,31,0.26843755837089106,0.2042948002838806,0.20303014838053113,0.19788478243826227,-0.001264651903349484,0.23894852298718414,0.10983246196395106,0.13579599524450467
IC50,23,readout_class,transition,binding->htrf_alphascreen,3,0.24272945084108422,0.24272945084108363,0.24272945084108422,0.24272945084108422,5.828670879282072e-16,2.4013035332486794e-15,0.007186019233650735,0.0
IC50,23,readout_class,transition,binding->luminescence,55,0.6222448559477535,0.3761167604228884,0.37640100138384985,0.3724613163425289,0.0002842409609614682,0.3955486223345029,0.5702563369397576,0.5450134278342443
IC50,23,readout_class,transition,binding->mass_spec,48,0.381266592871695,0.24967431259725945,0.24967431259725936,0.24967431259725936,-8.326672684688674e-17,0.3451450579062913,0.3890492777412642,0.389049277741264
IC50,23,readout_class,transition,binding->not_extracted,302,0.29341868993546844,0.18004096685548204,0.18203689050089558,0.17972389199928165,0.0019959236454135387,0.3864025263861738,0.21854793815619947,0.22165986975681823
IC50,23,readout_class,transition,binding->radio,87,0.2166776424137889,0.194560438746654,0.2366449575109882,0.19567138223319003,0.04208451876433422,0.10207423073626452,0.1719721991495739,0.18637028928756513
IC50,23,readout_class,transition,cell_viability->absorbance_color,1,1.3679767852945943,1.4096822354116467,1.3679767852945943,1.4580231957711973,-0.0417054501170524,-0.030486957502039128,0.0417054501170524,0.0
IC50,23,readout_class,transition,cell_viability->cell_viability,122,1.0469469605775632,0.37738185097404076,0.38133343199002223,0.375842234686544,0.003951581015981476,0.6395406212690539,0.9988697724322875,1.0032532691598102
IC50,23,readout_class,transition,cell_viability->enzyme_activity,52,0.4794669371692209,0.295931630786551,0.2875443175558135,0.29558930832942004,-0.008387313230737492,0.38279032849744504,0.30655362918851164,0.33460734277448584
IC50,23,readout_class,transition,cell_viability->fluorescence,360,1.476736516459414,0.2995384853476903,0.2966002445146553,0.2984289652850831,-0.0029382408330350107,0.7971618619780215,1.4632308571045012,1.4668457315206127
IC50,23,readout_class,transition,cell_viability->htrf_alphascreen,9,0.3114635954166343,0.03366835267234257,0.043881377048651,0.019030952261537948,0.01021302437630843,0.8919027675536026,0.2777952427442918,0.26758221836798335
IC50,23,readout_class,transition,cell_viability->luminescence,4,0.5145717569955437,0.32358557156434764,0.2854420798677153,0.30886813475398855,-0.03814349169663234,0.3711555926549813,0.5794993763240763,0.6027453064353292
IC50,23,readout_class,transition,cell_viability->mass_spec,2,0.2183134002271685,0.29293388154527955,0.41390535676202367,0.29468002519259207,0.12097147521674412,-0.3418044024803968,0.10458370469555422,0.22555517991229834
IC50,23,readout_class,transition,cell_viability->not_extracted,9,0.6544422285129036,0.3243647799780103,0.36254235827205633,0.33973473038241686,0.038177578294046055,0.5043645323513612,0.5046216727033551,0.5377237791361967
IC50,23,readout_class,transition,cell_viability->radio,1,0.989004615698537,0.9848173480078444,0.989004615698537,0.989004615698537,0.004187267690692664,0.004233820170530938,0.004187267690692664,0.0
IC50,23,readout_class,transition,enzyme_activity->absorbance_color,331,0.3303093161635232,0.2806385978646588,0.2954202255298472,0.28808966589936774,0.014781627665188424,0.15037637713577054,0.1000759021110279,0.1175857579427439
IC50,23,readout_class,transition,enzyme_activity->binding,24,0.00011821681640652078,0.00127201055534872,0.0013643636681151354,0.0012844260815643531,9.235311276641544e-05,-9.759979789800502,0.0012430732900713393,0.0013354264028377545
IC50,23,readout_class,transition,enzyme_activity->cell_viability,52,0.4794669371692209,0.4014334241130194,0.4006581075823646,0.40180483038675335,-0.0007753165306548238,0.1627505611062827,0.2978413750876922,0.3177587543378192
IC50,23,readout_class,transition,enzyme_activity->enzyme_activity,6878,0.32653184339044533,0.16132056964181699,0.16560036843168088,0.16242089828489018,0.004279798789863898,0.5059576182010511,0.25720584438667754,0.2640065045052526
IC50,23,readout_class,transition,enzyme_activity->fluorescence,1783,0.3428120143903504,0.2431846087957015,0.2548115065038618,0.24929735342503934,0.011626897708160305,0.29061818551436763,0.1673508772444538,0.18040670139173248
IC50,23,readout_class,transition,enzyme_activity->htrf_alphascreen,177,0.6018487257887932,0.274820106547067,0.2867739504202848,0.27666220896037913,0.011953843873217795,0.5433734512158631,0.47964182496327706,0.48819821177908507
IC50,23,readout_class,transition,enzyme_activity->luminescence,145,0.8075489284514837,0.37696274471826946,0.4046753555062266,0.3919177167002508,0.027712610787957115,0.5332013560576264,0.6197218616575193,0.646207997799928
IC50,23,readout_class,transition,enzyme_activity->mass_spec,93,0.08205847909391781,0.044249509211586074,0.051916504467831734,0.04716558101028606,0.0076669952562456595,0.4607564056733065,0.060174083929028864,0.0766532722084263
IC50,23,readout_class,transition,enzyme_activity->not_extracted,820,0.6081037084489995,0.4454609860545296,0.46055839643856283,0.45746422447847956,0.015097410384033227,0.26745885633438865,0.284396637986595,0.3029043504540173
IC50,23,readout_class,transition,enzyme_activity->radio,175,0.2880103202461656,0.20446622169445472,0.2079722626353006,0.20321998406226205,0.0035060409408458892,0.29007328098626745,0.17572365566691853,0.1639225576121685
IC50,23,readout_class,transition,fluorescence->absorbance_color,215,0.4952247657190698,0.2728005528484557,0.23951455632328214,0.2513497150298998,-0.03328599652517358,0.44913790316534874,0.2739435116596473,0.3519613380492037
IC50,23,readout_class,transition,fluorescence->binding,31,0.26843755837089106,0.17586665688828423,0.1719580603535399,0.1689599161928415,-0.003908596534744346,0.3448507803617583,0.11932736060274776,0.14617452566648462
IC50,23,readout_class,transition,fluorescence->cell_viability,360,1.476736516459414,0.35461827110879807,0.3523329940937673,0.35323972371643414,-0.0022852770150307844,0.7598635456249013,1.4677087424387991,1.4712967590480421
IC50,23,readout_class,transition,fluorescence->enzyme_activity,1783,0.3428120143903504,0.24492934116763,0.25679936878596965,0.25109097559779053,0.011870027618339662,0.285528712862625,0.16583446493489687,0.17858941948587792
IC50,23,readout_class,transition,fluorescence->fluorescence,17148,0.27665894704165817,0.1142287950804171,0.11463697046003789,0.11513661401612452,0.00040817537962078987,0.5871133165875275,0.23063654547788362,0.23548380667828162
IC50,23,readout_class,transition,fluorescence->htrf_alphascreen,299,0.35297652264121065,0.13590522483759143,0.13632603132006735,0.13455419763025345,0.0004208064824759161,0.6149737557029119,0.28509715980331624,0.293606049852698
IC50,23,readout_class,transition,fluorescence->luminescence,246,0.8341343987429611,0.47909437532190796,0.5265247147938769,0.4905848220733731,0.047430339471968896,0.4256388706137737,0.6445734353730594,0.6754281153659685
IC50,23,readout_class,transition,fluorescence->mass_spec,163,1.4624504514002554,0.3540623028448687,0.35513446868636095,0.3541118395286717,0.001072165841492223,0.7578979154433138,1.4549861469720244,1.457040684060521
IC50,23,readout_class,transition,fluorescence->not_extracted,1100,0.6095346710447265,0.4037863622964413,0.4148439153383891,0.40391516920759507,0.011057553041947776,0.33754980400973406,0.35719442160438214,0.3715360861126921
IC50,23,readout_class,transition,fluorescence->radio,432,0.38613188800176734,0.2824093760227941,0.28665877776224064,0.2806056051946575,0.0042494017394465455,0.2686193893898204,0.22702576923396584,0.22514198170676603
IC50,23,readout_class,transition,htrf_alphascreen->absorbance_color,7,0.3110990861532573,0.23573076202499418,0.26409606735318797,0.23942221754991103,0.028365305328193785,0.24226469148525334,0.3747741014250936,0.403840720322191
IC50,23,readout_class,transition,htrf_alphascreen->binding,3,0.24272945084108422,0.24272945084108422,0.24272945084108422,0.24272945084108422,0.0,0.0,0.007186019233650143,0.0
IC50,23,readout_class,transition,htrf_alphascreen->cell_viability,9,0.3114635954166343,0.033668352672342666,0.043881377048651,0.019030952261537948,0.010213024376308333,0.8919027675536024,0.2777952427442917,0.26758221836798335
IC50,23,readout_class,transition,htrf_alphascreen->enzyme_activity,177,0.6018487257887932,0.28102456402170567,0.2884670584507003,0.2895844922884258,0.007442494428994639,0.5330644529430713,0.4893388250618266,0.5028473348343577
IC50,23,readout_class,transition,htrf_alphascreen->fluorescence,299,0.35297652264121065,0.14639846530033626,0.14760566234634556,0.1446504932203771,0.0012071970460093007,0.5852458848965838,0.29563657752259564,0.3034611528925339
IC50,23,readout_class,transition,htrf_alphascreen->htrf_alphascreen,1506,0.178519557526949,0.08360579734733552,0.08221265023942737,0.08246968927159679,-0.001393147107908152,0.5316714957983552,0.15968581706499105,0.1665152715780724
IC50,23,readout_class,transition,htrf_alphascreen->luminescence,56,1.2239081145350685,0.2864625149891889,0.28274013328252,0.28209320118377557,-0.003722381706668887,0.7659444270471165,1.1102961254968238,1.1242901272195935
IC50,23,readout_class,transition,htrf_alphascreen->not_extracted,87,0.8388354192786913,0.32983749533927115,0.33541580302699503,0.327741291221098,0.005578307687723882,0.6067911681377307,0.6417575611328029,0.6654904358948921
IC50,23,readout_class,transition,htrf_alphascreen->radio,46,0.36527994586403845,0.13008618477606576,0.13238777322207226,0.1280092441668138,0.002301588446006503,0.6438726345396323,0.24269143811922797,0.23868331109960927
IC50,23,readout_class,transition,luminescence->absorbance_color,9,0.5533768981629975,0.5302141542757061,0.5533768981629975,0.5287645524155634,0.023162743887291448,0.041857085043092726,0.023578036149810702,0.0
IC50,23,readout_class,transition,luminescence->binding,55,0.6222448559477535,0.41320581159817055,0.4205121776073129,0.4088333139655957,0.007306366009142362,0.3359433868379537,0.6701354059011404,0.6734219143538148
IC50,23,readout_class,transition,luminescence->cell_viability,4,0.5145717569955437,0.2704256345443725,0.22322841781785208,0.25443118046035806,-0.04719721672652044,0.4744646769513344,0.6445655442655362,0.6788929621721769
IC50,23,readout_class,transition,luminescence->enzyme_activity,145,0.8075489284514837,0.3804306694422763,0.40212386642725556,0.39396701841006876,0.021693196984979235,0.5289069726440334,0.5941031776700235,0.616525435799037
IC50,23,readout_class,transition,luminescence->fluorescence,246,0.8341343987429611,0.3884423919104586,0.43315478505544835,0.4015118249704408,0.04471239314498976,0.5343167809697807,0.711407531549997,0.7471216053878786
IC50,23,readout_class,transition,luminescence->htrf_alphascreen,56,1.2239081145350685,0.3147155186041982,0.3140002770888072,0.3112685959427938,-0.0007152415153910407,0.7428601748230499,1.0973335116263656,1.1088267400230076
IC50,23,readout_class,transition,luminescence->luminescence,1478,0.32283766436945643,0.17169038984562163,0.17492303764714015,0.17340662641598284,0.0032326478015185234,0.46818352133430563,0.2803485525290717,0.2865578734382855
IC50,23,readout_class,transition,luminescence->not_extracted,209,0.8489425637243718,0.41418423970689244,0.420242898073149,0.41722561462065694,0.006058658366256575,0.5121174771944094,0.6581270934309986,0.6792474741897008
IC50,23,readout_class,transition,luminescence->radio,69,0.7219606587492909,0.2979819559770111,0.30674514260993857,0.29855682303200604,0.008763186632927467,0.5872601195566132,0.6840052228455814,0.6879574111047861
IC50,23,readout_class,transition,mass_spec->binding,48,0.381266592871695,0.23530043780771126,0.23530043780771126,0.23530043780771126,0.0,0.38284538376302146,0.37132622421232825,0.37132622421232836
IC50,23,readout_class,transition,mass_spec->cell_viability,2,0.2183134002271685,0.09549612264557794,0.19634330154597057,0.13011000878419132,0.10084717890039263,0.5625732431165088,0.31380952287274644,0.41465670177313907
IC50,23,readout_class,transition,mass_spec->enzyme_activity,93,0.08205847909391781,0.053379742907433254,0.06323434545405292,0.05520391803888053,0.009854602546619663,0.34949144199542237,0.05450159745922566,0.0704000153375016
IC50,23,readout_class,transition,mass_spec->fluorescence,163,1.4624504514002554,0.29469017668352676,0.2965379009512293,0.29459586932618337,0.0018477242677025218,0.7984956164488382,1.4341645281321198,1.4367551971908121
IC50,23,readout_class,transition,mass_spec->mass_spec,268,0.40869685347124807,0.15618594702375638,0.14995740278399075,0.1537951803024604,-0.0062285442397656265,0.6178440188682683,0.3610487039901238,0.367645713994532
IC50,23,readout_class,transition,mass_spec->not_extracted,7,0.4165590223760117,0.3038475774343889,0.3437531335398615,0.32763545514888254,0.039905556105472584,0.27057737052177583,0.562892796142391,0.6074088355735182
IC50,23,readout_class,transition,mass_spec->radio,5,0.46655242916717443,0.33398865947305384,0.320173062343622,0.33189010113487516,-0.013815597129431867,0.28413477544368443,0.3010217110595216,0.2992421297956504
IC50,23,readout_class,transition,not_extracted->absorbance_color,159,0.4646377294608817,0.4147049443051079,0.4090639989895264,0.417885602828152,-0.005640945315581514,0.10746605794090534,0.1277952247226485,0.1370576452952706
IC50,23,readout_class,transition,not_extracted->binding,302,0.29341868993546844,0.1795490757475218,0.18133487555970287,0.17939274347237377,0.001785799812181077,0.38807894007361965,0.2120546461250704,0.21586410267221298
IC50,23,readout_class,transition,not_extracted->cell_viability,9,0.6544422285129036,0.2899006755165414,0.33233096374737836,0.30584833386673094,0.04243028823083694,0.5570263303832242,0.5795943332272331,0.621999455903577
IC50,23,readout_class,transition,not_extracted->enzyme_activity,820,0.6081037084489995,0.4427493029079626,0.45830600363122487,0.45502963763458826,0.015556700723262262,0.27191810088246626,0.28931645050667054,0.3094468401235153
IC50,23,readout_class,transition,not_extracted->fluorescence,1100,0.6095346710447265,0.4027054464863709,0.4135872787329775,0.40167973163534426,0.010881832246606604,0.3393231499101695,0.36666210325886606,0.38465561292489386
IC50,23,readout_class,transition,not_extracted->htrf_alphascreen,87,0.8388354192786913,0.374424544929205,0.37566952560292266,0.37451742615934236,0.0012449806737176439,0.5536376548677808,0.7012988092541598,0.7305989818238912
IC50,23,readout_class,transition,not_extracted->luminescence,209,0.8489425637243718,0.4262820281738735,0.4317741055622479,0.4294940911125808,0.005492077388374372,0.49786705674911186,0.6629696829507883,0.6815104442628893
IC50,23,readout_class,transition,not_extracted->mass_spec,7,0.4165590223760117,0.35941822592017825,0.40956048043092697,0.3788189471752667,0.05014225451074872,0.1371733497210263,0.5654867835827763,0.6104806628055542
IC50,23,readout_class,transition,not_extracted->not_extracted,4042,0.4442910915901011,0.2595325486429714,0.2594862741693154,0.26028346769647315,-4.62744736559606e-05,0.41585020821796326,0.34988963631158876,0.3603004196035782
IC50,23,readout_class,transition,not_extracted->radio,617,0.6978469746564381,0.31103866873884106,0.3063664477497257,0.30950887960332124,-0.00467222098911535,0.5542881462057342,0.5664777565022967,0.5882522395414644
IC50,23,readout_class,transition,radio->absorbance_color,20,0.42461591339943183,0.3466217567704323,0.3709120567819287,0.31233912320439716,0.024290300011496402,0.1836816618684549,0.08733843849714318,0.06389157811412756
IC50,23,readout_class,transition,radio->binding,87,0.2166776424137889,0.20430773568380603,0.24042638578472436,0.20370916212254078,0.03611865010091833,0.057088985241772555,0.1684751058913988,0.19360595548242776
IC50,23,readout_class,transition,radio->cell_viability,1,0.989004615698537,0.9848173480078444,0.989004615698537,0.989004615698537,0.004187267690692664,0.004233820170530938,0.004187267690692664,0.0
IC50,23,readout_class,transition,radio->enzyme_activity,175,0.2880103202461656,0.1958769143107605,0.19872714627731713,0.19503523697960812,0.002850231966556621,0.3198961962774724,0.15610903371928098,0.13995770974018606
IC50,23,readout_class,transition,radio->fluorescence,432,0.38613188800176734,0.25509712534502593,0.25921960518814297,0.25334402813163215,0.004122479843117033,0.3393523475485186,0.2327246258280038,0.23483043438367426
IC50,23,readout_class,transition,radio->htrf_alphascreen,46,0.36527994586403845,0.12821465796139672,0.1315932917403293,0.1263259289447219,0.003378633778932577,0.6489961756369736,0.264175881184895,0.2625426774527821
IC50,23,readout_class,transition,radio->luminescence,69,0.7219606587492909,0.33763980822876644,0.33928977227424556,0.3322367729686473,0.0016499640454791242,0.5323293532175474,0.7252828952924666,0.732045408258925
IC50,23,readout_class,transition,radio->mass_spec,5,0.46655242916717443,0.36621716967691126,0.3593166911246092,0.3647251188736707,-0.006900478552302081,0.2150567722246521,0.4130972873576157,0.42979620321350875
IC50,23,readout_class,transition,radio->not_extracted,617,0.6978469746564381,0.3179419188334433,0.31532530240434864,0.3156196647907687,-0.0026166164290946647,0.5443959343809271,0.5565426285893753,0.5769430772719952
IC50,23,readout_class,transition,radio->radio,2058,0.2929581448899977,0.15263267211771717,0.15194134986119273,0.15073249021136276,-0.0006913222565244348,0.47899495276013265,0.23081589138156847,0.2398084120476859
IC50,29,assay_type_class,same_vs_different,different,1398,0.6400039649979062,0.3609932849828909,0.36530056887794793,0.3594575842652417,0.004307283895057024,0.4359514866691929,0.5000999125626584,0.49021453256827346
IC50,29,assay_type_class,same_vs_different,same,48120,0.36783775567908567,0.16922545930245106,0.17433990845541686,0.16744707379894583,0.0051144491529658,0.539945378934703,0.29775174217813816,0.28851035455087526
IC50,29,assay_type_class,transition,adme->adme,106,0.4712280879677007,0.22139753412962918,0.22761863628158888,0.22061830039082347,0.006221102151959701,0.5301690629595823,0.3577328998117767,0.35886437980406244
IC50,29,assay_type_class,transition,adme->binding,88,0.7386747240363686,0.3921320717907579,0.41583215553916963,0.3844546572506108,0.02370008374841176,0.4691410724763728,0.6340135596191238,0.6311294496837899
IC50,29,assay_type_class,transition,binding->adme,88,0.7386747240363686,0.2884607754897685,0.31332355967361547,0.284579255489337,0.024862784183846964,0.6094887694091911,0.6485921746235366,0.6445001090141566
IC50,29,assay_type_class,transition,binding->binding,46924,0.3650002548389767,0.16674063861407826,0.1720232157576068,0.16494068059462086,0.005282577143528533,0.5431766515131956,0.2953187423232671,0.28564593205151445
IC50,29,assay_type_class,transition,binding->functional,594,0.627243232418188,0.37722656714460584,0.3810137027041851,0.37493578874467975,0.003787135559579269,0.39859603476262634,0.4795877521055782,0.4685844061598156
IC50,29,assay_type_class,transition,binding->toxicity,15,0.5785279837762095,0.4891273886051875,0.469285970205061,0.4653586034109098,-0.019841418400126487,0.15453115091767905,0.3077883755354257,0.26107287806741114
IC50,29,assay_type_class,transition,functional->binding,594,0.627243232418188,0.34355027829780466,0.34344890780412324,0.3441755961181928,-0.0001013704936814186,0.45228539657043765,0.49224320987412135,0.4833028861658802
IC50,29,assay_type_class,transition,functional->functional,1088,0.4807799666306239,0.27156899057188344,0.26934685572068645,0.27063335564990254,-0.0022221348511969885,0.43514911306500864,0.3973357596580793,0.4057251113452425
IC50,29,assay_type_class,transition,functional->toxicity,2,0.5494980026445981,0.6053950526169416,0.5494980026445981,0.5993667633602531,-0.05589704997234346,-0.10172384558874603,0.05589704997234346,0.0
IC50,29,assay_type_class,transition,toxicity->binding,15,0.5785279837762095,0.4635858469462838,0.46376134313710726,0.4744473179027668,0.00017549619082346535,0.19868034054233144,0.2826433994344368,0.2484913701701652
IC50,29,assay_type_class,transition,toxicity->functional,2,0.5494980026445981,0.5667535070487215,0.5494980026445981,0.5993667633602535,-0.01725550440412338,-0.031402305961217146,0.01725550440412338,0.0
IC50,29,assay_type_class,transition,toxicity->toxicity,2,0.02103209738113243,0.028087473492715453,0.02103209738113243,0.02103209738113243,-0.007055376111583023,-0.3354575620172,0.028087473492715453,0.0
IC50,29,bao_format_first,same_vs_different,different,11622,0.6488481282964466,0.3276692746071782,0.3433567634075757,0.32088513164181,0.015687488800397498,0.4949985053243889,0.49448121788431854,0.47216912051881393
IC50,29,bao_format_first,same_vs_different,same,37896,0.2916974192337812,0.1277080801286521,0.12955019753649952,0.1274738202994238,0.0018421174078474267,0.5621898868213835,0.24488317492936074,0.23962657427825917
IC50,29,bao_format_first,transition,BAO_0000019->BAO_0000019,5474,0.21441153317405048,0.12866131444271456,0.1325972454316343,0.12705483156363748,0.003935930988919728,0.3999328649066998,0.16685200780864876,0.16112597964143643
IC50,29,bao_format_first,transition,BAO_0000019->BAO_0000219,1153,0.6264144864931231,0.37927051609294227,0.40066686380588934,0.3737855898860701,0.021396347712947072,0.3945374440233257,0.45133802437153436,0.42816239234513714
IC50,29,bao_format_first,transition,BAO_0000019->BAO_0000220,5,2.767651215795353,0.4834406474973315,0.481579392405658,0.4861750839900365,-0.0018612550916735082,0.8253245767608752,2.490020792252301,2.4921296918276328
IC50,29,bao_format_first,transition,BAO_0000019->BAO_0000221,52,0.7603535400986825,0.3167565403552172,0.3166904571369144,0.3052296458466726,-6.608321830281483e-05,0.5834088701499214,0.6508787066766073,0.6354958343941427
IC50,29,bao_format_first,transition,BAO_0000019->BAO_0000224,1,0.0,0.3666621534078196,0.5218675818854752,0.41408603433154667,0.15520542847765562,-366662153407.8196,0.3666621534078196,0.5218675818854752
IC50,29,bao_format_first,transition,BAO_0000019->BAO_0000249,28,0.27882291278107924,0.1148325210723693,0.08016327522549925,0.08734331760967762,-0.03466924584687005,0.588152494617502,0.21993127751482053,0.31157331221951534
IC50,29,bao_format_first,transition,BAO_0000019->BAO_0000251,11,0.7033498150145004,0.368130055949025,0.256999984918079,0.2988069388624007,-0.11113007103094596,0.4766046025882078,0.5079578935112233,0.7354729550521717
IC50,29,bao_format_first,transition,BAO_0000019->BAO_0000357,1668,0.3971744469908089,0.26854961409357847,0.2804577750052044,0.25952898790405404,0.011908160911625942,0.3238497186104396,0.224200653745567,0.19334849729329334
IC50,29,bao_format_first,transition,BAO_0000019->BAO_0000366,14,1.8632174348148358,0.25857043823733505,0.2624800018583916,0.2608917319119109,0.003909563621056544,0.8612236911238267,1.806604534321001,1.7818529174394855
IC50,29,bao_format_first,transition,BAO_0000218->BAO_0000218,338,0.2841975617636916,0.15596097210169196,0.15596097210169196,0.15596097210169196,0.0,0.45122339849146037,0.24109310931327402,0.24109310931327396
IC50,29,bao_format_first,transition,BAO_0000218->BAO_0000219,26,1.2740599237288388,0.35817396612547514,0.3579343136724556,0.3574106693052321,-0.0002396524530195454,0.718871962413515,1.3948497784858453,1.4010442897729547
IC50,29,bao_format_first,transition,BAO_0000218->BAO_0000249,3,0.07681630712609137,0.11946333332641028,0.07681630712609137,0.09803962727176281,-0.042647026200318905,-0.5551819372195965,0.04461385318733768,0.0
IC50,29,bao_format_first,transition,BAO_0000218->BAO_0000357,77,0.05063934782827716,0.03421184301684569,0.03301556905707799,0.03505372765773397,-0.0011962739597677005,0.3244019821728096,0.05159583844934568,0.05223283720997398
IC50,29,bao_format_first,transition,BAO_0000219->BAO_0000019,1153,0.6264144864931231,0.36697955293998463,0.3893921605594924,0.3611859259302394,0.02241260761950775,0.41415857893954794,0.4323721623027974,0.4116471648773059
IC50,29,bao_format_first,transition,BAO_0000219->BAO_0000218,26,1.2740599237288388,0.28252912159857363,0.27349368933927215,0.2843761727735562,-0.009035432259301479,0.7782450288745563,1.2829745742473286,1.2726656637699885
IC50,29,bao_format_first,transition,BAO_0000219->BAO_0000219,5766,0.4398309515857793,0.2246410135727042,0.2287656762208027,0.2224747164021128,0.0041246626480985205,0.4892560135598076,0.3436221484652052,0.3357621766167169
IC50,29,bao_format_first,transition,BAO_0000219->BAO_0000220,5,0.2658518942553442,0.10794147588733001,0.11195910078502802,0.11197503754542684,0.004017624897698011,0.5939789099879241,0.24669055227423103,0.2551187807693777
IC50,29,bao_format_first,transition,BAO_0000219->BAO_0000221,72,0.9568893625754684,0.34761650928972965,0.3749172953500726,0.3577191906399364,0.027300786060342974,0.6367223600917461,0.9463420949739378,0.951768561914335
IC50,29,bao_format_first,transition,BAO_0000219->BAO_0000249,16,0.8399463782923018,0.3413052962849034,0.3739937142288617,0.35044004453697786,0.03268841794395827,0.5936582321138016,0.8724691856088954,0.9251755459921043
IC50,29,bao_format_first,transition,BAO_0000219->BAO_0000251,7,0.5120076506920496,0.3305682998319641,0.35266377264893845,0.31770807937578066,0.022095472816974326,0.354368436906841,0.4671136156357893,0.44600377730822405
IC50,29,bao_format_first,transition,BAO_0000219->BAO_0000252,4,1.2038305392470519,0.4088137968477996,0.420136148429632,0.39592513893938364,0.011322351581832368,0.6604058598617241,1.182381407691413,1.176017862997174
IC50,29,bao_format_first,transition,BAO_0000219->BAO_0000357,2438,0.8159148297057672,0.34808260623812226,0.3647985942988385,0.3385637196933795,0.016715988060716225,0.573383650394433,0.6765850055099561,0.6563296521857694
IC50,29,bao_format_first,transition,BAO_0000219->BAO_0000366,22,1.3372458893959902,0.44653312454126204,0.4526617518812523,0.43681269442044535,0.006128627339990256,0.6660800170842529,1.3036834780637887,1.3055972551668935
IC50,29,bao_format_first,transition,BAO_0000220->BAO_0000019,5,2.767651215795353,0.2804102418615674,0.2632779461113358,0.30732948142800237,-0.017132295750231563,0.8986829553300543,2.583733288025509,2.5934404980689387
IC50,29,bao_format_first,transition,BAO_0000220->BAO_0000219,5,0.2658518942553442,0.14970713950073994,0.14886127486283324,0.15380584146162218,-0.0008458646379067014,0.4368776648363848,0.2404842404705853,0.24004072079383523
IC50,29,bao_format_first,transition,BAO_0000221->BAO_0000019,52,0.7603535400986825,0.22704424703987128,0.22886727588253952,0.2335436738601371,0.001823028842668245,0.7013964753680185,0.6797131974638464,0.6628105270964629
IC50,29,bao_format_first,transition,BAO_0000221->BAO_0000219,72,0.9568893625754684,0.31863688872822854,0.3489094611625576,0.3317112349697679,0.03027257243432907,0.6670075964993308,0.9775282751081166,0.9863736775358561
IC50,29,bao_format_first,transition,BAO_0000221->BAO_0000221,82,0.7606952119154597,0.333143768411831,0.3400939971405868,0.34776288251490883,0.006950228728755781,0.5620535489201224,0.8619056085732514,0.8504527780445597
IC50,29,bao_format_first,transition,BAO_0000221->BAO_0000249,2,0.5440680443502757,0.48602053522452415,0.5440680443502757,0.5399283037136318,0.05804750912575152,0.10669163485804734,0.05804750912575152,0.0
IC50,29,bao_format_first,transition,BAO_0000221->BAO_0000251,2,1.262447018257832,1.1739779081680841,1.262447018257832,1.141109871206869,0.0884691100897479,0.07007748349854288,0.0884691100897479,0.0
IC50,29,bao_format_first,transition,BAO_0000221->BAO_0000357,75,0.9127811328939847,0.36424022889047825,0.36788047168204085,0.36819758141060344,0.003640242791562609,0.6009555678088462,0.6948054352274471,0.6591142706529313
IC50,29,bao_format_first,transition,BAO_0000224->BAO_0000019,1,0.0,0.3666621534078196,0.5218675818854752,0.41408603433154667,0.15520542847765562,-366662153407.8196,0.3666621534078196,0.5218675818854752
IC50,29,bao_format_first,transition,BAO_0000224->BAO_0000224,14,0.21901681013664057,0.15698545496475744,0.15185661344411047,0.1575562144298608,-0.005128841520646965,0.2832264570613685,0.28390835070068193,0.28283034801748164
IC50,29,bao_format_first,transition,BAO_0000224->BAO_0000357,14,0.5687694484726207,0.1953483706204815,0.19476016846420072,0.19843868955182625,-0.000588202156280776,0.6565420819541696,0.6937055950408135,0.6893960261900751
IC50,29,bao_format_first,transition,BAO_0000249->BAO_0000019,28,0.27882291278107924,0.12108325026593159,0.09073568217682894,0.08639454128779238,-0.030347568089102647,0.5657342179729634,0.21470071800095902,0.3101600763165869
IC50,29,bao_format_first,transition,BAO_0000249->BAO_0000218,3,0.07681630712609137,0.11701227592174786,0.07681630712609137,0.09803962727176281,-0.040195968795656484,-0.5232739023717472,0.0791072367336767,0.0
IC50,29,bao_format_first,transition,BAO_0000249->BAO_0000219,16,0.8399463782923018,0.41177743131750083,0.44298815275238956,0.4250436785025616,0.031210721434888733,0.5097574774300627,0.9171803591982981,0.9508645046053275
IC50,29,bao_format_first,transition,BAO_0000249->BAO_0000221,2,0.5440680443502757,0.5803411610034859,0.5440680443502757,0.5399283037136318,-0.0362731166532102,-0.06667018405120162,0.0362731166532102,0.0
IC50,29,bao_format_first,transition,BAO_0000249->BAO_0000249,134,0.10507004242269498,0.060076808170390704,0.059588929998423745,0.06012559101062134,-0.00048787817196695865,0.4282213389740271,0.06113184674650178,0.06086117245066489
IC50,29,bao_format_first,transition,BAO_0000249->BAO_0000357,30,0.08972952895552157,0.057890796157754415,0.03905267284516499,0.05387089380596863,-0.018838123312589425,0.354830045007251,0.06121206192349359,0.07871201896105173
IC50,29,bao_format_first,transition,BAO_0000251->BAO_0000019,11,0.7033498150145004,0.3684775609309421,0.2532526415015049,0.29610052417265287,-0.11522491942943719,0.47611053125343406,0.5008154720386857,0.7314988024566766
IC50,29,bao_format_first,transition,BAO_0000251->BAO_0000219,7,0.5120076506920496,0.37101633925959493,0.3896369367153979,0.3462782516089537,0.018620597455802967,0.27536954036113576,0.48469936974023636,0.4643138959614417
IC50,29,bao_format_first,transition,BAO_0000251->BAO_0000221,2,1.262447018257832,1.199305630637951,1.262447018257832,1.141109871206869,0.06314138761988097,0.05001507921260382,0.06314138761988097,0.0
IC50,29,bao_format_first,transition,BAO_0000251->BAO_0000251,12,0.2886553827760439,0.3383721353451206,0.33979469078427726,0.36766786835838056,0.0014225554391566475,-0.17223566763572162,0.050422196024419774,0.05217311139863812
IC50,29,bao_format_first,transition,BAO_0000251->BAO_0000357,6,0.5968008729974877,0.5790829320820899,0.5394189762239482,0.6218786024650292,-0.03966395585814175,0.029688195371444077,0.11848969234783957,0.09089600983381481
IC50,29,bao_format_first,transition,BAO_0000252->BAO_0000219,4,1.2038305392470519,0.3916216136347046,0.3917453462698617,0.3914622977580635,0.0001237326351570811,0.6746870918562605,1.2271429413061048,1.2273835573091165
IC50,29,bao_format_first,transition,BAO_0000357->BAO_0000019,1668,0.3971744469908089,0.27278988823617517,0.2866134874979118,0.2664374725051171,0.013823599261736652,0.31317361853722714,0.2181895157739607,0.18941511689197194
IC50,29,bao_format_first,transition,BAO_0000357->BAO_0000218,77,0.05063934782827716,0.05376375700243054,0.05235396644460249,0.053132079915113005,-0.0014097905578280487,-0.0616992380065506,0.06527626500444815,0.06412805301977136
IC50,29,bao_format_first,transition,BAO_0000357->BAO_0000219,2438,0.8159148297057672,0.3602322885663274,0.37963481102366337,0.35246723188151863,0.01940252245733598,0.5584927795757392,0.6686431184788522,0.6426287039355776
IC50,29,bao_format_first,transition,BAO_0000357->BAO_0000221,75,0.9127811328939847,0.3759600769964639,0.3806638709071092,0.38093769632826696,0.004703793910645293,0.5881158544497108,0.7065240486114972,0.6721961612834904
IC50,29,bao_format_first,transition,BAO_0000357->BAO_0000224,14,0.5687694484726207,0.2805910851071253,0.2759888335132098,0.2839461347442024,-0.0046022515939155295,0.5066699066543966,0.7544825702135107,0.7535196576485526
IC50,29,bao_format_first,transition,BAO_0000357->BAO_0000249,30,0.08972952895552157,0.06655414638786983,0.04414999098018342,0.059008548442594934,-0.022404155407686407,0.2582804438786216,0.06716376117305499,0.08381011836020645
IC50,29,bao_format_first,transition,BAO_0000357->BAO_0000251,6,0.5968008729974877,0.32825953376605604,0.24274476204081177,0.34892091815972526,-0.08551477172524427,0.44996807374402437,0.38624506452859597,0.40205637344261463
IC50,29,bao_format_first,transition,BAO_0000357->BAO_0000357,26064,0.27464975197561303,0.10500051180779024,0.10588711831841499,0.10540519573172293,0.0008866065106247489,0.6176930397624625,0.2385767336995755,0.2338744732285283
IC50,29,bao_format_first,transition,BAO_0000357->BAO_0000366,80,0.7057766039954464,0.4507758588473548,0.4550666313675754,0.4761106380940821,0.004290772520220587,0.36130518311958215,0.50031872215701,0.4885233063645261
IC50,29,bao_format_first,transition,BAO_0000366->BAO_0000019,14,1.8632174348148358,0.411489701922291,0.4272815574599567,0.391203479805366,0.01579185553766571,0.7791510028655435,2.092399745865444,2.09608872336722
IC50,29,bao_format_first,transition,BAO_0000366->BAO_0000219,22,1.3372458893959902,0.35641140451813424,0.3724880210082725,0.341631914779108,0.01607661649013825,0.7334735463803752,1.430398093180517,1.4415210522768307
IC50,29,bao_format_first,transition,BAO_0000366->BAO_0000357,80,0.7057766039954464,0.44345498018770824,0.4433449568610256,0.4647856656543272,-0.00011002332668264003,0.3716779818468319,0.4927513747707863,0.47771613075928787
IC50,29,bao_format_first,transition,BAO_0000366->BAO_0000366,12,0.5745829566313597,0.7482327840750861,0.8251051313986979,0.7727928505889676,0.07687234732361181,-0.30221889709676236,0.1848691337813262,0.26736396886478225
IC50,29,assay_organism_first,same_vs_different,same,49518,0.3755215951036931,0.1746394788569818,0.17973113999285167,0.1728679448686958,0.005091661135869868,0.5349415822310872,0.3034644676960824,0.294204898774558
IC50,29,assay_organism_first,transition,Agaricus bisporus->Agaricus bisporus,56,0.10843193766903582,0.14892917185373303,0.10843193766903582,0.1301003506177926,-0.04049723418469721,-0.37348068341548907,0.11108915062021177,0.0
IC50,29,assay_organism_first,transition,Anopheles gambiae->Anopheles gambiae,4,0.14080141700754112,0.12146683741990794,0.12182948993058829,0.12096603157182573,0.0003626525106803502,0.13731807533298937,0.12228528662916593,0.12181938406897763
IC50,29,assay_organism_first,transition,Bacillus anthracis->Bacillus anthracis,20,0.9128600717899864,0.3031676181507437,0.3075272374942483,0.29677234754823956,0.004359619343504595,0.667892563691305,0.8273661771707286,0.8281058251326308
IC50,29,assay_organism_first,transition,Bos taurus->Bos taurus,14,0.041717595801915204,0.1340917384355896,0.055530636605440255,0.05682299093499932,-0.07856110183014936,-2.214272919088823,0.09245107018448236,0.013813040803525047
IC50,29,assay_organism_first,transition,Callithrix jacchus->Callithrix jacchus,4,0.0,0.0,0.0,0.0,0.0,0.0,0.0,0.0
IC50,29,assay_organism_first,transition,Candida albicans->Candida albicans,60,0.8172465518984015,0.5325482751802091,0.5325482751802092,0.5325482751802092,1.1102230246251565e-16,0.34836277504855784,0.6769114767327683,0.6769114767327683
IC50,29,assay_organism_first,transition,Cavia porcellus->Cavia porcellus,18,0.5613554575381753,0.05455099967652731,0.0248651086105669,0.09640895106392472,-0.02968589106596041,0.9028227142998471,0.5672854433299779,0.5841865054899356
IC50,29,assay_organism_first,transition,Cryptosporidium parvum->Cryptosporidium parvum,34,0.18637445810641332,0.23977327679062252,0.24011960850648617,0.23958884895435653,0.0003463317158636514,-0.2865136093579966,0.34657443042350505,0.3458164095526814
IC50,29,assay_organism_first,transition,Electrophorus electricus->Electrophorus electricus,8,0.6281424804982301,0.4056866058106462,0.4001608512226825,0.4255017585919313,-0.005525754587963672,0.3541487506323984,0.2742423305485374,0.2976169329151682
IC50,29,assay_organism_first,transition,Equus caballus->Equus caballus,80,0.7653998897519833,0.8853185942339881,0.8530448651157482,0.9651538974461615,-0.03227372911823989,-0.15667457767842471,0.17520619166009904,0.16067585895059608
IC50,29,assay_organism_first,transition,Escherichia coli->Escherichia coli,12,0.16901933260454763,0.19919457360064508,0.17841681777451743,0.2272476559401048,-0.020777755826127647,-0.1785312989413943,0.2787725894240533,0.2582294338714284
IC50,29,assay_organism_first,transition,Hepacivirus hominis->Hepacivirus hominis,12,0.9088027211097357,0.3635913564685032,0.3620888417507904,0.36583073664164556,-0.0015025147177127884,0.5999226806621758,0.765396822963634,0.7699470489585138
IC50,29,assay_organism_first,transition,Homo sapiens->Homo sapiens,46158,0.3707430253633768,0.16668106568957447,0.17206740406558974,0.16440784371819836,0.005386338376015265,0.5504134824216715,0.30351780698222625,0.2942058408820007
IC50,29,assay_organism_first,transition,Human immunodeficiency virus 1->Human immunodeficiency virus 1,910,0.7305227725534623,0.3412581394825323,0.34769541873735427,0.343760249295573,0.006437279254821959,0.5328576297632696,0.5594738183862193,0.57537650929361
IC50,29,assay_organism_first,transition,Mus musculus->Mus musculus,314,0.4338348348410171,0.34223882364805713,0.3477713814104656,0.3452798810547931,0.005532557762408463,0.2111310661038231,0.23933600850885264,0.23519485193591305
IC50,29,assay_organism_first,transition,Mycobacterium tuberculosis->Mycobacterium tuberculosis,4,2.62594310982636,0.468922997678177,0.4930725267321425,0.43669983209659,0.0241495290539655,0.8214268253095611,2.697460864012867,2.625978473073693
IC50,29,assay_organism_first,transition,Oryctolagus cuniculus->Oryctolagus cuniculus,152,0.2128011538410036,0.14967126782875534,0.1425120505201054,0.14586487610008986,-0.0071592173086499344,0.2966613896248718,0.14867523260515064,0.14823567120140854
IC50,29,assay_organism_first,transition,Ovis aries->Ovis aries,2,0.9472936494839974,0.9985285733459062,1.0264748955316225,1.0070677273470974,0.027946322185716355,-0.05408557725454726,0.051234923861908754,0.07918124604762511
IC50,29,assay_organism_first,transition,Photinus pyralis->Photinus pyralis,66,0.37293441272087624,0.4405951365359048,0.43968352617855816,0.44069642657561,-0.0009116103573466594,-0.18142794418296126,0.2995591820116495,0.3001172931990702
IC50,29,assay_organism_first,transition,Plasmodium falciparum->Plasmodium falciparum,32,0.03233390040848827,0.03877262147260116,0.04042298893475707,0.038452356189813325,0.0016503674621559106,-0.1991322105520744,0.025936040437441937,0.027325567905135156
IC50,29,assay_organism_first,transition,Pneumocystis carinii->Pneumocystis carinii,212,0.14420604335912518,0.12481437639233699,0.11747514277490001,0.12264245986723803,-0.007339233617436977,0.13447194385949507,0.07175311299901704,0.08663838439340223
IC50,29,assay_organism_first,transition,Pseudomonas aeruginosa->Pseudomonas aeruginosa,32,0.5436615639582063,0.11438385968760167,0.11438385968760159,0.11438385968760159,-8.326672684688674e-17,0.7896046598276812,0.5012471484985759,0.5012471484985758
IC50,29,assay_organism_first,transition,Rattus norvegicus->Rattus norvegicus,736,0.2728124775660627,0.19055290639489222,0.1772373491930775,0.18759414531421195,-0.013315557201814737,0.3015242261096763,0.17458187943711068,0.18132831379113212
IC50,29,assay_organism_first,transition,Saccharomyces cerevisiae S288c->Saccharomyces cerevisiae S288c,32,0.3566865986862194,0.1631386320955673,0.16313863209556728,0.16313863209556728,-2.7755575615628914e-17,0.5426275259669009,0.3164010270025399,0.31640102700253997
IC50,29,assay_organism_first,transition,Schistosoma mansoni->Schistosoma mansoni,14,0.0019004040912005138,0.1443225153442819,0.14626558204546866,0.14140791529250166,0.0019430667011867686,-74.94306706270622,0.14403927498642485,0.14598234168761165
IC50,29,assay_organism_first,transition,Severe acute respiratory syndrome coronavirus 2->Severe acute respiratory syndrome coronavirus 2,8,0.167772740377359,0.3782785859579165,0.39177810534675495,0.38947354477484597,0.013499519388838421,-1.2547082744615248,0.2105086385625563,0.22400815795139473
IC50,29,assay_organism_first,transition,Staphylococcus aureus->Staphylococcus aureus,16,0.1628594800345584,0.05221733408393425,0.05567289295713601,0.04847437404091964,0.0034555588732017584,0.6793718482163037,0.19030068233298147,0.1897248601894858
IC50,29,assay_organism_first,transition,Sus scrofa->Sus scrofa,20,0.4889167670157839,0.2727515550174054,0.2270076114644306,0.24873349918772208,-0.045743943552974786,0.4421309036255653,0.3034650235672122,0.3583874068464679
IC50,29,assay_organism_first,transition,Tetronarce californica->Tetronarce californica,22,1.0145440435309871,0.8731410641801254,0.8762653751955866,0.8864355964844354,0.0031243110154611786,0.13937589033466433,0.625850959775729,0.6029006716983581
IC50,29,assay_organism_first,transition,Toxoplasma gondii->Toxoplasma gondii,368,0.34801734681803326,0.3204633246503405,0.3627478851480798,0.35325145547310655,0.04228456049773932,0.07917427800545772,0.1451777536688383,0.03025315380198939
IC50,29,assay_organism_first,transition,Trypanosoma cruzi->Trypanosoma cruzi,6,0.0,2.0724163126336257e-15,1.4802973661668755e-15,1.4802973661668755e-15,-5.921189464667502e-16,-0.0020724163126336257,2.0724163126336257e-15,1.4802973661668755e-15
IC50,29,assay_organism_first,transition,Zea mays->Zea mays,12,0.005124778168402215,0.005622481190031503,0.005654829557029857,0.0055247155593856805,3.23483669983542e-05,-0.09711698834067978,0.000649713988707871,0.0006820623557060775
IC50,29,assay_organism_first,transition,Zika virus->Zika virus,14,0.4045730951613023,0.31431198726717324,0.3143119872671732,0.3178122367511595,-5.551115123125783e-17,0.223102101878876,0.45950823127963775,0.4595082312796377
IC50,29,assay_organism_first,transition,dengue virus type 2->dengue virus type 2,66,0.16279265138572885,0.18138398541389264,0.1813839854138926,0.1813839854138926,-2.7755575615628914e-17,-0.11420253844328991,0.09990984261119641,0.09990984261119643
IC50,29,context_class,same_vs_different,different,6314,0.8048611353508537,0.3873481719358428,0.4008961608587418,0.38096171465917766,0.01354798892289899,0.5187391278782636,0.6448304557263909,0.62393362845835
IC50,29,context_class,same_vs_different,same,43204,0.312776250757786,0.14355340608362913,0.14740922670363701,0.14245631487015167,0.003855820620007888,0.5410348268583955,0.2535759192185486,0.24601706433275955
IC50,29,context_class,transition,cell_based->cell_based,2996,0.670861342622715,0.33523250134140725,0.34002027265794776,0.3326768005268902,0.004787771316540512,0.5002953963171816,0.5186109317579853,0.5069063234777874
IC50,29,context_class,transition,cell_based->organism_only,2661,0.7871118555268305,0.39202864311032626,0.4077623088191447,0.38410381753306055,0.015733665708818456,0.5019403654542425,0.6149879432858689,0.5920719938179734
IC50,29,context_class,transition,cell_based->tissue_based,97,1.038456338256495,0.3786740264666468,0.40898799566479727,0.38223194036623837,0.030313969198150492,0.6353491114490019,0.99979640685113,1.0107591164461236
IC50,29,context_class,transition,organism_only->cell_based,2661,0.7871118555268305,0.40683031845864415,0.42322086091653166,0.3992827967393186,0.016390542457887514,0.48313531856746833,0.6132075680983757,0.5848566022043866
IC50,29,context_class,transition,organism_only->organism_only,40038,0.28526156853405893,0.1285556421661502,0.1323583232837663,0.1275327446786582,0.0038026811176160857,0.5493411789509905,0.23298365880874983,0.22572961599456806
IC50,29,context_class,transition,organism_only->subcellular_fraction,9,1.5803567666589768,0.3137886121596356,0.3136410590630327,0.31429814366376646,-0.00014755309660291482,0.8014444467352684,1.44211540480616,1.4469840930113507
IC50,29,context_class,transition,organism_only->tissue_based,388,0.8536221640374314,0.33001132860767746,0.32132600603912503,0.3289477972722439,-0.008685322568552423,0.6133988285322844,0.7462034449553941,0.7482193020655323
IC50,29,context_class,transition,subcellular_fraction->organism_only,9,1.5803567666589768,0.21837380812303764,0.2186605027504365,0.22137789573255912,0.0002866946273988591,0.8618199303283268,1.4846393923968626,1.4981663348126533
IC50,29,context_class,transition,subcellular_fraction->tissue_based,2,0.1415406942072095,0.23830851530810904,0.28278155960679063,0.18395257227638728,0.0444730442986816,-0.6836749080743918,0.192657842095596,0.22665628481834776
IC50,29,context_class,transition,tissue_based->cell_based,97,1.038456338256495,0.3133956121713947,0.34823857484543014,0.3188946834597752,0.034842962674035416,0.6982101214793807,1.0687002716007037,1.084664452309064
IC50,29,context_class,transition,tissue_based->organism_only,388,0.8536221640374314,0.3070879069418851,0.2993692498827371,0.30831448584897214,-0.007718657059147982,0.6402531238300657,0.7367882232049107,0.7389136331682424
IC50,29,context_class,transition,tissue_based->subcellular_fraction,2,0.1415406942072095,0.18066185680045388,0.18756559137573214,0.1722239589862249,0.006903734575278264,-0.27639515838443385,0.2300938739560694,0.24330230525567664
IC50,29,context_class,transition,tissue_based->tissue_based,170,0.4822463192651726,0.29772930217609744,0.2976761528546368,0.3048641283961902,-5.314932146066598e-05,0.38261985569995577,0.4325642999207203,0.42627963001516017
IC50,29,readout_class,same_vs_different,different,15086,0.5741227588004333,0.3026737437085735,0.3148531895554072,0.29624121274129306,0.012179445846833725,0.4728065747803185,0.4282034917881474,0.40434677230270694
IC50,29,readout_class,same_vs_different,same,34432,0.2885066916554756,0.11854268170459123,0.1205289083565624,0.11881331199445089,0.001986226651971165,0.5891163528153077,0.24881144383883055,0.24594745499999793
IC50,29,readout_class,transition,absorbance_color->absorbance_color,1116,0.22214565239108144,0.12109069881327704,0.12096309863131148,0.1208222908670798,-0.00012760018196555922,0.4549040347631917,0.17704740057945528,0.1660814929081827
IC50,29,readout_class,transition,absorbance_color->binding,9,0.35830009330010565,0.1770778563069807,0.16641848064990367,0.19147912264581882,-0.01065937565707703,0.5057833932555984,0.2962387087828954,0.315804559650433
IC50,29,readout_class,transition,absorbance_color->enzyme_activity,223,0.2401384452098634,0.15669606787300483,0.16798289409185088,0.16070798586527074,0.011286826218846052,0.3474761288803051,0.16943059015157527,0.16489794830005314
IC50,29,readout_class,transition,absorbance_color->fluorescence,181,0.6403632644030625,0.348885222145917,0.36389421657198395,0.3423676674129433,0.015008994426066957,0.45517608279553196,0.38063834461563656,0.3609616364746975
IC50,29,readout_class,transition,absorbance_color->htrf_alphascreen,4,0.6018671429282811,0.6446900870774055,0.6500306413166248,0.7021578784174447,0.005340554239219308,-0.07115016104846109,0.18761654795725402,0.17911547451215348
IC50,29,readout_class,transition,absorbance_color->luminescence,11,0.5003622311006777,0.4287269775952572,0.5003622311006777,0.38078624437031505,0.0716352535054205,0.1431667880843844,0.12210887939704372,0.0
IC50,29,readout_class,transition,absorbance_color->not_extracted,102,0.3840330858923613,0.3234171213784244,0.3219786823546194,0.3209743326657029,-0.0014384390238049716,0.15784047453381833,0.1919556906824585,0.1620236685661781
IC50,29,readout_class,transition,absorbance_color->radio,18,0.3255380650127686,0.2129378456068638,0.22332239213149885,0.24252239193434758,0.010384546524635052,0.3458895641020914,0.14499831871177882,0.13373845886455177
IC50,29,readout_class,transition,binding->absorbance_color,9,0.35830009330010565,0.28038452122259616,0.2802484735760127,0.28341873231690673,-0.00013604764658348145,0.2174589779195196,0.22581429052950053,0.2376487022540916
IC50,29,readout_class,transition,binding->binding,1890,0.07032921840615582,0.03057148331453134,0.031940080630107455,0.030342172221277906,0.0013685973155761165,0.5653089283890653,0.060187933409623556,0.06045364548851087
IC50,29,readout_class,transition,binding->enzyme_activity,17,0.00015663319993804403,0.00021125161579902015,0.00021449795973862168,0.0002069388422434315,3.246343939601533e-06,-0.3487026753113665,8.814098255464674e-05,9.172193959247132e-05
IC50,29,readout_class,transition,binding->fluorescence,26,0.23771116735217918,0.17881262325336306,0.17761172941748216,0.1811331924152366,-0.0012008938358809007,0.247773568044262,0.1437730658925327,0.14462579003012208
IC50,29,readout_class,transition,binding->htrf_alphascreen,3,0.9653427108348188,0.7800211167765637,0.9685638033097769,0.6376634974417842,0.18854268653321316,0.1919749245301607,0.19821528254390466,0.0032210924749579797
IC50,29,readout_class,transition,binding->luminescence,51,0.8525986321437763,0.49805124794552186,0.5064472388540874,0.4718047478543062,0.00839599090856552,0.4158432477269868,0.6023376483702374,0.591560131975292
IC50,29,readout_class,transition,binding->mass_spec,41,0.3601249653113551,0.2517860238838303,0.2517860238838303,0.2517860238838303,0.0,0.3008370756352802,0.38201482890323385,0.3820148289032334
IC50,29,readout_class,transition,binding->not_extracted,261,0.2455135179099182,0.14015385682555528,0.1422670735056297,0.14123413389246084,0.0021132166800744145,0.42913995930366905,0.23050876971574075,0.22648837741141173
IC50,29,readout_class,transition,binding->radio,87,0.3691270485793884,0.21087400668767087,0.14344862270527367,0.18391327309231895,-0.0674253839823972,0.42872242091378987,0.23940424258874451,0.2558536920361634
IC50,29,readout_class,transition,cell_viability->cell_viability,124,1.067833419331278,0.30949336251803755,0.31078174623803945,0.3088461450852438,0.0012883837200018955,0.7101670008493878,0.9828651113569883,0.9836157517764532
IC50,29,readout_class,transition,cell_viability->enzyme_activity,46,0.5040585966541494,0.32744066334317845,0.3327169441679193,0.3492890173862903,0.005276280824740853,0.3503916697053262,0.3193784077448377,0.34155700260500427
IC50,29,readout_class,transition,cell_viability->fluorescence,332,1.4141285286233318,0.3397289143543367,0.3399137827260529,0.33902893520728006,0.00018486837171616255,0.7597609358146065,1.4306642231996913,1.4320945637391462
IC50,29,readout_class,transition,cell_viability->htrf_alphascreen,8,0.30102999566398125,0.0,0.0,0.0,0.0,1.0,0.30102999566398125,0.30102999566398125
IC50,29,readout_class,transition,cell_viability->luminescence,3,1.1884264936571813,0.49782203210188164,0.4839123287017557,0.5164496465967856,-0.013909703400125928,0.5811082681521862,0.6906044615552996,0.7045141649554255
IC50,29,readout_class,transition,cell_viability->mass_spec,1,0.0627908298594555,0.09489969224272521,0.05780376517036245,0.09902146191743277,-0.037095927072362755,-0.5113622873776134,0.03210886238326971,0.004987064689093046
IC50,29,readout_class,transition,cell_viability->not_extracted,11,0.8088379495901941,0.2276831237346287,0.22332906099618813,0.23343829438145527,-0.004354062738440578,0.7185058838423856,0.7292011433622029,0.7332637810876196
IC50,29,readout_class,transition,cell_viability->radio,1,0.989004615698537,0.719701677378584,0.989004615698537,0.7104084774399695,0.269302938319953,0.2722969479062982,0.269302938319953,0.0
IC50,29,readout_class,transition,enzyme_activity->absorbance_color,223,0.2401384452098634,0.17062706448790063,0.18488661431341943,0.17637721982310092,0.014259549825518802,0.28946377437071735,0.1628318542871266,0.15617384343429438
IC50,29,readout_class,transition,enzyme_activity->binding,17,0.00015663319993804403,0.00021106473296975616,0.00021428768801842908,0.00020678337896102718,3.222955048672922e-06,-0.3475095513163392,8.79483315970287e-05,9.150520586247565e-05
IC50,29,readout_class,transition,enzyme_activity->cell_viability,46,0.5040585966541494,0.38250928857106714,0.39067648723539034,0.3967834636030716,0.008167198664323194,0.24114122621835,0.3421948973925267,0.36204967536502985
IC50,29,readout_class,transition,enzyme_activity->enzyme_activity,6412,0.3674054543807094,0.1385857985278545,0.14077181626086718,0.1392391937585209,0.0021860177330126906,0.6227987448867581,0.3012666020739375,0.29242863540428066
IC50,29,readout_class,transition,enzyme_activity->fluorescence,1470,0.27893266809351924,0.16301829527403325,0.1727375402628569,0.15878466213632467,0.00971924498882365,0.4155639911658636,0.17234363085346222,0.1482858812383068
IC50,29,readout_class,transition,enzyme_activity->htrf_alphascreen,217,0.6777037492550315,0.34433035895169184,0.36385959056264283,0.32645416062772786,0.019529231610950992,0.4919161073991426,0.4413630912415291,0.3804531731046821
IC50,29,readout_class,transition,enzyme_activity->luminescence,252,0.7956594036961208,0.5259567863926938,0.5335400269541741,0.5493595072312165,0.007583240561480298,0.338967422556137,0.512851901038553,0.42433995613181147
IC50,29,readout_class,transition,enzyme_activity->mass_spec,117,0.275054454776839,0.23077327445240278,0.23548535587288236,0.2329208131306507,0.004712081420479575,0.1609905949727774,0.09259439194246304,0.09204408126582081
IC50,29,readout_class,transition,enzyme_activity->not_extracted,641,0.7472905417243875,0.49133802798831294,0.5125778701147389,0.4731539506196348,0.021239842126425934,0.3425073641979452,0.4263223943920112,0.37482621378282494
IC50,29,readout_class,transition,enzyme_activity->radio,149,0.5184067885504616,0.40984073949405037,0.4337411280983581,0.40874540643304474,0.02390038860430771,0.2094225065222954,0.25139343637577455,0.23784712915417114
IC50,29,readout_class,transition,fluorescence->absorbance_color,181,0.6403632644030625,0.3780798230216431,0.39407776625940777,0.37343006389552785,0.015997943237764656,0.40958539622961704,0.3491795894223016,0.3210188062432363
IC50,29,readout_class,transition,fluorescence->binding,26,0.23771116735217918,0.11842061851792143,0.10662304816208691,0.12237964607626525,-0.011797570355834522,0.5018298053179964,0.13575992965517397,0.13805952164312915
IC50,29,readout_class,transition,fluorescence->cell_viability,332,1.4141285286233318,0.36670319966977066,0.3669446899984395,0.3663062795964782,0.00024149032866882525,0.740686088819126,1.4043167727352606,1.406394173407446
IC50,29,readout_class,transition,fluorescence->enzyme_activity,1470,0.27893266809351924,0.172398627734534,0.18237568391508147,0.16796249134011498,0.009977056180547478,0.3819346119876752,0.18124781880638213,0.15501216153917236
IC50,29,readout_class,transition,fluorescence->fluorescence,15936,0.24568286924327945,0.083462615279748,0.08424477947812947,0.0827486458164169,0.0007821641983814659,0.6602831302938673,0.2239172298583853,0.2244159692510855
IC50,29,readout_class,transition,fluorescence->htrf_alphascreen,374,0.46328933041380904,0.24757689330588747,0.2682583095347652,0.23277329735203825,0.02068141622887773,0.46561063021945204,0.30261819496014075,0.27024312757393265
IC50,29,readout_class,transition,fluorescence->luminescence,252,0.8243113854636273,0.4807488218571777,0.5269859701240203,0.4731903443748941,0.046237148266842554,0.4167873568957386,0.6507022063522302,0.5939433051120055
IC50,29,readout_class,transition,fluorescence->mass_spec,160,1.5259944763023454,0.3603082149867675,0.3612350624874856,0.3610193071912565,0.0009268475007180865,0.7638862914760776,1.4531558552271853,1.4476233981730786
IC50,29,readout_class,transition,fluorescence->not_extracted,905,0.5716954435309984,0.3334967599104532,0.35166073939583886,0.3259487694311804,0.018163979485385673,0.4166531084266542,0.46925119149353756,0.45240110797946137
IC50,29,readout_class,transition,fluorescence->radio,403,0.2978503245685237,0.17268617789960453,0.1748800318373769,0.1706208445659374,0.002193853937772383,0.4202249799466773,0.21144006800807735,0.2070937332503929
IC50,29,readout_class,transition,htrf_alphascreen->absorbance_color,4,0.6018671429282811,0.26773541999138706,0.2859353303169898,0.3904120008363101,0.018199910325602753,0.5551586041252121,0.3341317229368941,0.319251285903708
IC50,29,readout_class,transition,htrf_alphascreen->binding,3,0.9653427108348188,0.7492196955174292,0.9685638033097769,0.6376634974417842,0.2193441077923477,0.2238821642217494,0.22901823899965143,0.0032210924749579797
IC50,29,readout_class,transition,htrf_alphascreen->cell_viability,8,0.30102999566398125,0.0,0.0,0.0,0.0,1.0,0.30102999566398125,0.30102999566398125
IC50,29,readout_class,transition,htrf_alphascreen->enzyme_activity,217,0.6777037492550315,0.35428139782112444,0.36494636726448254,0.32831871723814415,0.010664969443358097,0.4772326430087341,0.4815018752605585,0.4159748580367797
IC50,29,readout_class,transition,htrf_alphascreen->fluorescence,374,0.46328933041380904,0.25034860596513825,0.2639340834655226,0.22999534983847306,0.013585477500384358,0.45962794838912563,0.3143865152019122,0.29014426586606445
IC50,29,readout_class,transition,htrf_alphascreen->htrf_alphascreen,1564,0.19903694895267993,0.08751588557073879,0.08883988403168341,0.08821015574516902,0.0013239984609446226,0.5603033204073818,0.14989878598393788,0.14488444698308622
IC50,29,readout_class,transition,htrf_alphascreen->luminescence,86,1.0654410107594643,0.44517241561136767,0.46091471505612414,0.4185596863624588,0.01574229944475647,0.5821707526594633,0.8386321355999125,0.7591537581453777
IC50,29,readout_class,transition,htrf_alphascreen->not_extracted,108,0.8739742652802869,0.39761380318277184,0.45559195586443335,0.41507242345750983,0.05797815268166151,0.5450509025511688,0.6629906399755675,0.5859784588267097
IC50,29,readout_class,transition,htrf_alphascreen->radio,70,0.4080062291116419,0.16813956178364933,0.18865440878085998,0.16510417188676,0.02051484699721065,0.5878995226378232,0.32832539686546014,0.29868054592668997
IC50,29,readout_class,transition,luminescence->absorbance_color,11,0.5003622311006777,0.4554050863014149,0.5003622311006777,0.3807862443703145,0.04495714479926277,0.08984919725129485,0.11887163193209944,0.0
IC50,29,readout_class,transition,luminescence->binding,51,0.8525986321437763,0.46176684415501457,0.4726459567026108,0.4399970311003502,0.010879112547596215,0.4584006744252606,0.9262005409658578,0.9436253976062665
IC50,29,readout_class,transition,luminescence->cell_viability,3,1.1884264936571813,0.5576137507054391,0.5512832792409771,0.5660913996256856,-0.006330471464461973,0.5307966006467282,0.6308127429517422,0.6371432144162043
IC50,29,readout_class,transition,luminescence->enzyme_activity,252,0.7956594036961208,0.5528001567804549,0.5484930651290986,0.5678199348528318,-0.004307091651356343,0.3052301597737654,0.4910657559236193,0.39557424570755
IC50,29,readout_class,transition,luminescence->fluorescence,252,0.8243113854636273,0.3841978429724485,0.42527144127803973,0.37400635728959714,0.04107359830559121,0.5339166124020481,0.6407083223638107,0.5941235085726416
IC50,29,readout_class,transition,luminescence->htrf_alphascreen,86,1.0654410107594643,0.46179520218116893,0.48749855874189457,0.4498121224684453,0.025703356560725643,0.566568962976192,0.8038167818335862,0.7220804191983808
IC50,29,readout_class,transition,luminescence->luminescence,1476,0.25377198299594694,0.175568463091272,0.17588868974161,0.17275774036696678,0.00032022665033801245,0.3081645143858294,0.22577805507919324,0.21902186495195916
IC50,29,readout_class,transition,luminescence->not_extracted,226,0.7652189830400463,0.4442429067855147,0.47733374748858987,0.4085074114257744,0.033090840703075164,0.4194564998627771,0.5514854674635162,0.4948587237423435
IC50,29,readout_class,transition,luminescence->radio,92,0.7527933862096442,0.3875825498481448,0.3773524331447096,0.3644763416630268,-0.010230116703435155,0.4851408674036789,0.5677071197370591,0.5924505895208935
IC50,29,readout_class,transition,mass_spec->binding,41,0.3601249653113551,0.26072742131462906,0.26072742131462917,0.26072742131462917,1.1102230246251565e-16,0.2760084791977402,0.3580320883665138,0.3580320883665141
IC50,29,readout_class,transition,mass_spec->cell_viability,1,0.0627908298594555,0.4903301130075004,0.49461643927098464,0.48985385453377894,0.004286326263484241,-6.808944619859375,0.4275392831480449,0.43182560941152914
IC50,29,readout_class,transition,mass_spec->enzyme_activity,117,0.275054454776839,0.2313521547363781,0.2318776420808889,0.23142660714620505,0.0005254873445107999,0.15888599250616772,0.09657328414872636,0.09972783262330154
IC50,29,readout_class,transition,mass_spec->fluorescence,160,1.5259944763023454,0.3171091328133208,0.31659619672010486,0.31582689419302773,-0.0005129360932159543,0.7921950978605692,1.477792858723945,1.4715521008106502
IC50,29,readout_class,transition,mass_spec->mass_spec,290,0.36055509176615785,0.14963063727916,0.14919694868738495,0.1489705794310262,-0.00043368859177506103,0.5849992395164824,0.34485454446481417,0.35706121109116085
IC50,29,readout_class,transition,mass_spec->not_extracted,19,0.47397257881731225,0.5270040146756614,0.5291674121752777,0.5208916101007337,0.0021633974996163596,-0.11188713910555054,0.18726836120338816,0.19196267274107304
IC50,29,readout_class,transition,mass_spec->radio,7,0.534646456192313,0.4976581823171875,0.49845655080333157,0.4963803458489159,0.0007983684861440632,0.0691826784723338,0.6826996939589367,0.7179177038009287
IC50,29,readout_class,transition,not_extracted->absorbance_color,102,0.3840330858923613,0.3035025398501878,0.3043623512366787,0.3015257035018101,0.000859811386490883,0.20969689591991292,0.20871038701950756,0.17498858457894004
IC50,29,readout_class,transition,not_extracted->binding,261,0.2455135179099182,0.14619932853092463,0.14756151904990492,0.1465202200573653,0.0013621905189802885,0.4045161758279767,0.23147496526701133,0.22706333110458168
IC50,29,readout_class,transition,not_extracted->cell_viability,11,0.8088379495901941,0.21473587705011282,0.21027442493630488,0.22057389100091643,-0.00446145211380794,0.7345131034480875,0.6864802987437085,0.6846458313286422
IC50,29,readout_class,transition,not_extracted->enzyme_activity,641,0.7472905417243875,0.5048544728556016,0.5246974335680815,0.4863722631321377,0.01984296071247993,0.32442009544153994,0.41057684429141567,0.35890052697541835
IC50,29,readout_class,transition,not_extracted->fluorescence,905,0.5716954435309984,0.33576867411441197,0.3542617996588973,0.3276812308857351,0.018493125544485345,0.41267911452891276,0.4674438708507473,0.45494209600589647
IC50,29,readout_class,transition,not_extracted->htrf_alphascreen,108,0.8739742652802869,0.43336282113109814,0.49247721119083143,0.45174305184177266,0.05911439005973329,0.5041469316123204,0.6021242473363911,0.5369815380333579
IC50,29,readout_class,transition,not_extracted->luminescence,226,0.7652189830400463,0.43688834251914493,0.46977709304744525,0.40027270674929194,0.032888750528300315,0.42906755817336906,0.5471659140089299,0.4942296020875607
IC50,29,readout_class,transition,not_extracted->mass_spec,19,0.47397257881731225,0.47651762185919316,0.47272852388588554,0.47802169967132546,-0.00378909797330762,-0.005369599752440261,0.2063626254610842,0.22048537864065548
IC50,29,readout_class,transition,not_extracted->not_extracted,3810,0.4820555508485217,0.2437808249704263,0.2528363519058067,0.2483396408499561,0.00905552693538042,0.49428893715398675,0.411738613828782,0.40634765798050027
IC50,29,readout_class,transition,not_extracted->radio,559,0.6345836652432635,0.28669692338290415,0.2894974836821515,0.28496053105148356,0.0028005602992473566,0.5482125697751757,0.5298867005781213,0.5394126585071309
IC50,29,readout_class,transition,radio->absorbance_color,18,0.3255380650127686,0.2871459195647783,0.2976250645429036,0.30401428261072994,0.010479144978125299,0.11793442787246537,0.1254896431797998,0.11273873726629308
IC50,29,readout_class,transition,radio->binding,87,0.3691270485793884,0.2318597494941631,0.1726574586508889,0.20973678524579856,-0.05920229084327419,0.37187006374501197,0.23873852142964042,0.25561417335889147
IC50,29,readout_class,transition,radio->cell_viability,1,0.989004615698537,0.7664571850826674,0.989004615698537,0.7104084774399713,0.22254743061586968,0.22502162991290361,0.22254743061586968,0.0
IC50,29,readout_class,transition,radio->enzyme_activity,149,0.5184067885504616,0.38737907393641524,0.4177441965453094,0.39346833338604303,0.03036512260889418,0.25275076929532175,0.2376065418682881,0.21571426742508454
IC50,29,readout_class,transition,radio->fluorescence,403,0.2978503245685237,0.15649247696055388,0.15696580281317474,0.1547459128513223,0.00047332585262085947,0.4745935657876006,0.2122856050469145,0.208709053971291
IC50,29,readout_class,transition,radio->htrf_alphascreen,70,0.4080062291116419,0.15940840462676129,0.17894053732965567,0.15575111585919213,0.01953213270289439,0.6092990909137745,0.29651829406521607,0.26710851713036066
IC50,29,readout_class,transition,radio->luminescence,92,0.7527933862096442,0.39966737030690486,0.40064565619575776,0.38155724134263536,0.0009782858888529034,0.4690875642262854,0.5634521040742055,0.589785101432729
IC50,29,readout_class,transition,radio->mass_spec,7,0.534646456192313,0.4546368057163789,0.46323425473632934,0.44275175873080425,0.008597449019950465,0.149649641457933,0.47716067078234,0.5072076314868549
IC50,29,readout_class,transition,radio->not_extracted,559,0.6345836652432635,0.3062725733212255,0.31135576545203214,0.30283801962375523,0.0050831921308066574,0.5173645492374628,0.5163791362587495,0.5219067809966489
IC50,29,readout_class,transition,radio->radio,1814,0.2880675049995066,0.1452497323031236,0.1465646490316466,0.14701649192172767,0.0013149167285229912,0.4957788373132458,0.21905832005509734,0.2171647790576091
IC50,31,assay_type_class,same_vs_different,different,1582,0.590429739418155,0.3494285890560754,0.35847164511299057,0.34844007677253863,0.009043056056915189,0.4081792197655502,0.4460562902982666,0.46409418311207856
IC50,31,assay_type_class,same_vs_different,same,55368,0.3733028003088259,0.20251496937450633,0.20796213339524067,0.2031603439208117,0.005447164020734335,0.457504821268499,0.27197861151627384,0.27820274027040826
IC50,31,assay_type_class,transition,adme->adme,112,0.37284058034649725,0.24878350763983662,0.2516198285816015,0.25157759055941087,0.002836320941764864,0.3327348986297814,0.24042232865724472,0.2408368371562772
IC50,31,assay_type_class,transition,adme->binding,116,0.7038084658278836,0.4299188650329506,0.44863796725323746,0.447953398177653,0.018719102220286832,0.38915360370489305,0.5969745630436148,0.6359474893919755
IC50,31,assay_type_class,transition,adme->functional,4,0.5237438783077142,0.5237438783077142,0.5237438783077142,0.5237438783077142,0.0,0.0,0.0,0.0
IC50,31,assay_type_class,transition,binding->adme,116,0.7038084658278836,0.4052830118118086,0.42602644614186874,0.42382218854469306,0.02074343433006015,0.42415723667791094,0.648212661803599,0.694084832149973
IC50,31,assay_type_class,transition,binding->binding,53998,0.36892743609500794,0.20027321168749257,0.20569406629821935,0.2009191711135102,0.0054208546107267774,0.4571474168272016,0.26754341502572054,0.273757617365193
IC50,31,assay_type_class,transition,binding->functional,666,0.5698089330983834,0.34081745860375273,0.3479041861180282,0.3366039592450113,0.00708672751427547,0.4018741391951694,0.4191500306881761,0.43362112501206496
IC50,31,assay_type_class,transition,binding->toxicity,5,0.7600833773943652,0.26914679937609004,0.28837033211020235,0.25633111088668203,0.019223532734112314,0.6458983219725845,0.8509311999522327,0.8853629633256114
IC50,31,assay_type_class,transition,functional->adme,4,0.5237438783077142,0.5237438783077142,0.5237438783077142,0.5237438783077142,0.0,0.0,0.0,0.0
IC50,31,assay_type_class,transition,functional->binding,666,0.5698089330983834,0.33324646417531006,0.34044259186376086,0.3289579752554237,0.007196127688450793,0.41516103939744375,0.41306972186642665,0.4266155410371154
IC50,31,assay_type_class,transition,functional->functional,1258,0.5611507219729961,0.29462018026294173,0.301429085099601,0.29504914966416895,0.006808904836659246,0.4749713958719284,0.4651630660290757,0.47233050480506494
IC50,31,assay_type_class,transition,toxicity->binding,5,0.7600833773943652,0.29007051570424525,0.31406275840688436,0.2740756872358194,0.02399224270263911,0.6183701363150009,0.5412643936908982,0.5137627958120097
IC50,31,bao_format_first,same_vs_different,different,13114,0.5890016145271723,0.3136074170804594,0.32341512841348596,0.31575687498831073,0.009807711333026548,0.4675610230165306,0.45156032826166953,0.46462618185822413
IC50,31,bao_format_first,same_vs_different,same,43836,0.31661014057736236,0.17458247067755345,0.17885490351268318,0.17471891744376655,0.004272432835129736,0.4485885058539527,0.22453715368330535,0.22914085619323207
IC50,31,bao_format_first,transition,BAO_0000019->BAO_0000019,6014,0.18302592383331573,0.10508960333833237,0.1052377005859874,0.1052566756268055,0.00014809724765503518,0.4258212108026897,0.14565996232859793,0.14813300262144616
IC50,31,bao_format_first,transition,BAO_0000019->BAO_0000219,1110,0.5153826198474424,0.30548088340640767,0.31207806626842405,0.30554830831841384,0.006597182862016382,0.40727360286842307,0.41230031320583327,0.42351007020349235
IC50,31,bao_format_first,transition,BAO_0000019->BAO_0000220,3,3.2121829409015192,0.6015344991274251,0.5874129526505042,0.599313132265887,-0.014121546476920877,0.8127334245294882,2.610648441774094,2.624769988251015
IC50,31,bao_format_first,transition,BAO_0000019->BAO_0000221,73,0.7873732677599704,0.47320202134985373,0.48540010889579716,0.4751955526652001,0.012198087545943426,0.3990118273940325,0.515759671151482,0.536049105767154
IC50,31,bao_format_first,transition,BAO_0000019->BAO_0000224,1,0.0,0.3297945990529314,0.4177433524287384,0.5305658817435202,0.08794875337580699,-329794599052.9314,0.3297945990529314,0.4177433524287384
IC50,31,bao_format_first,transition,BAO_0000019->BAO_0000249,19,0.03628663994105376,0.05698572648006737,0.05880818605971682,0.055351090733120265,0.001822459579649452,-0.570432714978253,0.0607788811763341,0.0626496011471332
IC50,31,bao_format_first,transition,BAO_0000019->BAO_0000251,6,0.21216209332138725,0.19356714023654265,0.18936775223322355,0.19381323984350832,-0.004199388003319093,0.08764503023957539,0.09195667511632004,0.09327546289523629
IC50,31,bao_format_first,transition,BAO_0000019->BAO_0000252,2,0.5054327369212603,0.5118616393157871,0.5054327369212603,0.5232907991282787,-0.006428902394526759,-0.01271960030465596,0.006428902394526759,0.0
IC50,31,bao_format_first,transition,BAO_0000019->BAO_0000357,1836,0.35586351488731954,0.25873540000210643,0.26346694253571595,0.25416264897814844,0.004731542533609523,0.2729364231564107,0.19284043441464618,0.20993754384527316
IC50,31,bao_format_first,transition,BAO_0000019->BAO_0000366,15,1.5233140842948114,0.433991530640672,0.44130390685192533,0.4350721825946239,0.0073123762112533575,0.715100427997697,1.704997953447645,1.7090523252528478
IC50,31,bao_format_first,transition,BAO_0000218->BAO_0000218,250,0.26387649182327755,0.09471747680754598,0.09471747680754598,0.09471747680754598,0.0,0.641053751499092,0.25126775371229454,0.25126775371229454
IC50,31,bao_format_first,transition,BAO_0000218->BAO_0000219,25,1.605351855707128,0.24279604567245344,0.25383996346656923,0.23824252868769477,0.011043917794115787,0.8487583610974142,1.5400401974724638,1.5463393005784858
IC50,31,bao_format_first,transition,BAO_0000218->BAO_0000249,2,0.11522446068913705,0.11679994052778131,0.11522446068913705,0.1196007935742589,-0.001575479838644256,-0.013673137016407719,0.004752563109990504,0.0
IC50,31,bao_format_first,transition,BAO_0000218->BAO_0000357,83,0.037745717748524435,0.028264883554982894,0.029211567939833274,0.027644076008773836,0.0009466843848503805,0.25117641838754456,0.047142873031442024,0.04833667800699782
IC50,31,bao_format_first,transition,BAO_0000219->BAO_0000019,1110,0.5153826198474424,0.29325908230835945,0.30054562486748587,0.29207859806136066,0.007286542559126419,0.43098763711673743,0.4361744775303146,0.44788978756837006
IC50,31,bao_format_first,transition,BAO_0000219->BAO_0000218,25,1.605351855707128,0.21816775496757074,0.2318206578357742,0.21258158862389528,0.013652902868203476,0.8640997273015443,1.6560349489838695,1.6727785195530434
IC50,31,bao_format_first,transition,BAO_0000219->BAO_0000219,6582,0.4113185484794771,0.2069492299273413,0.213317644645171,0.20797812049023348,0.006368414717829701,0.49686385237823255,0.32538397694236015,0.3325430268461449
IC50,31,bao_format_first,transition,BAO_0000219->BAO_0000220,10,0.6471798547956019,0.2270766939994405,0.20476978724875972,0.22397830760789939,-0.022306906750680783,0.6491289209378158,0.5518725312661413,0.5642792780283191
IC50,31,bao_format_first,transition,BAO_0000219->BAO_0000221,63,0.8635056152218485,0.3561409814210869,0.3573801178374076,0.36433430373343656,0.0012391364163206742,0.5875637921247465,0.904639568345489,0.9106061863093277
IC50,31,bao_format_first,transition,BAO_0000219->BAO_0000249,13,0.5012488712746347,0.16568427705492642,0.16901170373074517,0.16586314443190706,0.0033274266758187565,0.6694570570630815,0.537009792439743,0.542583899183191
IC50,31,bao_format_first,transition,BAO_0000219->BAO_0000251,9,0.47898799848965967,0.3194509394325652,0.3229731221790997,0.3108329356478908,0.0035221827465344857,0.33307109898399373,0.5657578030838055,0.5604711522371228
IC50,31,bao_format_first,transition,BAO_0000219->BAO_0000252,4,0.6240738156385686,0.49669835408062335,0.5116706368604957,0.494657445621586,0.014972282779872392,0.2041031979968769,0.6893268674000324,0.6895940667745082
IC50,31,bao_format_first,transition,BAO_0000219->BAO_0000357,3008,0.7413594093310001,0.3404510462164562,0.3561340575361855,0.3478948869729076,0.015683011319729268,0.540774633826152,0.595735204095096,0.6085864958117017
IC50,31,bao_format_first,transition,BAO_0000219->BAO_0000366,34,1.4197749803525237,0.60866778332234,0.6477448367132034,0.6213228907776954,0.039077053390863425,0.5712927810777377,1.5588187945926522,1.5964365407180017
IC50,31,bao_format_first,transition,BAO_0000220->BAO_0000019,3,3.2121829409015192,0.5645546349171932,0.5463748789276822,0.561694898019967,-0.018179755989510937,0.8242458025261951,2.647628305984326,2.665808061973837
IC50,31,bao_format_first,transition,BAO_0000220->BAO_0000219,10,0.6471798547956019,0.37946125858021623,0.37775915187506426,0.37913640611087207,-0.0017021067051519734,0.4136695452301106,0.4646553528124905,0.46282031913454313
IC50,31,bao_format_first,transition,BAO_0000220->BAO_0000357,3,1.6627361669609033,0.7398308595815518,0.7435798616261765,0.7402912633414184,0.003749002044624694,0.5550521638476227,0.9229053073793514,0.9191563053347268
IC50,31,bao_format_first,transition,BAO_0000221->BAO_0000019,73,0.7873732677599704,0.4578623676008289,0.4690544805046838,0.4586143137222391,0.011192112903854912,0.41849388803429943,0.5426383382916019,0.5636990841163664
IC50,31,bao_format_first,transition,BAO_0000221->BAO_0000219,63,0.8635056152218485,0.32183962138164945,0.32893772634320023,0.32428892492467537,0.007098104961550777,0.6272871702183851,0.9214167098351569,0.9348346372228316
IC50,31,bao_format_first,transition,BAO_0000221->BAO_0000221,50,1.2038156939148694,0.47645476845447066,0.47351354451887756,0.4760622216754053,-0.002941223935593096,0.604212861767057,0.8954171886616672,0.8989580544157216
IC50,31,bao_format_first,transition,BAO_0000221->BAO_0000249,1,0.0,0.00039153832317495585,0.0,0.009425360650116232,-0.00039153832317495585,-391538323.17495584,0.00039153832317495585,0.0
IC50,31,bao_format_first,transition,BAO_0000221->BAO_0000251,2,1.262447018257832,1.2410180946213578,1.262447018257832,1.202922230378737,0.021428923636474195,0.016974117191900822,0.021428923636474195,0.0
IC50,31,bao_format_first,transition,BAO_0000221->BAO_0000357,94,0.7392849170673673,0.39203402853899494,0.3822475809796107,0.39233408764835914,-0.009786447559384237,0.4697118533215377,0.6409067401692851,0.6584672951737413
IC50,31,bao_format_first,transition,BAO_0000224->BAO_0000019,1,0.0,0.3297945990529314,0.4177433524287384,0.5305658817435202,0.08794875337580699,-329794599052.9314,0.3297945990529314,0.4177433524287384
IC50,31,bao_format_first,transition,BAO_0000224->BAO_0000224,8,0.5311857705096616,0.18906006804949982,0.1892818979139732,0.18891218147318456,0.00022182986447338848,0.6440791931077132,0.34212570246016183,0.34190387259568844
IC50,31,bao_format_first,transition,BAO_0000224->BAO_0000357,21,0.637813538716256,0.5144386010521284,0.5131031280752066,0.5141639348406934,-0.0013354729769217144,0.19343417813370287,0.35734112103648,0.36628648380335466
IC50,31,bao_format_first,transition,BAO_0000249->BAO_0000019,19,0.03628663994105376,0.0752206569692671,0.08080282367594493,0.07389660025359274,0.005582166706677841,-1.0729573499078486,0.08159318406885568,0.09041033729200774
IC50,31,bao_format_first,transition,BAO_0000249->BAO_0000218,2,0.11522446068913705,0.11679994052778042,0.11522446068913705,0.1196007935742589,-0.0015754798386433677,-0.01367313701640001,0.004752563109989616,0.0
IC50,31,bao_format_first,transition,BAO_0000249->BAO_0000219,13,0.5012488712746347,0.16363399367986842,0.16790213760088396,0.16339173472539825,0.004268143921015544,0.6735474071716897,0.5613148974239871,0.5738184248658287
IC50,31,bao_format_first,transition,BAO_0000249->BAO_0000221,1,0.0,0.0003915383231731795,0.0,0.009425360650116232,-0.0003915383231731795,-391538323.1731795,0.0003915383231731795,0.0
IC50,31,bao_format_first,transition,BAO_0000249->BAO_0000249,158,0.14073681468739951,0.06492034116439756,0.06547027871058496,0.06507535803714198,0.0005499375461874012,0.5387110237744351,0.0992289521921996,0.10009497301906645
IC50,31,bao_format_first,transition,BAO_0000249->BAO_0000357,29,0.10104319012233429,0.07798690924543293,0.059400932499589665,0.059438579858206705,-0.018585976745843266,0.22818243217565498,0.059934448871662015,0.08123564229002324
IC50,31,bao_format_first,transition,BAO_0000251->BAO_0000019,6,0.21216209332138725,0.21745807263996544,0.2170399870711829,0.21815778629200647,-0.00041808556878253356,-0.02496194883671206,0.08012114319790697,0.07968751475281517
IC50,31,bao_format_first,transition,BAO_0000251->BAO_0000219,9,0.47898799848965967,0.31984724401727177,0.33349340344462086,0.3123479253723505,0.013646159427349092,0.33224372003930996,0.5346556332449938,0.5245515267439305
IC50,31,bao_format_first,transition,BAO_0000251->BAO_0000221,2,1.262447018257832,1.2410180946213583,1.262447018257832,1.202922230378737,0.02142892363647375,0.016974117191900468,0.02142892363647375,0.0
IC50,31,bao_format_first,transition,BAO_0000251->BAO_0000251,6,0.8798196064229243,0.9536547557674119,0.9662998769397566,1.0072906743966723,0.012645121172344731,-0.0839207819483343,0.07383514934448747,0.08648027051683223
IC50,31,bao_format_first,transition,BAO_0000251->BAO_0000357,4,0.16172268147221325,0.17232836622620418,0.2072265948175358,0.17173240749750351,0.034898228591331626,-0.06557945154905911,0.12393710182690765,0.18287688469549757
IC50,31,bao_format_first,transition,BAO_0000252->BAO_0000019,2,0.5054327369212603,0.5118616393157871,0.5054327369212603,0.5232907991282789,-0.006428902394526759,-0.01271960030465596,0.006428902394526759,0.0
IC50,31,bao_format_first,transition,BAO_0000252->BAO_0000219,4,0.6240738156385686,0.5601798802579689,0.5849848994294411,0.5593465008294782,0.024805019171472154,0.10238201600434346,0.7528083935773779,0.7629083293434535
IC50,31,bao_format_first,transition,BAO_0000252->BAO_0000252,2,0.579606369729265,0.5456619271247773,0.579606369729265,0.48531625138346524,0.0339444426044877,0.05856464728008976,0.0339444426044877,0.0
IC50,31,bao_format_first,transition,BAO_0000252->BAO_0000357,2,0.7135504571429556,0.696578235840712,0.7135504571429556,0.6664053979700557,0.01697222130224363,0.023785593761932584,0.01697222130224363,0.0
IC50,31,bao_format_first,transition,BAO_0000357->BAO_0000019,1836,0.35586351488731954,0.2722720042718629,0.2768808307819207,0.2678585099342284,0.00460882651005784,0.23489767036647474,0.196087062417654,0.21271880617482375
IC50,31,bao_format_first,transition,BAO_0000357->BAO_0000218,83,0.037745717748524435,0.03494530690705266,0.03597029637507049,0.034272295972065006,0.0010249894680178298,0.07419148471699817,0.049144213536967525,0.049778266843889245
IC50,31,bao_format_first,transition,BAO_0000357->BAO_0000219,3008,0.7413594093310001,0.3482929358083252,0.36299495320625247,0.35562170247714503,0.014702017397927258,0.5301969174133455,0.5924385641603954,0.6032412866332993
IC50,31,bao_format_first,transition,BAO_0000357->BAO_0000220,3,1.6627361669609033,0.40349216690958095,0.35514523014360194,0.3975548237979698,-0.04834693676597901,0.7573324169359524,1.2592440000513223,1.3075909368173013
IC50,31,bao_format_first,transition,BAO_0000357->BAO_0000221,94,0.7392849170673673,0.3913231259600299,0.378981581429153,0.39129111618750634,-0.01234154453087688,0.47067346171169,0.6846825572013989,0.709628948493214
IC50,31,bao_format_first,transition,BAO_0000357->BAO_0000224,21,0.637813538716256,0.5098947577867105,0.5209492636062537,0.49956006045059714,0.011054505819543259,0.20055827160240441,0.33863209097935476,0.3482701098679948
IC50,31,bao_format_first,transition,BAO_0000357->BAO_0000249,29,0.10104319012233429,0.07053145718159468,0.05052085733154637,0.051698744313979146,-0.020010599850048306,0.30196723701813716,0.052478996807823704,0.07235556712197995
IC50,31,bao_format_first,transition,BAO_0000357->BAO_0000251,4,0.16172268147221325,0.39128854386922896,0.4313075302704843,0.3942529132322846,0.04001898640125534,-1.4195031909389846,0.2295658623970157,0.26958484879827105
IC50,31,bao_format_first,transition,BAO_0000357->BAO_0000252,2,0.7135504571429556,0.6965782358407115,0.7135504571429556,0.6664053979700557,0.016972221302244073,0.023785593761933205,0.016972221302244073,0.0
IC50,31,bao_format_first,transition,BAO_0000357->BAO_0000357,30744,0.3221596122391072,0.1816660281439911,0.18636159092438526,0.18159488441884536,0.004695562780394152,0.43609930841002387,0.21786030449701116,0.22239344581775333
IC50,31,bao_format_first,transition,BAO_0000357->BAO_0000366,85,0.6156093139630108,0.4833102514503026,0.48922148980564917,0.4929912424610575,0.005911238355346571,0.21490750629003225,0.323735415340363,0.3200379143752329
IC50,31,bao_format_first,transition,BAO_0000366->BAO_0000019,15,1.5233140842948114,0.4957346458359077,0.49726565545642243,0.4961144694137892,0.0015310096205147228,0.674568330361497,1.5384826434550467,1.524592471204869
IC50,31,bao_format_first,transition,BAO_0000366->BAO_0000219,34,1.4197749803525237,0.42761854560765267,0.46843918614327484,0.4343966197431417,0.04082064053562218,0.6988124516030865,1.418997842876307,1.440578753682019
IC50,31,bao_format_first,transition,BAO_0000366->BAO_0000357,85,0.6156093139630108,0.4564152371107882,0.46393499428662943,0.46598264266656547,0.007519757175841246,0.25859595240267574,0.2743016943383919,0.2703887252438194
IC50,31,bao_format_first,transition,BAO_0000366->BAO_0000366,22,0.33393048774639983,0.3464934110019756,0.34799604434197584,0.35498369769029425,0.0015026333400002256,-0.03762137246095532,0.032874546271681335,0.03865608677599566
IC50,31,assay_organism_first,same_vs_different,same,56950,0.37933431598346967,0.20659604657092848,0.21214309998940184,0.20719603377808002,0.005547053418473363,0.4553721140801526,0.2768142724088658,0.28336657280026817
IC50,31,assay_organism_first,transition,Anopheles gambiae->Anopheles gambiae,2,0.030787853474722127,0.23996150985467413,0.23442226451642956,0.23936801928271922,-0.0055392453382445694,-6.794031826599755,0.209173656379952,0.20363441104170743
IC50,31,assay_organism_first,transition,Bacillus anthracis->Bacillus anthracis,20,0.721972906407262,0.3573091114555974,0.3513312598327592,0.3564143660257918,-0.005977851622838204,0.50509346225516,0.8616219977898893,0.8592575024571383
IC50,31,assay_organism_first,transition,Bacteria->Bacteria,2,1.3447220613458981,1.3447220613458981,1.3447220613458981,1.3447220613458981,0.0,0.0,0.0,0.0
IC50,31,assay_organism_first,transition,Bos taurus->Bos taurus,290,0.281122944966199,0.2773154176011729,0.27622952433066617,0.2766443251097183,-0.0010858932705067326,0.013543993591429894,0.020558856043487343,0.024397400011092876
IC50,31,assay_organism_first,transition,Callithrix jacchus->Callithrix jacchus,2,0.0,0.0,0.0,0.0,0.0,0.0,0.0,0.0
IC50,31,assay_organism_first,transition,Candida albicans->Candida albicans,42,0.825664007916232,0.5073732033544085,0.5149591598911855,0.5023158989965572,0.007585956536776961,0.385496765645761,0.7489320126436351,0.7687445408442115
IC50,31,assay_organism_first,transition,Cavia porcellus->Cavia porcellus,26,0.2979641347414136,0.11106529958617556,0.08205250389601094,0.09655674580660265,-0.029012795690164614,0.6272527910697611,0.2448318811977947,0.2442286216723047
IC50,31,assay_organism_first,transition,Clostridioides difficile->Clostridioides difficile,2,0.0,0.24261251222090507,0.3679767852945943,0.3311790527259699,0.12536427307368925,-242612512220.9051,0.24261251222090507,0.3679767852945943
IC50,31,assay_organism_first,transition,Cryptosporidium parvum->Cryptosporidium parvum,42,0.358006897454976,0.23253226989411008,0.22971284857481855,0.2323392189627463,-0.0028194213192915263,0.3504810338930578,0.3418009748395039,0.341599696752409
IC50,31,assay_organism_first,transition,Eimeria tenella->Eimeria tenella,2,0.0,0.0,0.0,0.0,0.0,0.0,0.0,0.0
IC50,31,assay_organism_first,transition,Electrophorus electricus->Electrophorus electricus,712,0.414172165644584,0.39660908227651576,0.4257101097481704,0.40038491097377094,0.02910102747165466,0.04240527207021375,0.10837763270729235,0.1086091864559902
IC50,31,assay_organism_first,transition,Equus caballus->Equus caballus,86,0.713215073367158,0.7392535156154141,0.7454537846176106,0.7556750710032281,0.006200269002196501,-0.036508541701630204,0.033243296069976155,0.03475199884538727
IC50,31,assay_organism_first,transition,Escherichia coli->Escherichia coli,18,0.3931705073109939,0.14394667232463615,0.1366863469986762,0.15396179244083333,-0.007260325325959938,0.6338823242131542,0.35293776205452765,0.3527663137547472
IC50,31,assay_organism_first,transition,Hepacivirus hominis->Hepacivirus hominis,16,0.7185024579370918,0.27865975456595443,0.2728048977448964,0.27783112195175474,-0.005854856821058019,0.6121658993818607,0.8344392418460314,0.8335042851212323
IC50,31,assay_organism_first,transition,Homo sapiens->Homo sapiens,49972,0.3557927308110056,0.17377213851225562,0.1781822284001583,0.17697471355736297,0.004410089887902674,0.511591655860552,0.285821120796745,0.2918598432953333
IC50,31,assay_organism_first,transition,Human immunodeficiency virus 1->Human immunodeficiency virus 1,3426,0.7709653854496626,0.6136048467141514,0.6378391115213211,0.5792424593307112,0.024234264807169725,0.20410843561249034,0.2603121249463624,0.2698204274026941
IC50,31,assay_organism_first,transition,Mus musculus->Mus musculus,256,0.28050479704630127,0.2528913745188944,0.25857888431714315,0.2563661561591711,0.00568750979824878,0.09844189054224592,0.21272325735236242,0.22507575287400824
IC50,31,assay_organism_first,transition,Mycobacterium tuberculosis->Mycobacterium tuberculosis,16,2.7052837544797517,0.3474863171454358,0.12453041442229817,0.33087718272190764,-0.22295590272313764,0.8715527284078708,2.9354748629621605,2.7052437362765556
IC50,31,assay_organism_first,transition,Oryctolagus cuniculus->Oryctolagus cuniculus,166,0.2264046692611709,0.15760175518526204,0.16324975217488205,0.16129226938328597,0.005647996989620013,0.30389352967160194,0.1996922974462971,0.2041823278431472
IC50,31,assay_organism_first,transition,Ovis aries->Ovis aries,86,0.6882467317905886,0.6894929084843483,0.7094828125010982,0.6762185220019461,0.019989904016749938,-0.0018106539939791182,0.14408283926482213,0.21638223286645608
IC50,31,assay_organism_first,transition,Photinus pyralis->Photinus pyralis,60,0.5433188050656231,0.365710681991654,0.36133294543874067,0.3692623262443339,-0.004377736552913347,0.3268948569753945,0.3086251952834255,0.31222115736799483
IC50,31,assay_organism_first,transition,Plasmodium falciparum->Plasmodium falciparum,26,0.054263451970426216,0.06695920792611541,0.06687019789553114,0.06717539391745028,-8.90100305842717e-05,-0.23396513665603935,0.02785797363634866,0.028196343025810176
IC50,31,assay_organism_first,transition,Pneumocystis carinii->Pneumocystis carinii,196,0.34404995281877054,0.22870398303703957,0.18045940840309282,0.17591087710185968,-0.04824457463394674,0.3352593681141699,0.19468087083847138,0.26982977640190925
IC50,31,assay_organism_first,transition,Pseudomonas aeruginosa->Pseudomonas aeruginosa,36,0.518474539304231,0.07943548361611358,0.07943548361611368,0.07943548361611368,9.71445146547012e-17,0.8467900010621305,0.5000931502807967,0.5000931502807966
IC50,31,assay_organism_first,transition,Rattus norvegicus->Rattus norvegicus,994,0.22265710329002825,0.1863218502340934,0.18779289873304966,0.1844728759234723,0.0014710484989562678,0.1631892830681685,0.11352735921508908,0.124984462517408
IC50,31,assay_organism_first,transition,Saccharomyces cerevisiae S288c->Saccharomyces cerevisiae S288c,38,0.3738046685507164,0.15256970110212953,0.1525697011021295,0.1525697011021295,-2.7755575615628914e-17,0.5918464536741616,0.30652774148818557,0.30652774148818546
IC50,31,assay_organism_first,transition,Schistosoma mansoni->Schistosoma mansoni,18,0.0032518113436993522,0.21454002568905972,0.2265836258276567,0.21654729237882567,0.012043600138596983,-64.97554501577972,0.21462783120222545,0.22667143134082243
IC50,31,assay_organism_first,transition,Severe acute respiratory syndrome coronavirus 2->Severe acute respiratory syndrome coronavirus 2,22,0.3023700745706113,0.24310567958150556,0.2999235037577838,0.30565549034650724,0.05681782417627826,0.19599953822568503,0.14815237566389677,0.20311425816061127
IC50,31,assay_organism_first,transition,Staphylococcus aureus subsp. aureus str. Newman->Staphylococcus aureus subsp. aureus str. Newman,2,0.0031894474945151075,0.0031894474945151075,0.0031894474945151075,0.0031894474945151075,0.0,0.0,0.0,0.0
IC50,31,assay_organism_first,transition,Staphylococcus aureus->Staphylococcus aureus,10,0.5921285645526917,0.1652513147189464,0.15907890410459463,0.1688657455475348,-0.006172410614351781,0.7209198734673757,0.5134425234467636,0.5132065250889735
IC50,31,assay_organism_first,transition,Sus scrofa->Sus scrofa,18,0.24430119372958872,0.280142828992821,0.29730224644365166,0.2827793019865683,0.01715941745083066,-0.14671084785162591,0.13484761473253354,0.13118365588957046
IC50,31,assay_organism_first,transition,Tetronarce californica->Tetronarce californica,18,0.5668666898646215,0.6192479172110892,0.618429708946634,0.6360355165522346,-0.0008182082644552224,-0.09240484276643118,0.7413519030514105,0.7405035488276389
IC50,31,assay_organism_first,transition,Toxoplasma gondii->Toxoplasma gondii,236,0.13650453751236183,0.15673660415803084,0.14922639811011285,0.1496174457250942,-0.007510206047917994,-0.1482153415144665,0.09903225528632012,0.1087650836953547
IC50,31,assay_organism_first,transition,Trypanosoma cruzi->Trypanosoma cruzi,4,0.0,4.440892098500626e-16,8.881784197001252e-16,4.440892098500626e-16,4.440892098500626e-16,-0.0004440892098500626,4.440892098500626e-16,8.881784197001252e-16
IC50,31,assay_organism_first,transition,Zea mays->Zea mays,14,0.001457884567624999,0.0017777088409444935,0.001813843744501918,0.0017833929830773445,3.613490355742436e-05,-0.21937558049641176,0.0006864057706836846,0.000722540674241109
IC50,31,assay_organism_first,transition,Zika virus->Zika virus,18,0.5097177327222338,0.2642562686617674,0.26443659580062234,0.2629338696434992,0.0001803271388549632,0.48156351702644895,0.3976187971994903,0.39747291787030736
IC50,31,assay_organism_first,transition,dengue virus type 2->dengue virus type 2,56,0.2671332647501869,0.25960593781060454,0.25960593781060454,0.25960593781060454,0.0,0.02817817147041434,0.14749151844592237,0.14749151844592243
IC50,31,context_class,same_vs_different,different,7272,0.7223456501848804,0.3643177297057323,0.37859485498792633,0.3717295701329636,0.014277125282194048,0.4956462607444412,0.5692197180658701,0.5863227194474164
IC50,31,context_class,same_vs_different,same,49678,0.32912338916852824,0.18350832001679399,0.1877774419043487,0.18311116972613123,0.004269121887554711,0.44243306292999973,0.23401117242863842,0.23901903267349048
IC50,31,context_class,transition,cell_based->cell_based,3366,0.592715793782082,0.2907967431042399,0.2956806216230476,0.2896641783976491,0.004883878518807672,0.5093824963753972,0.4786703283820921,0.4844000676066347
IC50,31,context_class,transition,cell_based->organism_only,3078,0.7079096448932015,0.36041800318007444,0.3773532567027253,0.36943962840965083,0.01693525352265085,0.4908700484869806,0.556819333832008,0.5763207576868462
IC50,31,context_class,transition,cell_based->subcellular_fraction,1,0.06908091914329972,0.03987043566193815,0.11427852421229723,0.01189967782951662,0.07440808855035907,0.42284445319507225,0.10895135480523788,0.18335944335559695
IC50,31,context_class,transition,cell_based->tissue_based,108,1.038524660155213,0.4421119717847099,0.4596464024654359,0.4457132041547384,0.01753443068072602,0.5742884220788421,1.0668909445952317,1.0886589946055731
IC50,31,context_class,transition,organism_only->cell_based,3078,0.7079096448932015,0.36920229877535704,0.3853238403349713,0.3783051880224212,0.01612154155961426,0.47846126770732644,0.5432006895537499,0.5604285484806961
IC50,31,context_class,transition,organism_only->organism_only,46120,0.3092234652372393,0.17533140594401256,0.17956360883247127,0.1749749138694312,0.004232202888458714,0.43299449862416955,0.21584940556436286,0.22079891362769158
IC50,31,context_class,transition,organism_only->subcellular_fraction,19,0.7567687314190441,0.36673158945021933,0.3677464933073225,0.3676930418039859,0.0010149038571031777,0.5153980678317036,0.4420359619680476,0.44385131978359454
IC50,31,context_class,transition,organism_only->tissue_based,428,0.7497536144347723,0.35487690513143644,0.35265659382539444,0.3518647778268638,-0.002220311306042,0.5266752993262024,0.6035924713557034,0.612307767506929
IC50,31,context_class,transition,subcellular_fraction->cell_based,1,0.06908091914329972,0.039870435661937265,0.11427852421229723,0.01189967782951662,0.07440808855035996,0.4228444531950851,0.10895135480523699,0.18335944335559695
IC50,31,context_class,transition,subcellular_fraction->organism_only,19,0.7567687314190441,0.3721565538376973,0.3747945721786998,0.37321600948255323,0.0026380183410025237,0.5082294783244371,0.4591387782113882,0.46385879035691563
IC50,31,context_class,transition,subcellular_fraction->subcellular_fraction,2,0.579606369729265,0.5456619271247773,0.579606369729265,0.48531625138346524,0.0339444426044877,0.05856464728008976,0.0339444426044877,0.0
IC50,31,context_class,transition,subcellular_fraction->tissue_based,2,0.0,0.24100533731342155,0.25317591085189406,0.24206123182132577,0.012170573538472507,-241005337313.42157,0.24100533731342155,0.25317591085189406
IC50,31,context_class,transition,tissue_based->cell_based,108,1.038524660155213,0.3572778751990073,0.3724098614650669,0.36001483925287514,0.015131986266059605,0.6559755498289176,1.028498047490872,1.0461060337519081
IC50,31,context_class,transition,tissue_based->organism_only,428,0.7497536144347723,0.35150600627796225,0.3498019285490638,0.34854613151530556,-0.0017040777288984676,0.5311713081330629,0.5858918464604593,0.5930335829117162
IC50,31,context_class,transition,tissue_based->subcellular_fraction,2,0.0,0.14031258769087707,0.13208379752228527,0.13959867438857954,-0.008228790168591793,-140312587690.87708,0.14031258769087707,0.13208379752228527
IC50,31,context_class,transition,tissue_based->tissue_based,190,0.4871838724353761,0.26383536059637974,0.26586281288433355,0.2672284474069706,0.0020274522879538126,0.45844808187615665,0.31031697401133346,0.317110426739963
IC50,31,readout_class,same_vs_different,different,18364,0.5453359665692287,0.32245243083740316,0.3332042306392006,0.3236890227676406,0.010751799801797468,0.40870866657486665,0.3674875162471577,0.3798077744387068
IC50,31,readout_class,same_vs_different,same,38586,0.30033016133264084,0.1514572231461231,0.15452721331410763,0.15175423494419493,0.0030699901679845376,0.49569759336168867,0.23366070764842437,0.23746789900955947
IC50,31,readout_class,transition,absorbance_color->absorbance_color,1528,0.24126731410466273,0.15916136061711827,0.1582606565684878,0.1600709518489236,-0.0009007040486304629,0.34031113494274057,0.15150332204590533,0.15529014713230185
IC50,31,readout_class,transition,absorbance_color->binding,3,0.6455093079182443,0.22493011042013578,0.18290704053008108,0.2183197398756329,-0.04202306989005469,0.6515462942811293,0.42057919749810857,0.4626022673881633
IC50,31,readout_class,transition,absorbance_color->enzyme_activity,466,0.3101030973880998,0.3063925541769748,0.32392730981432655,0.3255314216814484,0.01753475563735174,0.011965514831608414,0.11384396539154021,0.12379876443270284
IC50,31,readout_class,transition,absorbance_color->fluorescence,175,0.5346858446267593,0.3134885437196502,0.37569894732349757,0.3403366482317484,0.062210403603847386,0.4136958236878652,0.45416447159039763,0.5548679743378152
IC50,31,readout_class,transition,absorbance_color->htrf_alphascreen,9,0.8602665467623615,0.8208470509300726,0.8289950923064019,0.8066393919560869,0.008148041376329296,0.0458224209469092,0.23670330858370292,0.22818101428699014
IC50,31,readout_class,transition,absorbance_color->luminescence,6,0.21550668691704042,0.2140629252324079,0.21550668691704042,0.21149623779306084,0.0014437616846325052,0.006699382303567606,0.0014437616846324868,0.0
IC50,31,readout_class,transition,absorbance_color->not_extracted,250,0.5180133114872864,0.47749746498586776,0.49537729276395326,0.4812991396842416,0.0178798277780855,0.07821390995743355,0.14298507773421928,0.15581780927144132
IC50,31,readout_class,transition,absorbance_color->radio,15,0.6842615580693557,0.680995004163599,0.7206444320361034,0.67973565220212,0.03964942787250436,0.004773838113854124,0.2018408900079275,0.1925588443408677
IC50,31,readout_class,transition,binding->absorbance_color,3,0.6455093079182443,0.4196656708548889,0.39901308786827805,0.41641694993564676,-0.020652582986610823,0.3498689086168208,0.2258436370633555,0.2464962200499663
IC50,31,readout_class,transition,binding->binding,2040,0.0373505542201253,0.028688463502004467,0.02926509616024551,0.02863188375862722,0.0005766326582410421,0.2319133115688417,0.027074065629909914,0.027693800199198797
IC50,31,readout_class,transition,binding->enzyme_activity,17,0.11986473252406536,0.028875010360445465,0.020956305168465167,0.006913332312967783,-0.007918705191980298,0.7591033680015244,0.09303401554828727,0.1406032563149619
IC50,31,readout_class,transition,binding->fluorescence,31,0.20970291651965173,0.18431958460857117,0.19089747330841556,0.18603755827369228,0.006577888699844381,0.12104424836982096,0.1091040657911895,0.11460354210644526
IC50,31,readout_class,transition,binding->htrf_alphascreen,2,0.03149194626759311,0.038856526096669786,0.03632358498003008,0.03562774585578321,-0.0025329411166397087,-0.23385597595329394,0.007364579829076678,0.00483163871243697
IC50,31,readout_class,transition,binding->luminescence,51,0.807685264317781,0.4394572799137985,0.4427242245123931,0.4257226549812247,0.003266944598594612,0.45590528968608796,0.8003633626487534,0.8096391373755433
IC50,31,readout_class,transition,binding->mass_spec,41,0.42671280288055935,0.2632136656774646,0.26321366567746474,0.26321366567746474,1.1102230246251565e-16,0.3831596710934862,0.3334236464856235,0.33342364648562334
IC50,31,readout_class,transition,binding->not_extracted,296,0.27362456550087355,0.1759351174391593,0.18488361328303538,0.1753187914027277,0.008948495843876081,0.3570200207824629,0.22851338360011467,0.23159110967162777
IC50,31,readout_class,transition,binding->radio,85,0.2852145348507592,0.2293357770915663,0.21951704606792513,0.214530185850971,-0.00981873102364117,0.19591833841298414,0.07237680327170565,0.0897027978593664
IC50,31,readout_class,transition,cell_viability->cell_viability,148,0.9172390727837925,0.3255203086326589,0.32818749662817576,0.32325784837964305,0.002667187995516851,0.645108545534683,0.8324613450455589,0.8359723427946951
IC50,31,readout_class,transition,cell_viability->enzyme_activity,38,0.36812542235207246,0.28753716333566737,0.28224935333242007,0.28519004914199036,-0.005287810003247295,0.21891522324511203,0.33457895147332967,0.34746829231077886
IC50,31,readout_class,transition,cell_viability->fluorescence,325,1.487508910221329,0.33191773417020176,0.33119777738418826,0.3324003796207311,-0.0007199567860134981,0.7768633640515032,1.4577206451200577,1.457358216763855
IC50,31,readout_class,transition,cell_viability->htrf_alphascreen,14,0.61559018421939,0.5232769909626878,0.5295816140296811,0.5120687721769243,0.006304623066993309,0.1499588453863371,0.09231319325670231,0.08600857018970894
IC50,31,readout_class,transition,cell_viability->luminescence,4,0.511686579727525,0.43417778034261567,0.42654644936332886,0.42904673458568365,-0.00763133097928681,0.15147710034955972,0.3956784910179132,0.3795610665960407
IC50,31,readout_class,transition,cell_viability->mass_spec,4,0.39297546436822794,0.2680853405068544,0.3241379441820691,0.25720018897365726,0.056052603675214696,0.3178064158843982,0.4197314814601907,0.5167873927752975
IC50,31,readout_class,transition,cell_viability->not_extracted,8,0.7338045688601018,0.16283180659780472,0.14380187864918548,0.1612016456296912,-0.01902992794861924,0.7780992194546444,0.779420385385972,0.7611461594462454
IC50,31,readout_class,transition,enzyme_activity->absorbance_color,466,0.3101030973880998,0.31088478224194754,0.3288505278739951,0.32953450804454815,0.01796574563204756,-0.0025207257213217264,0.1153214910227851,0.12543830432009703
IC50,31,readout_class,transition,enzyme_activity->binding,17,0.11986473252406536,0.02889485916816353,0.02098225469997552,0.00693604029513024,-0.00791260446818801,0.7589377746088718,0.09303252065300593,0.14062852089746136
IC50,31,readout_class,transition,enzyme_activity->cell_viability,38,0.36812542235207246,0.3398086899958267,0.3310336110614604,0.33793066326867205,-0.008775078934366298,0.07692142578831149,0.28760345106120266,0.300074766629003
IC50,31,readout_class,transition,enzyme_activity->enzyme_activity,7560,0.3285835121866745,0.15121345491377564,0.15491739715713437,0.15374730530688138,0.0037039422433587377,0.5398020615597157,0.2645435180954651,0.26836947608186285
IC50,31,readout_class,transition,enzyme_activity->fluorescence,1599,0.3021509805573296,0.19468330217737762,0.2019796321641411,0.1968006240541734,0.0072963299867634945,0.3556754248545662,0.1839462657929136,0.19467740173116477
IC50,31,readout_class,transition,enzyme_activity->htrf_alphascreen,210,0.6261526135728218,0.41157276796863923,0.4184539535452021,0.4179151168091054,0.006881185576562865,0.34269575971230354,0.3534742239618407,0.3585650035406267
IC50,31,readout_class,transition,enzyme_activity->luminescence,167,0.7940032067842535,0.42584395635210315,0.4344191546739167,0.44046024616301455,0.008575198321813526,0.4636747651476256,0.5614082213951109,0.5722141368751484
IC50,31,readout_class,transition,enzyme_activity->mass_spec,90,0.12059452792690296,0.0917327594239395,0.09119093895959873,0.09331111531826028,-0.0005418204643407726,0.2393290060429417,0.08223432166607175,0.08276145125314198
IC50,31,readout_class,transition,enzyme_activity->not_extracted,1313,0.5825580000418521,0.4468516126782321,0.45886131256495627,0.43999035710787404,0.012009699886724179,0.23294914386871451,0.25924738231843025,0.27657740765811184
IC50,31,readout_class,transition,enzyme_activity->radio,193,0.379172698648691,0.2896458424045064,0.2985122036080696,0.28853058883113947,0.008866361203563211,0.23611102952096383,0.20073944520736872,0.20653170728903678
IC50,31,readout_class,transition,fluorescence->absorbance_color,175,0.5346858446267593,0.3438086863389046,0.40545472670720933,0.3711114275044265,0.06164604036830473,0.3569893615214325,0.4333846299569971,0.5316103446354652
IC50,31,readout_class,transition,fluorescence->binding,31,0.20970291651965173,0.13412712863417348,0.1358048612179961,0.135028730216247,0.0016777325838226165,0.3603945483438037,0.09829471640759646,0.10273629090837219
IC50,31,readout_class,transition,fluorescence->cell_viability,325,1.487508910221329,0.3621533874201275,0.3620998342281962,0.3621219475887045,-5.355319193128816e-05,0.7565369962279809,1.478414104171363,1.4783434807453895
IC50,31,readout_class,transition,fluorescence->enzyme_activity,1599,0.3021509805573296,0.19706906289601775,0.20436417160489964,0.19894308143774891,0.007295108708881892,0.34777950237819527,0.17703910616272509,0.1867579809680214
IC50,31,readout_class,transition,fluorescence->fluorescence,16234,0.24882445844956036,0.09398761316372697,0.09586200777492834,0.09834510026808202,0.0018743946112013687,0.622273414159648,0.22579337131768962,0.2291348943793703
IC50,31,readout_class,transition,fluorescence->htrf_alphascreen,299,0.4808872227984977,0.262850016653371,0.26580173542237034,0.25329650846683993,0.0029517187689993563,0.45340611230273653,0.3171038378502159,0.3089954269607715
IC50,31,readout_class,transition,fluorescence->luminescence,210,0.8711286317177968,0.5290027909611378,0.5455946270048282,0.5475652956319765,0.01659183604369041,0.39273860174015157,0.6809489796112002,0.7021633113793945
IC50,31,readout_class,transition,fluorescence->mass_spec,163,1.4959466109704342,0.3276877737826374,0.33274042882831567,0.3268331853974027,0.005052655045678256,0.780949553025784,1.5346931860475352,1.5331090025724081
IC50,31,readout_class,transition,fluorescence->not_extracted,1298,0.5232556187317526,0.2975737749937641,0.31315404187059326,0.30164490377925285,0.015580266876829174,0.43130324005882203,0.3657061973249424,0.3795836443130848
IC50,31,readout_class,transition,fluorescence->radio,439,0.28407795779286704,0.20687445757737907,0.21531036309883433,0.20993627847998939,0.008435905521455261,0.2717687103051488,0.23155908035844644,0.24382484138750263
IC50,31,readout_class,transition,htrf_alphascreen->absorbance_color,9,0.8602665467623615,0.5473731548065317,0.5306786361249948,0.5288964844768459,-0.01669451868153693,0.363716795838933,0.3959262976695112,0.4071908754153454
IC50,31,readout_class,transition,htrf_alphascreen->binding,2,0.03149194626759311,0.03885652609666934,0.03632358498003008,0.03562774585578321,-0.0025329411166392646,-0.23385597595327984,0.007364579829076234,0.00483163871243697
IC50,31,readout_class,transition,htrf_alphascreen->cell_viability,14,0.61559018421939,0.5232769909626886,0.5295816140296811,0.5120687721769243,0.006304623066992421,0.14995884538633567,0.09231319325670143,0.08600857018970894
IC50,31,readout_class,transition,htrf_alphascreen->enzyme_activity,210,0.6261526135728218,0.44330655307902816,0.4533209986545064,0.449823300768612,0.010014445575478259,0.2920151677567478,0.34710898005936747,0.3507025408444417
IC50,31,readout_class,transition,htrf_alphascreen->fluorescence,299,0.4808872227984977,0.27129647220167374,0.2757664750951626,0.26125940493431005,0.004470002893488867,0.4358417954569924,0.3154291675009775,0.3072694612769081
IC50,31,readout_class,transition,htrf_alphascreen->htrf_alphascreen,1576,0.1900136218262662,0.09497170834784663,0.09546949568307671,0.09542872979083515,0.0004977873352300793,0.5001847370991042,0.14864694709715573,0.1531131999466082
IC50,31,readout_class,transition,htrf_alphascreen->luminescence,72,1.2700670659178641,0.5161652345130656,0.5129510336412272,0.5172504308309791,-0.003214200871838435,0.5935921429944029,0.8844494905614337,0.8911624401272906
IC50,31,readout_class,transition,htrf_alphascreen->not_extracted,80,0.9245285151557361,0.45425439028889,0.462064547493641,0.4505016430175631,0.007810157204751034,0.5086637320079076,0.6902610811474581,0.6805010477128215
IC50,31,readout_class,transition,htrf_alphascreen->radio,76,0.26922471426715483,0.21454288406676147,0.21444980927959567,0.21494050114364324,-9.307478716580331e-05,0.2031085086272278,0.10418550079616576,0.10259667105938342
IC50,31,readout_class,transition,luminescence->absorbance_color,6,0.21550668691704042,0.21406292523240764,0.21550668691704042,0.2114962377930607,0.0014437616846327828,0.006699382303568894,0.0014437616846327828,0.0
IC50,31,readout_class,transition,luminescence->binding,51,0.807685264317781,0.5872705264492921,0.5947828867900603,0.5828480252466051,0.007512360340768187,0.27289681712178354,0.7990854746228073,0.8110392788980334
IC50,31,readout_class,transition,luminescence->cell_viability,4,0.511686579727525,0.4374638882334103,0.4303415467915548,0.43239534996353046,-0.007122341441855529,0.14505498958686489,0.4580311069054206,0.45157156048786407
IC50,31,readout_class,transition,luminescence->enzyme_activity,167,0.7940032067842535,0.4546514688879049,0.4655508991566683,0.46622306031287153,0.010899430268763388,0.42739340974545614,0.5864617240548236,0.5955033979168882
IC50,31,readout_class,transition,luminescence->fluorescence,210,0.8711286317177968,0.4404045577450718,0.4547659800732033,0.45847883874546835,0.014361422328131479,0.49444371162886835,0.6327500621725132,0.6511102122047493
IC50,31,readout_class,transition,luminescence->htrf_alphascreen,72,1.2700670659178641,0.5661326968319277,0.5635856784326794,0.5675355370666781,-0.002547018399248313,0.5542497620605652,0.8892999752605868,0.895842417006685
IC50,31,readout_class,transition,luminescence->luminescence,1418,0.2977222226603808,0.16989120690020662,0.17306825461603648,0.16823209379768123,0.003177047715829856,0.4293633663550679,0.24778024779425845,0.24938079818545708
IC50,31,readout_class,transition,luminescence->not_extracted,240,0.7629459977554232,0.466792231036741,0.47995113847033477,0.46370636095043355,0.01315890743359377,0.38817133531070686,0.4886918564477037,0.48992559896706095
IC50,31,readout_class,transition,luminescence->radio,118,0.7839118751740256,0.46274926914416115,0.465999384539659,0.4613470110427063,0.0032501153954978546,0.4096922322532332,0.594728686516357,0.602172251503571
IC50,31,readout_class,transition,mass_spec->binding,41,0.42671280288055935,0.2441737980320425,0.2441737980320425,0.2441737980320425,0.0,0.4277795360633018,0.3510228602272356,0.3510228602272356
IC50,31,readout_class,transition,mass_spec->cell_viability,4,0.39297546436822794,0.45343452803195716,0.5097437648920695,0.44237828770882826,0.056309236860112355,-0.15384946172384326,0.3254955475720913,0.3877134080614335
IC50,31,readout_class,transition,mass_spec->enzyme_activity,90,0.12059452792690296,0.11493390853707229,0.11726377960651878,0.11444020793568957,0.0023298710694464875,0.04693927234626927,0.09439792602465281,0.09619933187818794
IC50,31,readout_class,transition,mass_spec->fluorescence,163,1.4959466109704342,0.30373228587778056,0.30862528115012783,0.30319121765732404,0.004892995272347267,0.7969631511911065,1.4974005606186693,1.495115840608269
IC50,31,readout_class,transition,mass_spec->mass_spec,252,0.3089201178931674,0.12083964827401127,0.11161305305635193,0.11418067234226169,-0.009226595217659339,0.6088320530947073,0.2740262282362933,0.28281270714479106
IC50,31,readout_class,transition,mass_spec->not_extracted,12,0.33350762979962667,0.374404910826708,0.40284406045318194,0.37494859913798745,0.028439149626473925,-0.12262772234522092,0.08224684187231295,0.10253219796287039
IC50,31,readout_class,transition,mass_spec->radio,8,0.5224460602513933,0.43014064049793255,0.45883595816414413,0.4339143452103542,0.028695317666211584,0.17667932974562914,0.4609266352700061,0.48978221663243293
IC50,31,readout_class,transition,not_extracted->absorbance_color,250,0.5180133114872864,0.4654532020503504,0.4836989991562895,0.4691809019023925,0.0182457971059391,0.10146478530837125,0.1421747685813093,0.15559303034580735
IC50,31,readout_class,transition,not_extracted->binding,296,0.27362456550087355,0.18514144434001367,0.1944228676418762,0.18456039485355266,0.009281423301862518,0.323374186081905,0.25081307275456977,0.25616497215902473
IC50,31,readout_class,transition,not_extracted->cell_viability,8,0.7338045688601018,0.30948910698803134,0.31344606361095195,0.30982280427553954,0.0039569566229206155,0.5782404196954043,0.8383406064654785,0.8327298891156711
IC50,31,readout_class,transition,not_extracted->enzyme_activity,1313,0.5825580000418521,0.4537992119396831,0.4660501925489056,0.4478734249604509,0.012250980609222528,0.2210231223207281,0.24418788830736726,0.2607108871662832
IC50,31,readout_class,transition,not_extracted->fluorescence,1298,0.5232556187317526,0.28652984271848664,0.30097440193377417,0.2905612663040373,0.014444559215287534,0.45240942961498065,0.37227160374941193,0.3869040179376478
IC50,31,readout_class,transition,not_extracted->htrf_alphascreen,80,0.9245285151557361,0.5631611769699969,0.5693589039476764,0.5605515546976212,0.006197726977679507,0.39086662256692767,0.7364849828777847,0.725620795564884
IC50,31,readout_class,transition,not_extracted->luminescence,240,0.7629459977554232,0.4496445108179067,0.46168854791739183,0.4448335000325438,0.01204403709948515,0.41064700235566504,0.5119033104007613,0.5160675830792266
IC50,31,readout_class,transition,not_extracted->mass_spec,12,0.33350762979962667,0.260350364185822,0.2686410593483006,0.27432896479168734,0.0082906951624786,0.21935709734064543,0.15600724339062957,0.19055814603074625
IC50,31,readout_class,transition,not_extracted->not_extracted,5742,0.5418643608740533,0.363049730671296,0.37227877521089087,0.34966000541074826,0.009229044539594888,0.3299988763134758,0.32243649549132075,0.32748796815824016
IC50,31,readout_class,transition,not_extracted->radio,755,0.6491625248823978,0.35397873568863697,0.3641446503942039,0.34770407124333247,0.010165914705566936,0.4547147715392787,0.4660593922157906,0.48563982619797097
IC50,31,readout_class,transition,radio->absorbance_color,15,0.6842615580693557,0.7074018694057187,0.7456892741292711,0.7070505328768738,0.03828740472355241,-0.033817932723932874,0.24516725313323212,0.23629144146386918
IC50,31,readout_class,transition,radio->binding,85,0.2852145348507592,0.2333731103669694,0.22388262846317208,0.21860783877280826,-0.00949048190379731,0.18176291229658492,0.07085033644607362,0.08832243452713283
IC50,31,readout_class,transition,radio->enzyme_activity,193,0.379172698648691,0.2806589036513655,0.2895522534493995,0.27888830204756887,0.008893349798034023,0.2598124689578455,0.19869810874732508,0.2053614914094645
IC50,31,readout_class,transition,radio->fluorescence,439,0.28407795779286704,0.1941872156456698,0.20067594009149253,0.19736998303113093,0.006488724445822741,0.3164298379416692,0.20499689936725501,0.2160085394753586
IC50,31,readout_class,transition,radio->htrf_alphascreen,76,0.26922471426715483,0.20378309926814003,0.20253181514561466,0.20401390940959407,-0.0012512841225253701,0.24307432241928695,0.10344110906149791,0.10205831366296518
IC50,31,readout_class,transition,radio->luminescence,118,0.7839118751740256,0.45947830400253137,0.46303929604886185,0.46043874738278845,0.00356099204633048,0.4138648506880587,0.5851011636905425,0.5911198463796591
IC50,31,readout_class,transition,radio->mass_spec,8,0.5224460602513933,0.3604704365234678,0.3475001979483514,0.3587932946297703,-0.012970238575116366,0.3100331996952666,0.39520588013154523,0.4151222428597957
IC50,31,readout_class,transition,radio->not_extracted,755,0.6491625248823978,0.36442560797794604,0.3752812339014065,0.3574848246291676,0.010855625923460455,0.43862192592838695,0.46394421011812903,0.48170431203931646
IC50,31,readout_class,transition,radio->radio,2088,0.2746956013737386,0.15306296082529044,0.15491903277505162,0.15345557336085355,0.0018560719497611733,0.44279063785575584,0.20810157226390094,0.21558981914904618
KI,13,assay_type_class,same_vs_different,different,552,0.3372597999600065,0.17715951044208925,0.1829404141069249,0.17816096831121342,0.005780903664835663,0.47470908046824,0.24060726943133037,0.23142589935736624
KI,13,assay_type_class,same_vs_different,same,20058,0.4079006893736627,0.24173871226912258,0.2453559469073123,0.24194424245729276,0.0036172346381897202,0.40735890238303885,0.28492156466294183,0.28779937442057985
KI,13,assay_type_class,transition,adme->adme,10,0.22175137590005534,0.04785582884309676,0.04586924846119329,0.04586924846119329,-0.001986580381903469,0.7841915133610461,0.22020466597557853,0.2213166834924185
KI,13,assay_type_class,transition,adme->binding,116,0.12950602128584096,0.1340553481219269,0.14123491852735262,0.1403024662068455,0.007179570405425717,-0.03512830361798263,0.03932671931201464,0.01923455133338646
KI,13,assay_type_class,transition,binding->adme,116,0.12950602128584096,0.13381333165170156,0.14095832827566657,0.1400258759551595,0.007144996623965005,-0.03325953745697787,0.03956873578223973,0.01951114158507248
KI,13,assay_type_class,transition,binding->binding,20006,0.40793436385474824,0.24214474377139458,0.2457837663530082,0.24236061884427815,0.00363902258161361,0.4064124888051495,0.2846859175169275,0.2875756893719632
KI,13,assay_type_class,transition,binding->functional,160,0.48788128949877646,0.21139825471380574,0.2168136273469119,0.20790012734561586,0.0054153726331061525,0.5667014512260038,0.38824678698846915,0.38628259817175203
KI,13,assay_type_class,transition,functional->binding,160,0.48788128949877646,0.20559726347552143,0.20974069738979012,0.20351716526061683,0.0041434339142686905,0.5785916207470444,0.38464908760628636,0.38404612724527876
KI,13,assay_type_class,transition,functional->functional,42,0.4361816766626515,0.09449496464545745,0.08906811723753749,0.09029481250329145,-0.00542684740791996,0.7833587018866428,0.41257694061619027,0.4101772313707294
KI,13,bao_format_first,same_vs_different,different,3596,0.4263911121971508,0.24721292542608017,0.2578476701692294,0.24040755370238667,0.01063474474314921,0.42022026643046884,0.3173308474887672,0.31875406058086364
KI,13,bao_format_first,same_vs_different,same,17014,0.4017007756890734,0.2384865087942817,0.24069075289322578,0.24019965361481052,0.0022042440989440693,0.4063080700175787,0.27663396198223666,0.2794279620738493
KI,13,bao_format_first,transition,BAO_0000019->BAO_0000019,2316,0.17757034738306698,0.0669583046667063,0.06812162624386693,0.06657785228324768,0.0011633215771606337,0.62291956031229,0.17055687082874654,0.17074083117271752
KI,13,bao_format_first,transition,BAO_0000019->BAO_0000219,287,0.27242246036862594,0.12003395133913936,0.12438092652610844,0.1204909298871282,0.004346975186969082,0.559383058295867,0.2205833285638069,0.22340266276155546
KI,13,bao_format_first,transition,BAO_0000019->BAO_0000221,34,0.38862286541219876,0.23502173128077128,0.24129182241557892,0.2315885942920313,0.006270091134807643,0.3952447161556181,0.24948269116518856,0.23896206119369143
KI,13,bao_format_first,transition,BAO_0000019->BAO_0000249,209,0.41113749738591,0.1734619380390188,0.18129518971691402,0.1702087562596832,0.007833251677895225,0.5780926353302177,0.3002867863654948,0.28610559610963027
KI,13,bao_format_first,transition,BAO_0000019->BAO_0000252,1,0.0,0.0,0.0,1.7763568394002505e-15,0.0,0.0,0.0,0.0
KI,13,bao_format_first,transition,BAO_0000019->BAO_0000357,657,0.3697810267824617,0.3295437150410582,0.3745236259477895,0.2857858973203609,0.04497991090673126,0.10881388937533207,0.34658224567998297,0.3750340281686787
KI,13,bao_format_first,transition,BAO_0000218->BAO_0000219,3,0.4006989003140961,0.4006989003140964,0.4006989003140961,0.4006989003140958,-2.7755575615628914e-16,-6.926791062783585e-16,2.9605947323337506e-16,0.0
KI,13,bao_format_first,transition,BAO_0000219->BAO_0000019,287,0.27242246036862594,0.11260352015796445,0.1167608534415273,0.11143957702513853,0.004157333283562853,0.5866584568482496,0.2158487858261667,0.21974888431763945
KI,13,bao_format_first,transition,BAO_0000219->BAO_0000218,3,0.4006989003140961,0.4006989003140961,0.4006989003140961,0.40069890031409666,0.0,0.0,5.921189464667501e-16,0.0
KI,13,bao_format_first,transition,BAO_0000219->BAO_0000219,1280,0.3803898892097285,0.2310677319200352,0.2333008754528861,0.23101016384827097,0.0022331435328508953,0.3925502793986312,0.21947300268072018,0.21395334286519216
KI,13,bao_format_first,transition,BAO_0000219->BAO_0000249,88,0.5407777748435868,0.5528576892758562,0.5585844831199637,0.5519693140875641,0.005726793844107458,-0.022338037904319156,0.052936300150724085,0.0433639002486768
KI,13,bao_format_first,transition,BAO_0000219->BAO_0000357,369,0.5102791960304278,0.18883940608833882,0.19199306695252166,0.18740433872789047,0.003153660864182839,0.6299292474446119,0.3837823282296711,0.3838568660734027
KI,13,bao_format_first,transition,BAO_0000221->BAO_0000019,34,0.38862286541219876,0.21915850241178014,0.226092693832473,0.2163894657089254,0.006934191420692848,0.4360637988211879,0.29597237449936703,0.2897505569213119
KI,13,bao_format_first,transition,BAO_0000221->BAO_0000221,18,0.3295590387570128,0.1762499436636051,0.1755258551674778,0.17544009745850792,-0.0007240884961273175,0.4651946299869021,0.16723019973771758,0.16699302141455385
KI,13,bao_format_first,transition,BAO_0000221->BAO_0000249,52,0.2862772184982794,0.2664568414311113,0.2748641086993244,0.2655913350420477,0.008407267268213114,0.0692349086355512,0.06242823878537896,0.053235045026137545
KI,13,bao_format_first,transition,BAO_0000221->BAO_0000357,45,1.5749216034545694,0.030410585439205946,0.030815186469314644,0.03048421040085319,0.00040460103010869775,0.9806907306544651,1.5621090569876155,1.5620543583278839
KI,13,bao_format_first,transition,BAO_0000224->BAO_0000357,1,0.4366925976640541,0.4366925976640541,0.4366925976640541,0.4366925976640541,0.0,0.0,0.0,0.0
KI,13,bao_format_first,transition,BAO_0000249->BAO_0000019,209,0.41113749738591,0.1679931080726799,0.17485718440133174,0.1663118859698729,0.0068640763286518525,0.5913943409666793,0.3038619138018226,0.2903673013042168
KI,13,bao_format_first,transition,BAO_0000249->BAO_0000219,88,0.5407777748435868,0.5525918817748974,0.5584945272098273,0.551879356790061,0.0059026454349299096,-0.021846509751122182,0.05267049264976536,0.0432739443385405
KI,13,bao_format_first,transition,BAO_0000249->BAO_0000221,52,0.2862772184982794,0.26659493735287537,0.2748641086993244,0.2655913350420477,0.008269171346449056,0.06875252333612547,0.06256633470714332,0.053235045026137545
KI,13,bao_format_first,transition,BAO_0000249->BAO_0000249,698,0.14503180078081251,0.15131594221077121,0.15265050139078265,0.1538224997078594,0.0013345591800114354,-0.04332940359373986,0.07277066379640788,0.0641191174190174
KI,13,bao_format_first,transition,BAO_0000249->BAO_0000357,52,0.4442457748749663,0.42202928721295796,0.4403001280417713,0.407806899355607,0.01827084082881336,0.05000945179109742,0.13031549185586405,0.10846023031939377
KI,13,bao_format_first,transition,BAO_0000252->BAO_0000019,1,0.0,0.0,0.0,1.7763568394002505e-15,0.0,0.0,0.0,0.0
KI,13,bao_format_first,transition,BAO_0000252->BAO_0000252,2,0.0,0.07860556125495455,0.07525749891599531,0.08218452444487667,-0.0033480623389592346,-78605561254.95454,0.07860556125495455,0.07525749891599531
KI,13,bao_format_first,transition,BAO_0000357->BAO_0000019,657,0.3697810267824617,0.30798154520545423,0.30266984282052756,0.32035470525678256,-0.005311702384926675,0.16712453344277037,0.28660878780048454,0.2804721536365973
KI,13,bao_format_first,transition,BAO_0000357->BAO_0000219,369,0.5102791960304278,0.19361314112055125,0.19700333357429944,0.1928374637962791,0.003390192453748192,0.6205741040851562,0.38877482576650013,0.3883639711670734
KI,13,bao_format_first,transition,BAO_0000357->BAO_0000221,45,1.5749216034545694,0.037194342522861114,0.038403714025650675,0.03805240426862538,0.0012093715027895607,0.9763833688983148,1.561928258431164,1.5618400147931333
KI,13,bao_format_first,transition,BAO_0000357->BAO_0000224,1,0.4366925976640541,0.4366925976640541,0.4366925976640541,0.4366925976640541,0.0,0.0,0.0,0.0
KI,13,bao_format_first,transition,BAO_0000357->BAO_0000249,52,0.4442457748749663,0.42618901899560674,0.4433264340019151,0.41357637372914485,0.017137415006308387,0.04064586969778535,0.13118963447041862,0.10775459808467176
KI,13,bao_format_first,transition,BAO_0000357->BAO_0000357,12700,0.4589937602522541,0.27541882617233066,0.27786280570104255,0.2776519051487692,0.0024439795287118926,0.39995082717253977,0.313130220066724,0.3178724227967908
KI,13,assay_organism_first,same_vs_different,same,20610,0.40600870630930863,0.2400090800804509,0.24368426451498748,0.240235927691226,0.0036751844345365714,0.4088573068735985,0.2837346897979322,0.28628951715542245
KI,13,assay_organism_first,transition,Bacillus anthracis->Bacillus anthracis,12,0.3573041207731455,0.32051559969106735,0.3572718623266809,0.35100047095409453,0.036756262635613546,0.10296136804264676,0.4185550126658155,0.44371236601112996
KI,13,assay_organism_first,transition,Bos taurus->Bos taurus,32,4.3117657203201745,0.01934536019768804,0.023042053876809604,0.03486140632056495,0.0036966936791215654,0.9955133554435672,4.331020295332086,4.334662229380943
KI,13,assay_organism_first,transition,Cavia porcellus->Cavia porcellus,954,0.22972601859162312,0.20448230219406827,0.21342635548538208,0.2022125858592287,0.008944053291313814,0.10988618769574303,0.09536362594264353,0.0766776171311652
KI,13,assay_organism_first,transition,Electrophorus electricus->Electrophorus electricus,36,0.3506636935310925,0.23950005480694742,0.24283313777590662,0.24132807319701854,0.0033330829689592056,0.3170092620788769,0.17171192642379435,0.16710912771542225
KI,13,assay_organism_first,transition,Equus caballus->Equus caballus,16,0.6193544733107885,0.14388605617696568,0.1453832754142784,0.1453832754142784,0.0014972192373127191,0.7676838347387466,0.678128089611699,0.6782140358171744
KI,13,assay_organism_first,transition,Homo sapiens->Homo sapiens,18472,0.4255378437243469,0.25252325475005594,0.2560674744887709,0.25276492968400277,0.0035442197387149377,0.4065786193304246,0.29677918851276514,0.30049994064479474
KI,13,assay_organism_first,transition,Human immunodeficiency virus 1->Human immunodeficiency virus 1,140,0.3692989673580836,0.14587573704467924,0.1561572237011023,0.14951830482166165,0.010281486656423061,0.6049928379484645,0.38346051921527013,0.3879787391285653
KI,13,assay_organism_first,transition,Methanosarcina thermophila->Methanosarcina thermophila,2,0.31742041185215086,0.4983456466055163,0.5481802112660685,0.5481802112660685,0.04983456466055225,-0.5699861382501052,0.4983456466055163,0.5481802112660685
KI,13,assay_organism_first,transition,Mus musculus->Mus musculus,88,0.10681321409019767,0.07078456435091711,0.0739422444739116,0.07004168611022778,0.0031576801229944856,0.33730517376676283,0.11632982808593714,0.11928384602503667
KI,13,assay_organism_first,transition,Mycobacterium tuberculosis->Mycobacterium tuberculosis,10,0.12102826406528866,0.08301045668960376,0.08322614091823874,0.08238123320855104,0.0002156842286349797,0.31412337993360134,0.04415521692744702,0.044615458866562194
KI,13,assay_organism_first,transition,Plasmodium falciparum->Plasmodium falciparum,12,0.0,2.9605947323337506e-16,0.0,0.0,-2.9605947323337506e-16,-0.00029605947323337506,2.9605947323337506e-16,0.0
KI,13,assay_organism_first,transition,Rattus norvegicus->Rattus norvegicus,812,0.07339833228163571,0.05197530884284176,0.05101664744763508,0.053067078495466484,-0.0009586613952066794,0.2918734359875095,0.059920647862368163,0.06053730529289124
KI,13,assay_organism_first,transition,Staphylococcus aureus->Staphylococcus aureus,2,0.0,0.013795951106811977,0.01384824954725783,0.013717503446144086,5.2298440445852634e-05,-13795951106.811977,0.013795951106811977,0.01384824954725783
KI,13,assay_organism_first,transition,Stylophora pistillata->Stylophora pistillata,10,0.0,1.7763568394002506e-16,5.329070518200751e-16,5.329070518200751e-16,3.5527136788005006e-16,-0.00017763568394002505,1.7763568394002506e-16,5.329070518200751e-16
KI,13,assay_organism_first,transition,Tetronarce californica->Tetronarce californica,2,0.30102999566398125,0.30102999566398125,0.30102999566398125,0.30102999566398125,0.0,0.0,0.0,0.0
KI,13,assay_organism_first,transition,Trypanosoma cruzi->Trypanosoma cruzi,10,0.020000144424747644,0.020000144424748713,0.020000144424748713,0.020000144424748713,0.0,-5.34290972358914e-14,1.0658141036401502e-15,1.0658141036401502e-15
KI,13,context_class,same_vs_different,different,2072,0.450696061046876,0.18422621466003758,0.1887442399058242,0.1826462489087301,0.004518025245786622,0.5912406817310156,0.33362226876678835,0.32867241553457893
KI,13,context_class,same_vs_different,same,18538,0.40101398201239197,0.2462439542389953,0.24982493400415498,0.24667275013363255,0.0035809797651596698,0.3859467118745351,0.2781587342674828,0.28155236290784386
KI,13,context_class,transition,cell_based->cell_based,1216,0.42529162126160347,0.2843938362324514,0.2869527367538486,0.2839614560092189,0.0025589005213971783,0.33129687486244563,0.212843638868324,0.20665667816417016
KI,13,context_class,transition,cell_based->organism_only,715,0.46677048305722185,0.18339323385376974,0.1856983632271753,0.18274949545507743,0.0023051293734055733,0.6071019044464999,0.341974474350481,0.3415435323103216
KI,13,context_class,transition,organism_only->cell_based,715,0.46677048305722185,0.19061649808699618,0.19466844761479038,0.18965453810712782,0.004051949527794196,0.5916269237109659,0.343804077091973,0.3433732267180541
KI,13,context_class,transition,organism_only->organism_only,16920,0.4029589430364502,0.24377325584403584,0.24743597578925355,0.2442842518587555,0.0036627199452177184,0.3950419514030118,0.28723001826830546,0.2916420968117964
KI,13,context_class,transition,organism_only->subcellular_fraction,12,0.0958331628499552,0.11055389153050547,0.10907869438444522,0.10628115391953215,-0.0014751971460602586,-0.15360787688493943,0.014832797285017666,0.013250198870955762
KI,13,context_class,transition,organism_only->tissue_based,304,0.43140684340037344,0.18195892980933748,0.1898675801082573,0.17876925497661542,0.007908650298919823,0.5782196490553401,0.32712814376105404,0.31099949115472514
KI,13,context_class,transition,subcellular_fraction->organism_only,12,0.0958331628499552,0.1108169413119986,0.10907590511021363,0.10627836464530056,-0.001741036201784965,-0.1563527490530946,0.015098292690664206,0.013250036378221974
KI,13,context_class,transition,subcellular_fraction->subcellular_fraction,8,0.0,4.440892098500626e-16,1.3322676295501878e-15,6.661338147750939e-16,8.881784197001252e-16,-0.0004440892098500626,4.440892098500626e-16,1.3322676295501878e-15
KI,13,context_class,transition,subcellular_fraction->tissue_based,5,0.17650910214736726,0.1936172219628265,0.19156060193056632,0.19333601444771933,-0.0020566200322601758,-0.09692485887314571,0.017108119815459233,0.015051499783199062
KI,13,context_class,transition,tissue_based->organism_only,304,0.43140684340037344,0.17892418531301627,0.18704799265365288,0.17548345126704018,0.008123807340636613,0.5852541793200924,0.33209801774733994,0.3167151287845405
KI,13,context_class,transition,tissue_based->subcellular_fraction,5,0.17650910214736726,0.19335106736609778,0.19156060193056632,0.19278534976483055,-0.001790465435531463,-0.09541697857977421,0.016841965218730513,0.015051499783199062
KI,13,context_class,transition,tissue_based->tissue_based,394,0.25070373328648726,0.23960413691052934,0.24290200081770175,0.23916946705565117,0.0032978639071724047,0.04427375783540508,0.09582954793651267,0.08512412406695827
KI,13,readout_class,same_vs_different,different,2664,0.5341202974548447,0.2565373176505031,0.26037687819006494,0.26120685195713855,0.0038395605395618593,0.5197012379553108,0.3712543953386882,0.3808257348814077
KI,13,readout_class,same_vs_different,same,17946,0.3869911381151868,0.23755554030074408,0.24120632386913848,0.2371228917921738,0.0036507835683944057,0.3861473380043231,0.2707427977016113,0.2722560565501609
KI,13,readout_class,transition,absorbance_color->absorbance_color,594,1.2762164411839792e-05,0.0008069437365755687,0.0006777273457013513,0.0008407887502651798,-0.00012921639087421746,-62.22937947946714,0.0007969922806603957,0.0006677758897861782
KI,13,readout_class,transition,absorbance_color->binding,5,0.4951840022349508,0.4842162250646119,0.48486083043513845,0.4844799867051955,0.0006446053705265187,0.022148892373011205,0.09978540645661979,0.10369964294878953
KI,13,readout_class,transition,absorbance_color->enzyme_activity,9,0.4774240351565749,0.4570474981586892,0.45445945367911467,0.5223161464163986,-0.0025880444795745583,0.04268016584293462,0.07097884444028907,0.13057377709945536
KI,13,readout_class,transition,absorbance_color->fluorescence,10,0.0,8.881784197001252e-16,1.4210854715202005e-15,7.993605777301127e-16,5.329070518200752e-16,-0.0008881784197001252,8.881784197001252e-16,1.4210854715202005e-15
KI,13,readout_class,transition,absorbance_color->not_extracted,258,0.49596976977533264,0.3585286168755737,0.35188561879381136,0.37425589570343004,-0.00664299808176233,0.2771159882627884,0.2412512003798098,0.24291224883004267
KI,13,readout_class,transition,binding->absorbance_color,5,0.4951840022349508,0.5005296384134337,0.5030934688838217,0.5027126251538787,0.0025638304703879955,-0.010795252177687537,0.10881216576693867,0.10512468612338868
KI,13,readout_class,transition,binding->binding,200,1.135623332401038,0.18204272858258172,0.1734106441046626,0.17292540962731962,-0.008632084477919133,0.8396979672849003,1.0264474613283743,1.0254092176789547
KI,13,readout_class,transition,binding->enzyme_activity,10,0.38887883049623706,0.3375446666628411,0.35941506655324185,0.3592250002787206,0.021870399890400738,0.13200554982098128,0.07771732382491595,0.08254337750998868
KI,13,readout_class,transition,binding->fluorescence,1,0.38400423072874545,0.1681244037636258,0.14424389180368635,0.20394517170353588,-0.023880511959939454,0.5621808555479529,0.21587982696511965,0.2397603389250591
KI,13,readout_class,transition,binding->not_extracted,134,0.09249876742230057,0.08495197236807632,0.09170374966410894,0.07983127579966445,0.0067517772960326156,0.08158806073349671,0.06912633747971923,0.0738480283852002
KI,13,readout_class,transition,binding->radio,280,1.0434441772573582,0.2071514445909926,0.20805961238358361,0.20719904061671546,0.0009081677925910081,0.801473381033684,0.8971711146099297,0.8959469918559125
KI,13,readout_class,transition,enzyme_activity->absorbance_color,9,0.4774240351565749,0.5454285953441658,0.564705141714976,0.5223161464163986,0.01927654637081022,-0.14244058777913907,0.08419082331363163,0.09369351035922907
KI,13,readout_class,transition,enzyme_activity->binding,10,0.38887883049623706,0.36555932941482217,0.38783997383475866,0.38764990756023743,0.02228064441993649,0.05996598233865688,0.4002925618716836,0.41944755123465105
KI,13,readout_class,transition,enzyme_activity->enzyme_activity,96,0.4793181012620306,0.2871253831236113,0.28433144491076323,0.2828460217557221,-0.0027939382128480683,0.4009711246714478,0.2822527617068404,0.28529509367396116
KI,13,readout_class,transition,enzyme_activity->fluorescence,10,0.0,0.04531652001437161,0.051920295410703955,0.051932835393263675,0.006603775396332348,-45316520014.371605,0.04531652001437161,0.051920295410703955
KI,13,readout_class,transition,enzyme_activity->not_extracted,304,0.4415396950239423,0.38799718534326155,0.3991262459446315,0.3875061812984444,0.011129060601369922,0.12126318490521544,0.19555352404376017,0.2235702568277743
KI,13,readout_class,transition,enzyme_activity->radio,40,0.014474867181481743,0.014912174589908168,0.014938556454730013,0.014924698919814095,2.6381864821845014e-05,-0.030211497138010947,0.000730564730017047,0.0007516667342099658
KI,13,readout_class,transition,fluorescence->absorbance_color,10,0.0,8.881784197001252e-16,1.4210854715202005e-15,7.993605777301127e-16,5.329070518200752e-16,-0.0008881784197001252,8.881784197001252e-16,1.4210854715202005e-15
KI,13,readout_class,transition,fluorescence->binding,1,0.38400423072874545,0.1681244037636258,0.14424389180368635,0.20394517170353588,-0.023880511959939454,0.5621808555479529,0.21587982696511965,0.2397603389250591
KI,13,readout_class,transition,fluorescence->enzyme_activity,10,0.0,0.04706891140600913,0.04725923192750683,0.04727177191006673,0.00019032052149769996,-47068911406.009125,0.04706891140600913,0.04725923192750683
KI,13,readout_class,transition,fluorescence->fluorescence,1120,0.13865028035484744,0.09354388970531505,0.09473764796818779,0.093043473386416,0.0011937582628727406,0.3253249148439634,0.09458707327936933,0.0969827767432341
KI,13,readout_class,transition,fluorescence->htrf_alphascreen,3,3.302054598794451,0.12402823094849502,0.1294112575608981,0.1294112575608981,0.005383026612403086,0.9624390732382873,3.3705136232251545,3.369533565152908
KI,13,readout_class,transition,fluorescence->luminescence,3,0.5944295410698635,0.0959824138881995,0.09679732075400338,0.09679732075400338,0.0008149068658038772,0.8385302087856387,0.5504352562781115,0.5483503411697054
KI,13,readout_class,transition,fluorescence->not_extracted,22,0.9695101841251534,0.27692612614575857,0.2865553524548081,0.281945845859954,0.009629226309049554,0.7143649126330268,0.8416951795294949,0.8378650212905182
KI,13,readout_class,transition,fluorescence->radio,106,0.1387298267753713,0.13031952593969928,0.13262270283413183,0.1341023007286284,0.002303176894432546,0.06062359502033988,0.0699571438664,0.0858017021248399
KI,13,readout_class,transition,htrf_alphascreen->fluorescence,3,3.302054598794451,0.2251338032982139,0.24245859018012292,0.24245859018012292,0.017324786881909027,0.9318200845678299,3.3677350130741464,3.366407628733024
KI,13,readout_class,transition,htrf_alphascreen->htrf_alphascreen,4,0.08804562952784067,0.07336903551705576,0.10565196852603531,0.030421378533086685,0.03228293300897955,0.1666930441577917,0.16141466504489643,0.19369759805387599
KI,13,readout_class,transition,htrf_alphascreen->luminescence,15,0.9277238850047349,0.1829084779579232,0.18922118060655374,0.17933737331663238,0.0063127026486305415,0.802841684994464,0.8216231728135016,0.8158695318699711
KI,13,readout_class,transition,htrf_alphascreen->radio,3,0.4994368512632003,0.48958824686890523,0.46844422082231557,0.46844422082231557,-0.02114402604658966,0.01971941872007543,0.19083805938169243,0.16969403333510277
KI,13,readout_class,transition,luminescence->fluorescence,3,0.5944295410698635,0.2095924342862734,0.22021951041834598,0.22021951041834598,0.010627076132072588,0.6474057566031364,0.5994733457750577,0.6035181918537699
KI,13,readout_class,transition,luminescence->htrf_alphascreen,15,0.9277238850047349,0.1741110361951547,0.17687088497386144,0.1732199664044438,0.002759848778706747,0.8123245083915609,0.9181070501104288,0.9300410577254754
KI,13,readout_class,transition,luminescence->luminescence,98,0.0,7.250436079184696e-16,1.1600697726695512e-15,6.706653373245843e-16,4.3502616475108164e-16,-0.0007250436079184696,7.250436079184696e-16,1.1600697726695512e-15
KI,13,readout_class,transition,luminescence->not_extracted,1,0.004991945557499378,0.006308772968946386,0.006153171818940706,0.005867437008111764,-0.00015560115000567976,-0.26379041924220187,0.001316827411447008,0.0011612262614413282
KI,13,readout_class,transition,luminescence->radio,13,0.14650855077788286,0.09414642114133057,0.09608805448469507,0.09584899046755832,0.0019416333433645017,0.3573998197274978,0.22544386280507192,0.22775705620863523
KI,13,readout_class,transition,not_extracted->absorbance_color,258,0.49596976977533264,0.37334874832385145,0.3693975674285479,0.37860260631773607,-0.003951180895303552,0.2472348697926222,0.24723239264194827,0.2453050514746619
KI,13,readout_class,transition,not_extracted->binding,134,0.09249876742230057,0.07876645631792323,0.08281159379849999,0.07583670914042633,0.004045137480576763,0.14845939559046067,0.0676271593905737,0.06715417668954997
KI,13,readout_class,transition,not_extracted->enzyme_activity,304,0.4415396950239423,0.36626128997125496,0.38104981469793503,0.3921212101988005,0.014788524726680075,0.17049068498497152,0.20250095476645727,0.2502571088723428
KI,13,readout_class,transition,not_extracted->fluorescence,22,0.9695101841251534,0.22505181052219692,0.22955899408534639,0.22810831626718703,0.0045071835631494694,0.7678706070269138,0.8055650378817508,0.8011612476820326
KI,13,readout_class,transition,not_extracted->luminescence,1,0.004991945557499378,0.006312240704493988,0.006153171818940706,0.005867437008111764,-0.0001590688855532818,-0.26448508538141735,0.00132029514699461,0.0011612262614413282
KI,13,readout_class,transition,not_extracted->not_extracted,9016,0.5419605146844355,0.3472489124974911,0.35352256083369826,0.3468400664634786,0.006273648336207138,0.3592726719220829,0.3784713337279563,0.383262770501945
KI,13,readout_class,transition,not_extracted->radio,105,0.6478898120027599,0.24301343109322102,0.2515504150869587,0.2372116093208727,0.008536983993737673,0.6249154924322442,0.4947290606861679,0.4904788855891469
KI,13,readout_class,transition,radio->binding,280,1.0434441772573582,0.20809861444042213,0.20901141528782094,0.20754132364552225,0.0009128008473988092,0.8005656469449098,0.896390828215439,0.8964891376816109
KI,13,readout_class,transition,radio->enzyme_activity,40,0.014474867181481743,0.01484432090912915,0.014860096231366837,0.01487380865922987,1.5775322237687045e-05,-0.025523807784575928,0.0007928858613229783,0.0008250771249457944
KI,13,readout_class,transition,radio->fluorescence,106,0.1387298267753713,0.13854602472844035,0.13688981685131238,0.14354189746833992,-0.0016562078771279742,0.0013248920668556072,0.07307135166572859,0.0805493357742545
KI,13,readout_class,transition,radio->htrf_alphascreen,3,0.4994368512632003,0.591889238679725,0.5809753118142181,0.5809753118142181,-0.010913926865506851,-0.18511326743849504,0.2931390511925122,0.28222512432700536
KI,13,readout_class,transition,radio->luminescence,13,0.14650855077788286,0.07415155565679658,0.07319265373459252,0.07303347283153662,-0.0009589019222040612,0.49387557747932753,0.21428136663758252,0.2149557918208693
KI,13,readout_class,transition,radio->not_extracted,105,0.6478898120027599,0.24606353046866267,0.2562147748444825,0.23768152787881008,0.010151244375819851,0.6202077484317433,0.5004493729096565,0.4949089066709576
KI,13,readout_class,transition,radio->radio,6818,0.23904952812814736,0.14122337803928472,0.14262540165807402,0.14105738818261063,0.0014020236187892998,0.4092296305911173,0.16236584792087785,0.1595992549504236
KI,17,assay_type_class,same_vs_different,different,616,0.15525024303610416,0.09771225657832114,0.1086039004691583,0.0981961402431469,0.01089164389083716,0.3706144694691544,0.09823452099323733,0.11781293877576775
KI,17,assay_type_class,same_vs_different,same,31218,0.22215397412078747,0.12860147550503845,0.13936083933104526,0.12713592956743996,0.010759363826006813,0.42111557529411353,0.14354341555588934,0.1767547245743844
KI,17,assay_type_class,transition,adme->adme,10,0.32330220970543166,0.1018373992223017,0.10183739922230188,0.10183739922230188,1.8041124150158794e-16,0.6850086508375919,0.26104952656734975,0.2610495265673499
KI,17,assay_type_class,transition,adme->binding,192,0.02405918850476675,0.028366382468421558,0.025089531758027583,0.0291206312347079,-0.003276850710393974,-0.17902490613103758,0.009277207033651291,0.006000356323257318
KI,17,assay_type_class,transition,binding->adme,192,0.02405918850476675,0.028585264262764403,0.025308413552370502,0.02933951302905081,-0.0032768507103939012,-0.1881225444117086,0.009496088827994137,0.006219238117600237
KI,17,assay_type_class,transition,binding->binding,31180,0.22182399340503173,0.12855257048212132,0.13932598306597266,0.12708513443991568,0.010773412583851338,0.4204749066644235,0.14314899221961533,0.1764017128541113
KI,17,assay_type_class,transition,binding->functional,116,0.3723940574328006,0.22511055639233823,0.2599964872928235,0.22516085273283415,0.03488593090048525,0.3955044343505401,0.23851067156297728,0.2970789217444724
KI,17,assay_type_class,transition,functional->binding,116,0.3723940574328006,0.19951042533057653,0.23331038502963405,0.19953289460455217,0.033799959699057525,0.4642491700701248,0.25207546745769754,0.3083228726799093
KI,17,assay_type_class,transition,functional->functional,28,0.5534867013142687,0.19261931041157646,0.19157700883284587,0.192735121698102,-0.0010423015787305867,0.6519892710083245,0.5407955053740772,0.5397532037953466
KI,17,bao_format_first,same_vs_different,different,3508,0.2729710818962513,0.13981607932859355,0.1600567921724871,0.13930015052736347,0.02024071284389356,0.48779893328871465,0.1722481612918573,0.229450548636751
KI,17,bao_format_first,same_vs_different,same,28326,0.21440564705644757,0.1265408743233718,0.13612890835220248,0.1250001180391205,0.009588034028830683,0.4098062431627242,0.1390031865404135,0.1689468769833822
KI,17,bao_format_first,transition,BAO_0000019->BAO_0000019,2294,0.1499587048800807,0.06429482037983653,0.06495370968405102,0.06426873639585344,0.0006588893042144967,0.5712498288695415,0.13818207020509476,0.1393265865037705
KI,17,bao_format_first,transition,BAO_0000019->BAO_0000219,257,0.1582179224684996,0.09329485016362293,0.09899526198773916,0.09336440008089517,0.005700411824116222,0.4103395575668903,0.11431137517843165,0.12208258380926158
KI,17,bao_format_first,transition,BAO_0000019->BAO_0000221,36,0.4413795321239787,0.37023934237020933,0.3762149555410092,0.3701980200521206,0.005975613170799865,0.16117691142458063,0.19377533790263177,0.24006277235119688
KI,17,bao_format_first,transition,BAO_0000019->BAO_0000249,117,0.5007364268731578,0.1646942699551947,0.15998467612023476,0.16467322501507958,-0.0047095938349599464,0.6710958877435261,0.37580835916356725,0.44821923344014836
KI,17,bao_format_first,transition,BAO_0000019->BAO_0000252,2,0.0,4.440892098500626e-16,0.0,0.0,-4.440892098500626e-16,-0.0004440892098500626,4.440892098500626e-16,0.0
KI,17,bao_format_first,transition,BAO_0000019->BAO_0000357,771,0.12695301191193167,0.07468117334316317,0.1219220422577064,0.07328381142681724,0.04724086891454324,0.4117416182692058,0.09868858966551206,0.16665241643664505
KI,17,bao_format_first,transition,BAO_0000218->BAO_0000219,1,0.0,0.06096674877835717,0.38336594012199043,0.0511291246698633,0.32239919134363326,-60966748778.35717,0.06096674877835717,0.38336594012199043
KI,17,bao_format_first,transition,BAO_0000219->BAO_0000019,257,0.1582179224684996,0.08932906332877266,0.09834758725954804,0.08933486207895668,0.009018523930775374,0.43540490271222193,0.11897914404409919,0.1297983149510654
KI,17,bao_format_first,transition,BAO_0000219->BAO_0000218,1,0.0,0.08818582769740324,0.25578808042660306,0.08057016921495297,0.16760225272919982,-88185827697.40324,0.08818582769740324,0.25578808042660306
KI,17,bao_format_first,transition,BAO_0000219->BAO_0000219,1334,0.32930864660829906,0.248870822174158,0.25967402416616553,0.2488776388354906,0.010803201992007516,0.244262716034356,0.12834262110050934,0.16829761965277357
KI,17,bao_format_first,transition,BAO_0000219->BAO_0000221,1,0.16481024864599192,0.16481024864599192,0.16481024864599192,0.16481024864599192,0.0,0.0,0.0,0.0
KI,17,bao_format_first,transition,BAO_0000219->BAO_0000249,122,0.3085914897725869,0.30915420499743923,0.3147632147912115,0.30916358893259177,0.005609009793772268,-0.0018234956034174409,0.0010054686185387632,0.023534001673123046
KI,17,bao_format_first,transition,BAO_0000219->BAO_0000357,323,0.5289198015784894,0.22231949877891402,0.21382177857212728,0.2223506962675156,-0.00849772020678674,0.5796725739603025,0.3299551164405825,0.39596416395474726
KI,17,bao_format_first,transition,BAO_0000220->BAO_0000220,2,0.0,0.0,0.0,0.0,0.0,0.0,0.0,0.0
KI,17,bao_format_first,transition,BAO_0000221->BAO_0000019,36,0.4413795321239787,0.4088233233172732,0.37918518051694305,0.4082124773178063,-0.02963814280033017,0.0737601235155616,0.15168336154485892,0.15146850978656168
KI,17,bao_format_first,transition,BAO_0000221->BAO_0000219,1,0.16481024864599192,0.16481024864599192,0.16481024864599192,0.16481024864599192,0.0,0.0,0.0,0.0
KI,17,bao_format_first,transition,BAO_0000221->BAO_0000221,54,0.27612980917362756,0.28798013346984513,0.2755187086340585,0.2880803271800445,-0.01246142483578666,-0.04291577331575314,0.2657286054268504,0.27981069582672263
KI,17,bao_format_first,transition,BAO_0000221->BAO_0000249,21,0.19714740546658044,0.19714740546658044,0.25193113435484565,0.19714740546658044,0.054783728888265215,0.0,0.0,0.2248717632356583
KI,17,bao_format_first,transition,BAO_0000221->BAO_0000357,56,0.652747207946204,0.012875064075761536,0.007636684942406943,0.012888363613521763,-0.0052383791333545935,0.9802755738836915,0.648269768615492,0.6543889635096976
KI,17,bao_format_first,transition,BAO_0000249->BAO_0000019,117,0.5007364268731578,0.1477008117410816,0.1401044621054782,0.1475388838975716,-0.0075963496356034055,0.70503282003389,0.37926935280389246,0.4475741730018791
KI,17,bao_format_first,transition,BAO_0000249->BAO_0000219,122,0.3085914897725869,0.3090727115718002,0.3146817238676682,0.309082095572273,0.005609012295867966,-0.001559413707642973,0.0008727110647944572,0.023401246621474442
KI,17,bao_format_first,transition,BAO_0000249->BAO_0000221,21,0.19714740546658044,0.19714740546658044,0.25193113435484565,0.19714740546658044,0.054783728888265215,0.0,0.0,0.2248717632356583
KI,17,bao_format_first,transition,BAO_0000249->BAO_0000249,584,0.1112701466358932,0.10779005286154231,0.10125914212966626,0.10782565257857579,-0.006530910731876047,0.03127607790199761,0.024750302884142206,0.051473039158489865
KI,17,bao_format_first,transition,BAO_0000249->BAO_0000357,47,0.3494610046033831,0.28077185490567763,0.25452244213201314,0.2808172982013108,-0.026249412773664493,0.19655740924703013,0.08518419890349141,0.22645322877325075
KI,17,bao_format_first,transition,BAO_0000252->BAO_0000019,2,0.0,4.440892098500626e-16,0.0,0.0,-4.440892098500626e-16,-0.0004440892098500626,4.440892098500626e-16,0.0
KI,17,bao_format_first,transition,BAO_0000357->BAO_0000019,771,0.12695301191193167,0.0838196486130828,0.13144475073343712,0.08286070749660615,0.04762510212035431,0.33975848740611864,0.09549580154335574,0.16397744883390636
KI,17,bao_format_first,transition,BAO_0000357->BAO_0000219,323,0.5289198015784894,0.22482270610863928,0.21863913379626107,0.22492037619139846,-0.006183572312378205,0.5749398955424122,0.33079750153431514,0.3984166775903328
KI,17,bao_format_first,transition,BAO_0000357->BAO_0000221,56,0.652747207946204,0.012832076555738385,0.007689351802857014,0.012846188921985937,-0.005142724752881371,0.9803414301899306,0.6482232669173883,0.6544378280831431
KI,17,bao_format_first,transition,BAO_0000357->BAO_0000249,47,0.3494610046033831,0.287114661835303,0.260928319315094,0.28716192010225866,-0.02618634252020896,0.17840715257726508,0.07203110270778151,0.21336320283099625
KI,17,bao_format_first,transition,BAO_0000357->BAO_0000357,24058,0.21656241498128773,0.12579642918254408,0.13661007359138935,0.12398335577786535,0.010813644408845274,0.4191215996856443,0.14217316546545003,0.174424099714508
KI,17,assay_organism_first,same_vs_different,same,31834,0.220859361494408,0.12800375737791467,0.1387656808734552,0.12657593364409495,0.010761923495540532,0.4204286541815632,0.14266667122433838,0.17561417861559983
KI,17,assay_organism_first,transition,Bacillus anthracis->Bacillus anthracis,8,0.6145106519564885,0.2358997264422592,0.24759264165208084,0.2358997264422592,0.01169291520982163,0.6161177585918193,0.4251275406084335,0.4368204558182551
KI,17,assay_organism_first,transition,Bos taurus->Bos taurus,42,3.5783789196148525,0.584166688765421,0.17593232986445806,0.5841785590344134,-0.40823435890096293,0.8367510255654268,3.0062030923060563,3.4553114118884154
KI,17,assay_organism_first,transition,Cavia porcellus->Cavia porcellus,390,0.22148279050346215,0.21109223553190243,0.1901217751192529,0.21109775140831835,-0.020970460412649522,0.04691359968844756,0.015169887575650133,0.1275885505046327
KI,17,assay_organism_first,transition,Electrophorus electricus->Electrophorus electricus,22,0.5821959634654459,0.29312918663835724,0.29312918663835735,0.29312918663835735,1.1102230246251565e-16,0.49651113193306284,0.342288340260335,0.342288340260335
KI,17,assay_organism_first,transition,Equus caballus->Equus caballus,16,0.7869095647454242,0.1961765077550028,0.19617650775500275,0.19617650775500275,-5.551115123125783e-17,0.750700059391871,0.605661207151718,0.605661207151718
KI,17,assay_organism_first,transition,Homo sapiens->Homo sapiens,29998,0.21981175207334014,0.12687998222103167,0.13916504346091904,0.12536547093967665,0.012285061239887374,0.422778895922279,0.14326759500567526,0.1751351950128069
KI,17,assay_organism_first,transition,Human immunodeficiency virus 1->Human immunodeficiency virus 1,110,0.25913044639933375,0.23459880033933134,0.1935290386373691,0.2345117100766253,-0.04106976170196225,0.09466909967884608,0.16657377948426344,0.22838793190425322
KI,17,assay_organism_first,transition,Methanosarcina thermophila->Methanosarcina thermophila,6,0.8363467635155531,0.39662058535018474,0.3966205853501846,0.3966205853501846,-1.6653345369377348e-16,0.5257701677674885,0.736868553339205,0.7368685533392051
KI,17,assay_organism_first,transition,Mus musculus->Mus musculus,84,0.06899112122120099,0.03475871320081244,0.040643450532470524,0.03454843296537598,0.005884737331658084,0.4961857035288901,0.09877262292552488,0.104657360257183
KI,17,assay_organism_first,transition,Mycobacterium tuberculosis->Mycobacterium tuberculosis,32,0.13004465120771425,0.12521719990545757,0.15674754868049193,0.12521719990545757,0.031530348775034356,0.037121490637442765,0.03013861750674099,0.15912085479849583
KI,17,assay_organism_first,transition,Oryctolagus cuniculus->Oryctolagus cuniculus,20,0.16020599913279626,0.18695630115930184,0.15460302913412677,0.18702987246909553,-0.03235327202517507,-0.16697440901905303,0.02761236359758614,0.08366225219552197
KI,17,assay_organism_first,transition,Plasmodium falciparum->Plasmodium falciparum,4,0.0,0.0,0.0,0.0,0.0,0.0,0.0,0.0
KI,17,assay_organism_first,transition,Rattus norvegicus->Rattus norvegicus,1074,0.10967207165223097,0.09874156814479795,0.10124011092807818,0.09874335871440922,0.002498542783280225,0.09966533268463768,0.0544975954324685,0.07042497028109655
KI,17,assay_organism_first,transition,Severe acute respiratory syndrome coronavirus 2->Severe acute respiratory syndrome coronavirus 2,2,0.0406023401140736,0.0406023401140736,0.17598500940722417,0.0406023401140736,0.13538266929315057,0.0,0.0,0.21658734952129777
KI,17,assay_organism_first,transition,Staphylococcus aureus->Staphylococcus aureus,4,0.0,0.0056099258184421075,0.007068585623600576,0.00565190164017304,0.0014586598051584687,-5609925818.442107,0.0056099258184421075,0.007068585623600576
KI,17,assay_organism_first,transition,Stylophora pistillata->Stylophora pistillata,8,0.0,4.440892098500626e-16,6.661338147750939e-16,6.661338147750939e-16,2.220446049250313e-16,-0.0004440892098500626,4.440892098500626e-16,6.661338147750939e-16
KI,17,assay_organism_first,transition,Tetronarce californica->Tetronarce californica,2,0.30102999566398125,0.30102999566398125,0.30102999566398125,0.30102999566398125,0.0,0.0,0.0,0.0
KI,17,assay_organism_first,transition,Toxoplasma gondii->Toxoplasma gondii,6,0.7974200723294574,0.7974200723294574,0.7974200723294574,0.7974200723294574,0.0,0.0,2.9605947323337506e-16,0.0
KI,17,assay_organism_first,transition,Trypanosoma cruzi->Trypanosoma cruzi,6,0.0,2.9605947323337506e-16,2.9605947323337506e-16,2.9605947323337506e-16,0.0,-0.00029605947323337506,2.9605947323337506e-16,2.9605947323337506e-16
KI,17,context_class,same_vs_different,different,1710,0.3930067748664989,0.18208818682714673,0.18619630023682496,0.1821098491827795,0.004108113409678232,0.5366792674528307,0.2391909674592549,0.28733034200198077
KI,17,context_class,same_vs_different,same,30124,0.21108734991340028,0.12493363473954704,0.13607326422522248,0.12342353039183263,0.011139629485675442,0.4081424832383289,0.13718743385341461,0.16927256928779774
KI,17,context_class,transition,cell_based->cell_based,1312,0.3370458393279767,0.25953928890013434,0.267541984711655,0.2595234288054022,0.008002695811520688,0.22995848452655532,0.11667010200707566,0.15612855683121854
KI,17,context_class,transition,cell_based->organism_only,627,0.4142795162785619,0.1852934162951824,0.1902674281036814,0.1852843496198959,0.004974011808499018,0.5527333382068764,0.2585435077596931,0.29876434867313495
KI,17,context_class,transition,cell_based->subcellular_fraction,3,0.3102981089915809,0.3102981089915809,0.3102981089915809,0.3102981089915809,0.0,0.0,0.0,0.0
KI,17,context_class,transition,cell_based->tissue_based,1,0.16481024864599192,0.16481024864599192,0.16481024864599192,0.16481024864599192,0.0,0.0,0.0,0.0
KI,17,context_class,transition,organism_only->cell_based,627,0.4142795162785619,0.18810546778101342,0.19499653728616484,0.1882035777302294,0.00689106950515142,0.5459455261733696,0.25797976891462854,0.29851877812509864
KI,17,context_class,transition,organism_only->organism_only,28602,0.2048717145838114,0.11775668995432227,0.12918852101324219,0.11616676668369047,0.011431831058919914,0.4252174332921447,0.13851128533361132,0.16993112996731416
KI,17,context_class,transition,organism_only->subcellular_fraction,10,0.04189900457465825,0.042491832511038566,0.02617761748349352,0.0424993479120527,-0.016314215027545046,-0.014148974239327811,0.0006203978132599097,0.05206989409639107
KI,17,context_class,transition,organism_only->tissue_based,210,0.35228472733168126,0.16969458602526935,0.1648561343705596,0.16969862329559396,-0.004838451654709752,0.5183027453089121,0.2063275220310656,0.2698593240300214
KI,17,context_class,transition,subcellular_fraction->cell_based,3,0.3102981089915809,0.3102981089915809,0.3102981089915809,0.3102981089915809,0.0,0.0,0.0,0.0
KI,17,context_class,transition,subcellular_fraction->organism_only,10,0.04189900457465825,0.04251843457617941,0.02620494373404485,0.04252597081706142,-0.01631349084213456,-0.014783883479079402,0.0006469998784007558,0.0520972203469424
KI,17,context_class,transition,subcellular_fraction->subcellular_fraction,4,0.0,4.440892098500626e-16,2.6645352591003757e-15,0.0,2.220446049250313e-15,-0.0004440892098500626,4.440892098500626e-16,2.6645352591003757e-15
KI,17,context_class,transition,subcellular_fraction->tissue_based,4,0.19326211079446054,0.19326211079446054,0.5975509686376435,0.19326211079446054,0.4042888578431829,0.0,0.0,0.7064921937320681
KI,17,context_class,transition,tissue_based->cell_based,1,0.16481024864599192,0.16481024864599192,0.16481024864599192,0.16481024864599192,0.0,0.0,0.0,0.0
KI,17,context_class,transition,tissue_based->organism_only,210,0.35228472733168126,0.17631536849938206,0.16533207797715044,0.17622115017648254,-0.010983290522231626,0.49950890623373934,0.1991190775099325,0.2546395122871444
KI,17,context_class,transition,tissue_based->subcellular_fraction,4,0.19326211079446054,0.19326211079446054,0.5975509686376435,0.19326211079446054,0.4042888578431829,0.0,0.0,0.7064921937320681
KI,17,context_class,transition,tissue_based->tissue_based,206,0.2759728498387908,0.26654572710491614,0.2573099493114426,0.26657199147555094,-0.009235777793473565,0.03415960207455726,0.0867150507525593,0.164835103582236
KI,17,readout_class,same_vs_different,different,4346,0.3278303226146518,0.15942799775006716,0.16370597345986432,0.15416297859488112,0.004277975709797155,0.5136874573452229,0.20227649433245584,0.2669575464945426
KI,17,readout_class,same_vs_different,same,27488,0.20394667970495148,0.12303541669625814,0.13482248705868022,0.1222142741069836,0.011787070362422075,0.39672753253814774,0.13324203897652556,0.1611723030043555
KI,17,readout_class,transition,absorbance_color->absorbance_color,850,0.006971773226116352,0.0037854064116214616,0.0020161487800964078,0.003341007924836397,-0.0017692576315250538,0.4570382184203467,0.0046864219918186355,0.006524066614814688
KI,17,readout_class,transition,absorbance_color->binding,4,0.0641877474597441,0.07476223148039429,0.0747622314803944,0.0747622314803944,1.1102230246251565e-16,-0.16474303023769574,0.12217170389472465,0.12217170389472454
KI,17,readout_class,transition,absorbance_color->enzyme_activity,14,0.4515647317923002,0.21844502381497627,0.2333590515604461,0.1959533178174945,0.014914027745469821,0.5162487049244331,0.25471129719861135,0.47443037912725883
KI,17,readout_class,transition,absorbance_color->fluorescence,22,0.0,1.6148698540002276e-15,1.7359850930502448e-15,1.6148698540002276e-15,1.2111523905001717e-16,-0.0016148698540002276,1.6148698540002276e-15,1.7359850930502448e-15
KI,17,readout_class,transition,absorbance_color->not_extracted,330,0.4517408357279402,0.23357538583672086,0.19603705317841488,0.2175919650002041,-0.03753833265830597,0.4829438311452741,0.29800856778864016,0.38662163588812287
KI,17,readout_class,transition,binding->absorbance_color,4,0.0641877474597441,0.09177988799557213,0.09177988799557213,0.09177988799557213,0.0,-0.4298661602532896,0.11061680091659853,0.11061680091659853
KI,17,readout_class,transition,binding->binding,170,1.0900158391462351,0.14482086356515947,0.14387156058849804,0.1447842739025119,-0.0009493029766614314,0.867138753067486,1.0207702592423522,1.0255499222730768
KI,17,readout_class,transition,binding->enzyme_activity,21,0.15465318299182018,0.08694782299579916,0.08614799339239648,0.08703669295173277,-0.000799829603402677,0.43778833830792896,0.08174998330518554,0.08095015370178286
KI,17,readout_class,transition,binding->fluorescence,8,0.5844107171498887,0.5737486701454455,0.5446912743121002,0.572563998256063,-0.029057395833345323,0.01824409904123745,0.010662047004443176,0.11622169957566264
KI,17,readout_class,transition,binding->not_extracted,359,0.047109304901097396,0.04845835135187095,0.078666494393222,0.04855843528519696,0.030208143041351047,-0.02863651785153237,0.005860015844387809,0.04910069823310897
KI,17,readout_class,transition,binding->radio,220,1.0647361703167932,0.23173623616694264,0.24966012773035043,0.2317870043385152,0.01792389156340779,0.7823533729506027,0.8520226945221854,0.8874141141258821
KI,17,readout_class,transition,enzyme_activity->absorbance_color,14,0.4515647317923002,0.22895289832681648,0.2577916927730947,0.19595331781749437,0.028838794446278238,0.4929787864121225,0.25466188180077787,0.4283029231265351
KI,17,readout_class,transition,enzyme_activity->binding,21,0.15465318299182018,0.07972546866541635,0.07892563906201368,0.07981433862134997,-0.000799829603402677,0.48448866603907437,0.08180302470483257,0.08100319510142989
KI,17,readout_class,transition,enzyme_activity->enzyme_activity,90,0.5048828586316004,0.29168194208651843,0.28035488441215883,0.28761716320296976,-0.011327057674359597,0.4222779856755823,0.3518267281578612,0.36361617640063504
KI,17,readout_class,transition,enzyme_activity->fluorescence,13,0.15418698044415652,0.20199779822677413,0.23097826504696545,0.20199779822677405,0.028980466820191314,-0.3100833653067987,0.047810817782617615,0.15232351060519797
KI,17,readout_class,transition,enzyme_activity->not_extracted,869,0.2416773851306239,0.15922598859623938,0.17548875089616037,0.1505033766414456,0.01626276229992099,0.34116306120169443,0.11240645488998229,0.1933079903498166
KI,17,readout_class,transition,enzyme_activity->radio,47,0.03776861267560545,0.037811082621959216,0.037929149072798214,0.03781448021766678,0.00011806645083899808,-0.0011244772668391025,0.0002601132499013175,0.0004477502123718905
KI,17,readout_class,transition,fluorescence->absorbance_color,22,0.0,1.6148698540002276e-15,1.7359850930502448e-15,1.6148698540002276e-15,1.2111523905001717e-16,-0.0016148698540002276,1.6148698540002276e-15,1.7359850930502448e-15
KI,17,readout_class,transition,fluorescence->binding,8,0.5844107171498887,0.5737486701454455,0.5446912743121002,0.572563998256063,-0.029057395833345323,0.01824409904123745,0.010662047004443176,0.11622169957566264
KI,17,readout_class,transition,fluorescence->enzyme_activity,13,0.15418698044415652,0.18979681857292865,0.21877728539312002,0.18979681857292865,0.02898046682019137,-0.23095230236815822,0.03560983812877213,0.14012253095135255
KI,17,readout_class,transition,fluorescence->fluorescence,1084,0.15010914304737213,0.09240450233371167,0.0922882466102598,0.09245878719126455,-0.00011625572345186352,0.3844178944879445,0.11098669905715006,0.11443901052811176
KI,17,readout_class,transition,fluorescence->not_extracted,33,0.8302519358928312,0.39633909462757144,0.14899873890148452,0.39633949717504136,-0.24734035572608692,0.5226279187155899,0.5253856883107391,0.826992686587794
KI,17,readout_class,transition,fluorescence->radio,132,0.12956018989151144,0.11687449704233094,0.11360474031124501,0.11682355687237933,-0.0032697567310859266,0.09791350923306764,0.04328273485731649,0.05212834108815223
KI,17,readout_class,transition,htrf_alphascreen->htrf_alphascreen,4,0.020747522350952785,0.019528211111490057,0.008057305664526115,0.019113400375325273,-0.011470905446963942,0.058769004743678896,0.027114287404471638,0.0288048280154789
KI,17,readout_class,transition,htrf_alphascreen->luminescence,6,0.05318657332813448,0.12945448081154506,0.15510486844867843,0.1294222103941952,0.02565038763713337,-1.4339691901727876,0.1757618996171444,0.20141228725427776
KI,17,readout_class,transition,htrf_alphascreen->radio,2,0.7508447231051996,0.12052988922596786,0.12052988922596786,0.12052988922596786,0.0,0.8394742807440885,0.6543265041465487,0.6543265041465487
KI,17,readout_class,transition,luminescence->htrf_alphascreen,6,0.05318657332813448,0.13975313963907077,0.23361117352123686,0.14297407946577648,0.0938580338821661,-1.627601871939822,0.16327481528155552,0.1874496088876505
KI,17,readout_class,transition,luminescence->luminescence,100,0.0,8.348877145181177e-16,2.5934809855243656e-15,7.105427357601002e-16,1.758593271006248e-15,-0.0008348877145181177,8.348877145181177e-16,2.5934809855243656e-15
KI,17,readout_class,transition,luminescence->radio,11,0.10950358517100915,0.08821019516468849,0.08821019516468866,0.08821019516468866,1.6653345369377348e-16,0.19445381603777884,0.19771378033569764,0.1977137803356978
KI,17,readout_class,transition,not_extracted->absorbance_color,330,0.4517408357279402,0.2360087434827026,0.19606421776612698,0.21969232329555785,-0.03994452571657561,0.47755720798985224,0.2959554401411795,0.3661080518379988
KI,17,readout_class,transition,not_extracted->binding,359,0.047109304901097396,0.04789755819324432,0.07817718077578867,0.04799295337256062,0.030279622582544345,-0.01673243308942487,0.00467176911094254,0.048122921544294796
KI,17,readout_class,transition,not_extracted->enzyme_activity,869,0.2416773851306239,0.15483403183080913,0.16916170028321778,0.15029131863947282,0.014327668452408654,0.3593358693982762,0.10948560098084549,0.1941251961705608
KI,17,readout_class,transition,not_extracted->fluorescence,33,0.8302519358928312,0.3928964411474487,0.14556250243845992,0.3928970488570996,-0.2473339387089888,0.5267744353707069,0.49390554856145685,0.7955189638556095
KI,17,readout_class,transition,not_extracted->not_extracted,18458,0.21137449476779344,0.12788519596746606,0.1446500916582926,0.12671054440923796,0.016764895690826537,0.3949828426180036,0.13553841956165194,0.16964317718624772
KI,17,readout_class,transition,not_extracted->radio,82,0.44295301236619794,0.21421757653554385,0.23344990419441652,0.21415118702188551,0.019232327658872672,0.5163875838856561,0.2862644355061715,0.3234763988101485
KI,17,readout_class,transition,radio->binding,220,1.0647361703167932,0.23444807652657934,0.25115678738748615,0.23449687569790298,0.016708710860906806,0.779806413022652,0.8535682331295796,0.886904845662086
KI,17,readout_class,transition,radio->enzyme_activity,47,0.03776861267560545,0.03778917671740052,0.037846344753566394,0.037790821840743415,5.716803616587218e-05,-0.000544474375368234,0.0002811570170416092,0.0005272956521621951
KI,17,readout_class,transition,radio->fluorescence,132,0.12956018989151144,0.12645002880706152,0.12837661029844194,0.12647284193131147,0.0019265814913804191,0.024005530456957844,0.03783831867859322,0.04720059025269936
KI,17,readout_class,transition,radio->htrf_alphascreen,2,0.7508447231051996,0.5968272763532321,0.5968272763532321,0.5968272763532321,0.0,0.20512556326561326,0.1540174467519675,0.1540174467519675
KI,17,readout_class,transition,radio->luminescence,11,0.10950358517100915,0.05217920439736933,0.05217920439736949,0.05217920439736949,1.5959455978986625e-16,0.5234931868588384,0.16168278956837848,0.16168278956837864
KI,17,readout_class,transition,radio->not_extracted,82,0.44295301236619794,0.2348871123890643,0.2541036238649204,0.23482021720703247,0.019216511475856124,0.4697245400040795,0.2811021169248289,0.3183366738977797
KI,17,readout_class,transition,radio->radio,6732,0.1938601379945213,0.12881156811665537,0.13139818962148486,0.12878226842578938,0.002586621504829495,0.33554381293024904,0.1234688312376325,0.14293657077693925
KI,23,assay_type_class,same_vs_different,different,2400,0.12205212135409535,0.10313419928792515,0.1025847560278563,0.10504974679468933,-0.000549443260068852,0.15499871576411092,0.03503220566536434,0.0366896993602738
KI,23,assay_type_class,same_vs_different,same,48978,0.2402006018847343,0.1716941150927362,0.17427736733723104,0.1792741392697157,0.002583252244494849,0.2852053086231337,0.1509204569256213,0.15595708790622617
KI,23,assay_type_class,transition,adme->adme,46,0.10305062920793795,0.04682075154854386,0.04651019650624194,0.048235502296808154,-0.000310555042301916,0.5456529289688483,0.08318177670974494,0.08369783059539637
KI,23,assay_type_class,transition,adme->binding,1078,0.08725986231076426,0.08879476222372909,0.08824520856343002,0.09015739814993189,-0.0005495536602990736,-0.017589987794141775,0.003930461781135399,0.002675276979486805
KI,23,assay_type_class,transition,binding->adme,1078,0.08725986231076426,0.08873203822171058,0.08817848090170821,0.09011291304211734,-0.000553557320002368,-0.016871169309245163,0.003993185783153899,0.0027420046412086198
KI,23,assay_type_class,transition,binding->binding,48914,0.24019151916310325,0.17181161585809196,0.17439903972562765,0.17939507795069906,0.0025874238675356875,0.28468908287547645,0.15081465026081992,0.1558572355812149
KI,23,assay_type_class,transition,binding->functional,122,0.42947880372057806,0.2316427496799826,0.23173926142026752,0.23668785742328693,9.651174028491027e-05,0.4606421837975245,0.3138672977285428,0.33915567231063826
KI,23,assay_type_class,transition,functional->binding,122,0.42947880372057806,0.2285882946711357,0.22743022401773338,0.23698424784085498,-0.0011580706534023155,0.4677541878880317,0.30527697704662543,0.334741449636472
KI,23,assay_type_class,transition,functional->functional,18,0.6153767679398428,0.17151313100483564,0.17015551468119172,0.18550650922147538,-0.0013576163236439232,0.7212876079494729,0.6115541509270734,0.6119627802339589
KI,23,bao_format_first,same_vs_different,different,5274,0.2708359663095693,0.19872745456860685,0.2045493964325113,0.2207205338010009,0.005821941863904445,0.26624422421998933,0.17751694647345362,0.19057113339336001
KI,23,bao_format_first,same_vs_different,same,46104,0.2305457505648897,0.16503270544656037,0.1670823962156145,0.17066909791325935,0.002049690769054119,0.28416505165593997,0.14184528581465733,0.14578885503251823
KI,23,bao_format_first,transition,BAO_0000019->BAO_0000019,2194,0.1695402961863249,0.06722708031147329,0.06706426205841935,0.06883115687369314,-0.00016281825305393405,0.603474325433579,0.16900520507294536,0.17005113370506134
KI,23,bao_format_first,transition,BAO_0000019->BAO_0000219,293,0.22898353268763402,0.0751972769515158,0.06941041748248129,0.07554567924122181,-0.005786859469034511,0.6716039967201678,0.21711732322797914,0.23104137404204805
KI,23,bao_format_first,transition,BAO_0000019->BAO_0000221,39,0.31965278475992714,0.20076771764206494,0.19421577044856728,0.20147178497037832,-0.006551947193497665,0.3719193849887776,0.21172032709028968,0.2052010558716566
KI,23,bao_format_first,transition,BAO_0000019->BAO_0000249,139,0.6371838242784644,0.20324119326847387,0.2018613865233844,0.2087696951589615,-0.0013798067450894735,0.6810320891328016,0.48174059191100205,0.48115816020945984
KI,23,bao_format_first,transition,BAO_0000019->BAO_0000252,1,0.0,0.0,0.0,0.0,0.0,0.0,0.0,0.0
KI,23,bao_format_first,transition,BAO_0000019->BAO_0000357,1589,0.1670899663635569,0.19152541434658146,0.20847908846521157,0.2242897248032445,0.016953674118630108,-0.14624126460027842,0.13293812709441696,0.15491131614846906
KI,23,bao_format_first,transition,BAO_0000218->BAO_0000219,4,0.0,0.19548309561221133,0.3629552882148408,0.0,0.16747219260262947,-195483095612.21133,0.19548309561221133,0.3629552882148408
KI,23,bao_format_first,transition,BAO_0000219->BAO_0000019,293,0.22898353268763402,0.07893130075402623,0.0763508446416361,0.07954604997485605,-0.00258045611239012,0.6552970432956866,0.2307410927312574,0.24476885691740458
KI,23,bao_format_first,transition,BAO_0000219->BAO_0000218,4,0.0,0.19548309561221067,0.36295528821484013,0.0,0.16747219260262947,-195483095612.21066,0.19548309561221067,0.36295528821484013
KI,23,bao_format_first,transition,BAO_0000219->BAO_0000219,1346,0.357648688570874,0.2593028906378684,0.27034225440411624,0.25913312082561135,0.011039363766247867,0.27497877407571364,0.1820530255220874,0.205556791633678
KI,23,bao_format_first,transition,BAO_0000219->BAO_0000249,101,0.6075712379629823,0.6051353155817107,0.6047762422544108,0.6096317474397599,-0.00035907332729989694,0.004009278631158579,0.006203388713523869,0.008828507516685812
KI,23,bao_format_first,transition,BAO_0000219->BAO_0000357,333,0.4526286178811299,0.23257734218783413,0.24291957599706454,0.24567032305869752,0.010342233809230411,0.4861629755613155,0.2753294762617738,0.29724999320347867
KI,23,bao_format_first,transition,BAO_0000221->BAO_0000019,39,0.31965278475992714,0.19759068928894682,0.20134786410722041,0.202056856197824,0.00375717481827359,0.3818583828783289,0.2213351569531514,0.22541779878996315
KI,23,bao_format_first,transition,BAO_0000221->BAO_0000221,40,0.5993695674087688,0.23950484765669774,0.2380251737553749,0.24687598585838716,-0.0014796739013228366,0.6004053914646688,0.5165411102836786,0.5170083538315613
KI,23,bao_format_first,transition,BAO_0000221->BAO_0000249,33,0.3766643666408574,0.382714154142924,0.387931051973148,0.3766643666408574,0.005216897830223999,-0.0160614808244788,0.0060497875020665715,0.0112666853322905
KI,23,bao_format_first,transition,BAO_0000221->BAO_0000357,58,0.6436115985341027,0.06377207333556247,0.06484690721981039,0.06282201984032433,0.0010748338842479221,0.9009152826319313,0.5881103163216104,0.5893151460765379
KI,23,bao_format_first,transition,BAO_0000249->BAO_0000019,139,0.6371838242784644,0.2053138436691526,0.20400413888542565,0.21052292412177387,-0.0013097047837269393,0.6777792595384129,0.4785421573015745,0.47781704912002704
KI,23,bao_format_first,transition,BAO_0000249->BAO_0000219,101,0.6075712379629823,0.6050955082360465,0.6047343401357557,0.6096572132566715,-0.000361168100290854,0.0040747974430722,0.006163580627674457,0.008786603887448617
KI,23,bao_format_first,transition,BAO_0000249->BAO_0000221,33,0.3766643666408574,0.3827141541429241,0.387931051973148,0.3766643666408574,0.005216897830223888,-0.016061480824479096,0.006049787502066653,0.0112666853322905
KI,23,bao_format_first,transition,BAO_0000249->BAO_0000249,576,0.18280177426999025,0.18029290098507006,0.1825956334567169,0.1782788807616558,0.0023027324716468345,0.013724556530915815,0.037752088787899964,0.04048651138650615
KI,23,bao_format_first,transition,BAO_0000249->BAO_0000357,47,0.3981251009791076,0.3294982665308971,0.35573497198870435,0.36252206942197107,0.026236705457807263,0.17237505065477352,0.09448468603366723,0.1482787310352834
KI,23,bao_format_first,transition,BAO_0000252->BAO_0000019,1,0.0,0.0,0.0,0.0,0.0,0.0,0.0,0.0
KI,23,bao_format_first,transition,BAO_0000252->BAO_0000252,2,0.30102999566398125,0.30102999566398125,0.30102999566398125,0.30102999566398125,0.0,0.0,0.0,0.0
KI,23,bao_format_first,transition,BAO_0000357->BAO_0000019,1589,0.1670899663635569,0.17877465785752886,0.17632070480640002,0.21107136652311623,-0.002453953051128832,-0.06993053950677214,0.11276986823393272,0.11527182799112191
KI,23,bao_format_first,transition,BAO_0000357->BAO_0000219,333,0.4526286178811299,0.23351638743503017,0.24234384792351157,0.24663720801074068,0.008827460488481403,0.4840883271407363,0.2749158651020737,0.2968323366163335
KI,23,bao_format_first,transition,BAO_0000357->BAO_0000221,58,0.6436115985341027,0.05217873859384071,0.05328376236364012,0.051434288492125155,0.0011050237697994153,0.9189282189558367,0.6034653140424772,0.6054835920474487
KI,23,bao_format_first,transition,BAO_0000357->BAO_0000249,47,0.3981251009791076,0.33446573750940856,0.3609532436679315,0.3663470038749992,0.026487506158522967,0.15989788966619234,0.08951721505515613,0.1430604593560563
KI,23,bao_format_first,transition,BAO_0000357->BAO_0000357,41946,0.22995861523690675,0.16683638444765364,0.16871332136384795,0.17297367130683203,0.0018769369161943106,0.2744938724049267,0.14021330799988108,0.1437008815815452
KI,23,assay_organism_first,same_vs_different,same,51378,0.2346815790875539,0.16849150312007186,0.170928419010272,0.17580692486004493,0.0024369158902001475,0.282042059819225,0.14550701531589308,0.1503857980056795
KI,23,assay_organism_first,transition,Bacillus anthracis->Bacillus anthracis,4,0.58093345231201,0.32138086684814215,0.33508905548147494,0.2589324519629579,0.013708188633332785,0.44678540103155623,0.5791220975601878,0.5795740133678815
KI,23,assay_organism_first,transition,Bos taurus->Bos taurus,16,4.162626643910221,0.23304947848508123,0.12063460448974739,0.03783826967287826,-0.11241487399533384,0.9440138406777306,4.092121398482142,4.207147647657487
KI,23,assay_organism_first,transition,Cavia porcellus->Cavia porcellus,530,0.30809794328121537,0.29814451048059537,0.29885780858153554,0.29779805324064923,0.000713298100940174,0.032306067007837946,0.013125536381318012,0.014298070329102224
KI,23,assay_organism_first,transition,Electrophorus electricus->Electrophorus electricus,18,0.3831251401369919,0.25733634767268454,0.2627998826204903,0.2478409776667232,0.00546353494780577,0.3283229923761457,0.3794131434883581,0.38191073092742855
KI,23,assay_organism_first,transition,Equus caballus->Equus caballus,18,0.6946301956796641,0.18951981288275302,0.18926211418839833,0.19069377360147952,-0.0002576986943546855,0.7271644479875851,0.6789616439389627,0.6790285690633553
KI,23,assay_organism_first,transition,Homo sapiens->Homo sapiens,49518,0.23530113090569604,0.16911383604698352,0.17167111264792984,0.17663411397956055,0.0025572766009463177,0.2812876189925286,0.14672056946754033,0.1514195557510399
KI,23,assay_organism_first,transition,Human immunodeficiency virus 1->Human immunodeficiency virus 1,138,0.22141527221999097,0.14988450844053627,0.1336673289802563,0.16501979078923004,-0.01621717946027998,0.32306156238574213,0.1476485081020282,0.17199904415257952
KI,23,assay_organism_first,transition,Methanosarcina thermophila->Methanosarcina thermophila,6,0.7113617357426527,0.41137079602550336,0.42891741765692304,0.3605605429351191,0.01754662163141968,0.42171362985101046,0.6000341447086202,0.6162157185813869
KI,23,assay_organism_first,transition,Mus musculus->Mus musculus,94,0.15032147453274408,0.09856886335039902,0.11162913543123937,0.1274747293747501,0.013060272080840346,0.3442795604767165,0.17783653832921248,0.2341992977317158
KI,23,assay_organism_first,transition,Mycobacterium tuberculosis->Mycobacterium tuberculosis,32,0.09998852664890501,0.1130908463332079,0.1322949783295379,0.11554397595501455,0.019204131996330004,-0.13103823131937686,0.06408945634933352,0.08301953674205437
KI,23,assay_organism_first,transition,Oryctolagus cuniculus->Oryctolagus cuniculus,8,0.0,0.09637729763585101,0.16206458070531515,0.028731040854582224,0.06568728306946414,-96377297635.85101,0.09637729763585101,0.16206458070531515
KI,23,assay_organism_first,transition,Plasmodium falciparum->Plasmodium falciparum,2,0.0,0.0,0.0,0.0,0.0,0.0,0.0,0.0
KI,23,assay_organism_first,transition,Rattus norvegicus->Rattus norvegicus,960,0.10627801705027036,0.07772868981325488,0.07726061507513919,0.0809674741309764,-0.00046807473811569245,0.26862871579088093,0.07617822954384858,0.08193031074924483
KI,23,assay_organism_first,transition,Severe acute respiratory syndrome coronavirus 2->Severe acute respiratory syndrome coronavirus 2,2,0.01563913430717534,0.008088412233874465,0.02927104708495243,0.01563913430717534,0.021182634851077964,0.48280946534467406,0.023727546541049804,0.04491018139212777
KI,23,assay_organism_first,transition,Staphylococcus aureus->Staphylococcus aureus,6,0.0,0.009965459304650834,0.01274471179762049,0.011060936169856225,0.002779252492969656,-9965459304.650833,0.009965459304650834,0.01274471179762049
KI,23,assay_organism_first,transition,Stylophora pistillata->Stylophora pistillata,14,0.0,2.6645352591003757e-15,2.6645352591003757e-15,1.9032394707859826e-15,0.0,-0.0026645352591003757,2.6645352591003757e-15,2.6645352591003757e-15
KI,23,assay_organism_first,transition,Trypanosoma cruzi->Trypanosoma cruzi,12,0.0,1.4802973661668753e-16,0.0,0.0,-1.4802973661668753e-16,-0.00014802973661668753,1.4802973661668753e-16,0.0
KI,23,context_class,same_vs_different,different,1850,0.4256118838302408,0.19855167114289857,0.2036411445911392,0.20216193340097013,0.005089473448240622,0.533491242405974,0.2766644065039393,0.2932353985154326
KI,23,context_class,same_vs_different,same,49528,0.22754983413976737,0.16736867742870068,0.16970651337457895,0.17482249654069604,0.002337835945878275,0.26447462349764567,0.14060794461451437,0.1450499927855405
KI,23,context_class,transition,cell_based->cell_based,1242,0.40551763976511074,0.31693599114526827,0.3286821697907313,0.3196339146756881,0.011746178645463012,0.21844092570461768,0.15380906301240205,0.1779255565891146
KI,23,context_class,transition,cell_based->organism_only,683,0.4484095920015186,0.19857933656191118,0.20668730523027917,0.20244225153475542,0.008107968668367993,0.5571474381813878,0.3126697592083977,0.33457147038762164
KI,23,context_class,transition,organism_only->cell_based,683,0.4484095920015186,0.19658152299685439,0.2027595269203024,0.2004188900280494,0.006178003923448028,0.5616027700937569,0.3089701787903125,0.33124731894365295
KI,23,context_class,transition,organism_only->organism_only,48032,0.22202385436894928,0.16264684198362647,0.1647366938118031,0.1702766070342828,0.0020898518281766143,0.2674352832675932,0.14044914397489502,0.14438656897355973
KI,23,context_class,transition,organism_only->subcellular_fraction,11,0.13388039067528917,0.13311429970167757,0.13386310227497378,0.13384998981997917,0.0007488025732962089,0.005722204497219214,0.0022980592507941015,0.0016280453765529627
KI,23,context_class,transition,organism_only->tissue_based,227,0.37382225395773594,0.20213475293805624,0.2004325366927191,0.2050721217376861,-0.0017022162453371459,0.4592757632858598,0.19317149322688118,0.19349057840843514
KI,23,context_class,transition,subcellular_fraction->organism_only,11,0.13388039067528917,0.13310980343981882,0.13385825242665714,0.13384624433111886,0.0007484489868383182,0.005755788667657249,0.0023010039459350003,0.001630903292458105
KI,23,context_class,transition,subcellular_fraction->subcellular_fraction,4,0.0,0.00013774751296846688,8.881784197001252e-16,4.440892098500626e-16,-0.0001377475129675787,-137747512.96846688,0.00013774751296846688,8.881784197001252e-16
KI,23,context_class,transition,subcellular_fraction->tissue_based,4,0.27422631502531525,0.27244653225539395,0.27422631502531525,0.26433863297019666,0.001779782769921301,0.006490196864429294,0.001779782769921301,0.0
KI,23,context_class,transition,tissue_based->organism_only,227,0.37382225395773594,0.20455109350743178,0.20461233428895412,0.20808228119172104,6.124078152233703e-05,0.4528118876235812,0.19090007691340685,0.1928327947410392
KI,23,context_class,transition,tissue_based->subcellular_fraction,4,0.27422631502531525,0.2724465322553944,0.27422631502531525,0.2643386329701971,0.0017797827699208568,0.0064901968644276746,0.001779782769921745,0.0
KI,23,context_class,transition,tissue_based->tissue_based,250,0.4087420145470354,0.3341907581546652,0.33747224947013565,0.33158919027887396,0.003281491315470453,0.1823919581034196,0.10778236085622098,0.11150728184219925
KI,23,readout_class,same_vs_different,different,8006,0.4113772950826344,0.30821136066046984,0.3096604588423939,0.3062869234800077,0.001449098181924069,0.250781789990236,0.15129553436036391,0.15983400386368035
KI,23,readout_class,same_vs_different,same,43372,0.2020654695639762,0.14270073535588237,0.1453199916632286,0.15172173466933614,0.0026192563073462183,0.29378960361804063,0.14443851758763449,0.148641761851037
KI,23,readout_class,transition,absorbance_color->absorbance_color,632,0.06035726438665507,0.05640426307669433,0.055611873157961685,0.05599886098755527,-0.000792389918732643,0.06549338095638985,0.005474707775427558,0.00574247199713781
KI,23,readout_class,transition,absorbance_color->binding,28,0.7202450840352724,0.7305140605392216,0.7274993431628938,0.7320534372953146,-0.003014717376327858,-0.01425761415324884,0.013159051903532695,0.009886897079431562
KI,23,readout_class,transition,absorbance_color->enzyme_activity,53,0.7236139226041407,0.686328758656652,0.6856895661343075,0.6786570680231743,-0.0006391925223444561,0.0515263219553694,0.08545251016153177,0.09235949691100431
KI,23,readout_class,transition,absorbance_color->fluorescence,10,0.0,4.86410352677602e-05,1.0658141036401502e-15,8.881784197001252e-16,-4.864103526669439e-05,-48641035.2677602,4.86410352677602e-05,1.0658141036401502e-15
KI,23,readout_class,transition,absorbance_color->not_extracted,1237,0.6633104533815045,0.5695924822447633,0.5710313477283513,0.5642930346443605,0.0014388654835879588,0.14128824694224904,0.1350436859884427,0.14355045938084826
KI,23,readout_class,transition,binding->absorbance_color,28,0.7202450840352724,0.7329038203152647,0.7299961071080133,0.7339557336344534,-0.002907713207251361,-0.01757559553071843,0.015548811679575605,0.01238366102455113
KI,23,readout_class,transition,binding->binding,170,0.9959814765412547,0.20185459598160746,0.1952834596918933,0.22322595264998799,-0.006571136289714147,0.7973309737821751,0.9176906013971262,0.9236728123598761
KI,23,readout_class,transition,binding->enzyme_activity,36,0.2723094744505688,0.26042174020969117,0.2603111882493139,0.25727586060700486,-0.00011055196037729198,0.043655235517835664,0.05286065625316919,0.05254987516674619
KI,23,readout_class,transition,binding->not_extracted,727,0.07702504200692309,0.0737440040460517,0.07146831909895517,0.08093127307556723,-0.00227568494709654,0.04259702916587153,0.018869906679057045,0.01917863290199059
KI,23,readout_class,transition,binding->radio,193,1.1593678953529756,0.2503677485144825,0.25178272872257473,0.25892591737750054,0.0014149802080922202,0.7840480579822708,0.9504633697102773,0.9635927720324315
KI,23,readout_class,transition,enzyme_activity->absorbance_color,53,0.7236139226041407,0.6789253303770424,0.6768183943331657,0.6775861872596242,-0.0021069360438766838,0.061757507465131506,0.0670064617729044,0.07213414132706236
KI,23,readout_class,transition,enzyme_activity->binding,36,0.2723094744505688,0.2606230018487825,0.2604622370208837,0.25770586975369436,-0.000160764827898785,0.042916143940146624,0.017151671047820116,0.015317757891026752
KI,23,readout_class,transition,enzyme_activity->enzyme_activity,116,0.4538965325433003,0.3546942088525183,0.3586233578205185,0.3402445569783417,0.003929148968000229,0.21855713048726239,0.3141964536693685,0.3225903500116522
KI,23,readout_class,transition,enzyme_activity->fluorescence,7,0.24974114671517153,0.2523935520790398,0.22163229468786216,0.2811832926647364,-0.030761257391177632,-0.010620618183087467,0.0751903164402874,0.11216528197712743
KI,23,readout_class,transition,enzyme_activity->not_extracted,1410,0.2685960991577522,0.21600602920433065,0.2185080195449718,0.21192708902086033,0.002501990340641136,0.19579610470267575,0.10863997293791346,0.11805603424043148
KI,23,readout_class,transition,enzyme_activity->radio,50,0.011579893745185395,0.011689550705230723,0.011693672492104028,0.011670773676144285,4.121786873305389e-06,-0.009469599847660087,0.00022313110342643937,0.0002291881329841061
KI,23,readout_class,transition,fluorescence->absorbance_color,10,0.0,4.8641035268026656e-05,1.0658141036401502e-15,8.881784197001252e-16,-4.8641035266960844e-05,-48641035.26802666,4.8641035268026656e-05,1.0658141036401502e-15
KI,23,readout_class,transition,fluorescence->enzyme_activity,7,0.24974114671517153,0.24109653447100804,0.20877698224231128,0.2769851737609582,-0.03231955222869676,0.034614289066361284,0.06389329883225565,0.09930996953157654
KI,23,readout_class,transition,fluorescence->fluorescence,1122,0.1738657792697178,0.09814679867426923,0.0967130575241573,0.1039733535359964,-0.0014337411501119252,0.4355024945879994,0.15787595953147948,0.1623183219720265
KI,23,readout_class,transition,fluorescence->htrf_alphascreen,3,3.7871061750685953,0.5303772208194518,0.529026808987401,0.5365290969432408,-0.0013504118320508685,0.8599518481126701,3.256728954249143,3.258079366081194
KI,23,readout_class,transition,fluorescence->luminescence,3,0.7015374101603126,0.37043675255776876,0.3688502038067985,0.3776643635344105,-0.0015865487509702514,0.4719643639914826,0.5017149071367001,0.5005835969154164
KI,23,readout_class,transition,fluorescence->not_extracted,19,0.4216249644069149,0.16342607485763178,0.13960057947409613,0.18021408421304405,-0.02382549538353565,0.6123899468630433,0.38603159910603585,0.45969229906599196
KI,23,readout_class,transition,fluorescence->radio,108,0.09589666971638078,0.07539932358995519,0.06930033442138596,0.07766520965056783,-0.006098989168569227,0.21374408712051757,0.1045331872464163,0.1197812015129818
KI,23,readout_class,transition,htrf_alphascreen->fluorescence,3,3.7871061750685953,0.30881270612634043,0.30687060149191164,0.3176600716831836,-0.0019421046344287873,0.9184568132366273,3.556740481933003,3.573008594036626
KI,23,readout_class,transition,htrf_alphascreen->luminescence,10,1.1239018400615788,0.24696003087139945,0.2805723456050987,0.25127358213806633,0.033612314733699244,0.7802654804285502,1.0564665135972975,1.0815745264300118
KI,23,readout_class,transition,htrf_alphascreen->radio,1,0.6777807052660805,0.17225960048556033,0.163487819939224,0.21221993408553708,-0.008771780546336316,0.7458475888334187,0.5055211047805201,0.5142928853268565
KI,23,readout_class,transition,luminescence->fluorescence,3,0.7015374101603126,0.3606748918857254,0.35860294674774806,0.370113753069847,-0.0020719451379773157,0.4858793178209764,0.6298552691399438,0.6350955791287657
KI,23,readout_class,transition,luminescence->htrf_alphascreen,10,1.1239018400615788,0.23915091244295966,0.22224602390852866,0.22404307050955383,-0.016904888534431006,0.7872137014831683,0.9776483774857437,0.9962801119096308
KI,23,readout_class,transition,luminescence->luminescence,100,0.0,1.0658141036401502e-15,1.1901590823981679e-15,7.638334409421077e-16,1.2434497875801764e-16,-0.0010658141036401503,1.0658141036401502e-15,1.1901590823981679e-15
KI,23,readout_class,transition,luminescence->not_extracted,2,0.0023224525228817683,0.0030069085202457657,0.0035704389122566127,0.0023224525228817683,0.000563530392010847,-0.294712589652728,0.0006844559973639974,0.0012479863893748444
KI,23,readout_class,transition,luminescence->radio,12,0.25955897577507203,0.09591194961362264,0.09571973545486563,0.09659807254636939,-0.00019221415875700365,0.6304810907531945,0.2472391544697349,0.2471049445869641
KI,23,readout_class,transition,not_extracted->absorbance_color,1237,0.6633104533815045,0.5699463902515088,0.5722775158015665,0.5654283263510923,0.0023311255500576555,0.14075469888049108,0.13266600984100765,0.1417188716025443
KI,23,readout_class,transition,not_extracted->binding,727,0.07702504200692309,0.07538990246654129,0.07252083617664963,0.08245059333017493,-0.002869066289891656,0.021228674438565506,0.020383543531341114,0.020606092524017672
KI,23,readout_class,transition,not_extracted->enzyme_activity,1410,0.2685960991577522,0.2228190786344094,0.22733861155164486,0.21584622256227767,0.004519532917235475,0.17043069749295567,0.12009222166671432,0.13119385844746873
KI,23,readout_class,transition,not_extracted->fluorescence,19,0.4216249644069149,0.16210126254332946,0.13893435288417913,0.17646263114996352,-0.02316690965915033,0.6155321050039064,0.36379584926869907,0.4365805334750415
KI,23,readout_class,transition,not_extracted->luminescence,2,0.0023224525228817683,0.0030069085202457657,0.0035704389122566127,0.0023224525228817683,0.000563530392010847,-0.294712589652728,0.0006844559973639974,0.0012479863893748444
KI,23,readout_class,transition,not_extracted->not_extracted,34204,0.19411986936653758,0.1435011025872355,0.14622481156705028,0.15447242203567177,0.0027237089798147762,0.26076035876432413,0.13906787879040983,0.14261643936773527
KI,23,readout_class,transition,not_extracted->radio,94,0.5344047984443359,0.3166587959056535,0.3273610103644667,0.3055539201718545,0.010702214458813197,0.407455178494927,0.3296935069799844,0.3609352287944227
KI,23,readout_class,transition,radio->binding,193,1.1593678953529756,0.2504766984835865,0.25290903154359856,0.2586589187440651,0.0024323330600120596,0.7839540843872277,0.9530841973218406,0.9671871619758247
KI,23,readout_class,transition,radio->enzyme_activity,50,0.011579893745185395,0.011654998290793745,0.01165706066223704,0.01164560304311074,2.0623714432951162e-06,-0.00648577156759975,0.0002571374558663031,0.0002652213541124304
KI,23,readout_class,transition,radio->fluorescence,108,0.09589666971638078,0.09697115518114773,0.09856767077041823,0.10172981425493302,0.0015965155892705002,-0.011204617094053338,0.08499345383101498,0.09216841371522927
KI,23,readout_class,transition,radio->htrf_alphascreen,1,0.6777807052660805,0.3099759799287476,0.30707835774728665,0.323176258755403,-0.002897622181460946,0.5426603656310068,0.3678047253373329,0.37070234751879383
KI,23,readout_class,transition,radio->luminescence,12,0.25955897577507203,0.06776887459284886,0.06619502869490386,0.07516994350558082,-0.0015738458979450004,0.7389076051387418,0.24915512504968618,0.2492150636235503
KI,23,readout_class,transition,radio->not_extracted,94,0.5344047984443359,0.3275747197174484,0.3388111775878956,0.31122209884453433,0.011236457870447192,0.3870288577665739,0.3464022235738969,0.3732356579892438
KI,23,readout_class,transition,radio->radio,7028,0.23749508962659313,0.15077925000579984,0.15408195383401022,0.15188306622066314,0.0033027038282103793,0.3651268738108825,0.1614767538264307,0.16912955956343556
KI,29,assay_type_class,same_vs_different,different,358,0.3552918422820778,0.23105676097561886,0.22413609308467294,0.21469039263431103,-0.00692066789094592,0.34967051455075243,0.2251377478720897,0.23411391261840975
KI,29,assay_type_class,same_vs_different,same,27094,0.37224595680086214,0.19719201704449602,0.21263246468227093,0.1956755789616559,0.015440447637774912,0.47026418033067724,0.2721107435598271,0.29516051563751833
KI,29,assay_type_class,transition,adme->adme,10,0.4215336227922627,0.2546464457896291,0.2496923903153335,0.2496923903153335,-0.004954055474295588,0.39590478191790124,0.3991077552327579,0.4087940196316226
KI,29,assay_type_class,transition,adme->binding,45,0.12800203614586272,0.10488734988697665,0.10158659933408816,0.09500200139370765,-0.00330075055288849,0.1805806138313776,0.0692346616419723,0.06313891918337193
KI,29,assay_type_class,transition,binding->adme,45,0.12800203614586272,0.10880764379051361,0.1015408158913148,0.09496454221325669,-0.007266827899198802,0.1499538049025755,0.07314697237073743,0.06308238163882428
KI,29,assay_type_class,transition,binding->binding,27050,0.3718922139880971,0.19717281621793734,0.21261036778997514,0.19562348950761219,0.0154375515720378,0.46981192721542664,0.2715594638955014,0.29463783446070946
KI,29,assay_type_class,transition,binding->functional,134,0.4316205085218516,0.27131249216445824,0.2712635690395999,0.2613016869433793,-4.8923124858324396e-05,0.3714096369201545,0.28012546123051807,0.2919930285702636
KI,29,assay_type_class,transition,functional->binding,134,0.4316205085218516,0.274225162416023,0.25933335364077154,0.2484794033608741,-0.01489180877525148,0.3646614166802506,0.27354722688616984,0.2910877339699742
KI,29,assay_type_class,transition,functional->functional,34,0.6391832046061857,0.19556960736687776,0.2193125141019669,0.2212300383248001,0.023742906735089137,0.6940319990301179,0.6733502965974987,0.6775778918945589
KI,29,bao_format_first,same_vs_different,different,3252,0.397256444872133,0.21684964321864914,0.22094321472490702,0.21989693125109794,0.004093571506257887,0.45413184350363994,0.26137111285740156,0.2584296780774271
KI,29,bao_format_first,same_vs_different,same,24200,0.36863423447832094,0.1950513963010661,0.21168584236117208,0.19270200316205033,0.016634446060105973,0.4708809490331346,0.27285904713784687,0.2991933255492777
KI,29,bao_format_first,transition,BAO_0000019->BAO_0000019,2316,0.1854326201019176,0.07538305535356012,0.07368311521505491,0.0732007188702656,-0.0016999401385052043,0.5934746793086997,0.17948694982865404,0.17731340182423921
KI,29,bao_format_first,transition,BAO_0000019->BAO_0000219,286,0.20302883033710026,0.1016909394460964,0.10529319988393765,0.1016917972818808,0.0036022604378412454,0.49913054575917526,0.16471104552966956,0.17199528051792995
KI,29,bao_format_first,transition,BAO_0000019->BAO_0000221,31,0.5689061818890034,0.3587602650586866,0.36961642471574363,0.37160241782043263,0.010856159657057052,0.3693858908907364,0.3540581540407131,0.3577528409955845
KI,29,bao_format_first,transition,BAO_0000019->BAO_0000249,111,0.5177690003336407,0.1874197365995171,0.18760486758393638,0.19921505179558627,0.0001851309844192739,0.6380244153691177,0.36063791424383684,0.3648263067806759
KI,29,bao_format_first,transition,BAO_0000019->BAO_0000252,4,0.0,0.0014749203651496234,0.0,0.009218252282184869,-0.0014749203651496234,-1474920365.1496234,0.0014749203651496234,0.0
KI,29,bao_format_first,transition,BAO_0000019->BAO_0000357,613,0.36813876811099094,0.27807817145559,0.26671072241210053,0.28370057989311376,-0.011367449043489464,0.2446376324816961,0.24207300674627158,0.21995842523718645
KI,29,bao_format_first,transition,BAO_0000218->BAO_0000219,1,0.0,3.327819057119541e-05,0.0,0.0002079886910664186,-3.327819057119541e-05,-33278190.57119541,3.327819057119541e-05,0.0
KI,29,bao_format_first,transition,BAO_0000218->BAO_0000249,1,0.0,3.516184430640834e-05,0.0,0.00021976152691749462,-3.516184430640834e-05,-35161844.30640834,3.516184430640834e-05,0.0
KI,29,bao_format_first,transition,BAO_0000219->BAO_0000019,286,0.20302883033710026,0.0996523248667091,0.10389871536651452,0.099750868985987,0.004246390499805422,0.5091715560728459,0.16719057480270974,0.17374278216142114
KI,29,bao_format_first,transition,BAO_0000219->BAO_0000218,1,0.0,3.327819057030723e-05,0.0,0.00020798869106730677,-3.327819057030723e-05,-33278190.570307232,3.327819057030723e-05,0.0
KI,29,bao_format_first,transition,BAO_0000219->BAO_0000219,1292,0.37753964014959346,0.2532628452330893,0.252769651543478,0.24955778198777817,-0.0004931936896112599,0.3291754870224003,0.20835591054939673,0.21526208183320691
KI,29,bao_format_first,transition,BAO_0000219->BAO_0000249,76,0.2864518844949888,0.3014631529789779,0.29453292830612743,0.29063308284459133,-0.006930224672850482,-0.052404153355296565,0.0464801523920826,0.03637091079804616
KI,29,bao_format_first,transition,BAO_0000219->BAO_0000357,354,0.5341467147372831,0.20759848053493277,0.21263662322031568,0.21248650231475866,0.0050381426853829125,0.6113455820147862,0.38528615142377287,0.38660338657107496
KI,29,bao_format_first,transition,BAO_0000221->BAO_0000019,31,0.5689061818890034,0.3368491713365361,0.3415688100575967,0.35257024298567974,0.004719638721060626,0.4079003145684623,0.3552837023271524,0.3672135162963364
KI,29,bao_format_first,transition,BAO_0000221->BAO_0000221,20,0.907404890802901,0.5539823820542088,0.5416505245848511,0.5416129107940253,-0.012331857469357721,0.38948711025347527,0.49963104582397316,0.522566295497626
KI,29,bao_format_first,transition,BAO_0000221->BAO_0000249,45,0.4683280056652693,0.3843893994538604,0.3898812035599233,0.39956173925345717,0.00549180410606287,0.17923037955454404,0.0872903016665108,0.07989104921169443
KI,29,bao_format_first,transition,BAO_0000221->BAO_0000357,55,0.7465581848768852,0.03438433443736067,0.03656311657566496,0.036583347853561335,0.002178782138304289,0.9539428605380156,0.718419783734372,0.7171731198895426
KI,29,bao_format_first,transition,BAO_0000249->BAO_0000019,111,0.5177690003336407,0.18537119120532736,0.18401297220394164,0.19542861535632872,-0.0013582190013857187,0.6419809005833149,0.3714900896577042,0.3850414742056102
KI,29,bao_format_first,transition,BAO_0000249->BAO_0000218,1,0.0,3.516184430640834e-05,0.0,0.00021976152691660644,-3.516184430640834e-05,-35161844.30640834,3.516184430640834e-05,0.0
KI,29,bao_format_first,transition,BAO_0000249->BAO_0000219,76,0.2864518844949888,0.29366362178061844,0.29315269134540145,0.28960369815951176,-0.0005109304352169941,-0.02517608602346545,0.03868060734285617,0.03499066718146784
KI,29,bao_format_first,transition,BAO_0000249->BAO_0000221,45,0.4683280056652693,0.39129197604013716,0.3898812035599233,0.399561739253457,-0.0014107724802138732,0.164491614196125,0.08044304355813442,0.07989104921169443
KI,29,bao_format_first,transition,BAO_0000249->BAO_0000249,528,0.14532322292861116,0.14187897205674138,0.14017982404788026,0.14024784042531308,-0.0016991480088611177,0.02370062267034733,0.055357315034629824,0.05820637838696512
KI,29,bao_format_first,transition,BAO_0000249->BAO_0000357,49,0.2877852591074252,0.25761202527049504,0.2515625582032782,0.27121068401994913,-0.006049467067216818,0.10484634942913118,0.0775844424032465,0.07772447544730711
KI,29,bao_format_first,transition,BAO_0000252->BAO_0000019,4,0.0,0.0014749203651494014,0.0,0.009218252282184869,-0.0014749203651494014,-1474920365.1494014,0.0014749203651494014,0.0
KI,29,bao_format_first,transition,BAO_0000252->BAO_0000252,2,0.0,0.0739984672011551,0.07525749891599531,0.04192916944929159,0.0012590317148402086,-73998467201.1551,0.0739984672011551,0.07525749891599531
KI,29,bao_format_first,transition,BAO_0000357->BAO_0000019,613,0.36813876811099094,0.2559018101379448,0.28087126367491494,0.2533048767777019,0.024969453536970165,0.304876768477716,0.210677304214339,0.2076813018426951
KI,29,bao_format_first,transition,BAO_0000357->BAO_0000219,354,0.5341467147372831,0.21125081345735341,0.2152863634751,0.21552408471962387,0.004035550017746581,0.6045078858881386,0.38741003148790915,0.3884407108870372
KI,29,bao_format_first,transition,BAO_0000357->BAO_0000221,55,0.7465581848768852,0.03169715054674461,0.030644335457000065,0.03066850410571028,-0.0010528150897445437,0.9575422904887557,0.7210790131776196,0.7230377969724913
KI,29,bao_format_first,transition,BAO_0000357->BAO_0000249,49,0.2877852591074252,0.25836934519507265,0.2541477273501249,0.27379585316679583,-0.004221617844947734,0.10221480420361662,0.07597090247491145,0.0751103905307487
KI,29,bao_format_first,transition,BAO_0000357->BAO_0000357,20042,0.39461264103501076,0.2061820824480769,0.2265527605988081,0.20389481992767836,0.02037067815073121,0.47750765939151946,0.29333060813859624,0.32483620503158245
KI,29,assay_organism_first,same_vs_different,same,27452,0.37202485913957245,0.19763364528022898,0.21278248285828943,0.19592355008561085,0.015148837578060459,0.46876226030346313,0.27149817134446175,0.2943644102943433
KI,29,assay_organism_first,transition,Bacillus anthracis->Bacillus anthracis,4,0.7140498908880937,0.35387087600445,0.37671233485335054,0.37671233485335054,0.022841458848900542,0.5044171555515176,0.4851189533345579,0.5425161314469953
KI,29,assay_organism_first,transition,Bos taurus->Bos taurus,36,3.0161876737715128,0.022713462443775034,0.022049982257020546,0.025010275995983672,-0.0006634801867544879,0.9924694797206124,3.004967961987846,3.004317411329305
KI,29,assay_organism_first,transition,Cavia porcellus->Cavia porcellus,458,0.3044392523858261,0.23130197171485403,0.2263671327486111,0.22960540219652878,-0.004934838966242944,0.24023604084496541,0.11128830970550056,0.10972333509869951
KI,29,assay_organism_first,transition,Electrophorus electricus->Electrophorus electricus,14,0.5384023079226717,0.21097427251012624,0.2017969075709584,0.2017969075709584,-0.009177364939167848,0.6081475331631983,0.41214660541304715,0.4378965340005612
KI,29,assay_organism_first,transition,Equus caballus->Equus caballus,28,0.6558448356995557,0.1977237774316551,0.2355295565529692,0.23273990434225497,0.03780577912131411,0.6985204934628274,0.6704361235855597,0.6762837153567505
KI,29,assay_organism_first,transition,Homo sapiens->Homo sapiens,25596,0.37976891494220477,0.20062532095244914,0.21719803048185574,0.1990237835664491,0.016572709529406593,0.47171737059369023,0.27893780157295933,0.30343032276336973
KI,29,assay_organism_first,transition,Human immunodeficiency virus 1->Human immunodeficiency virus 1,242,0.10227116106391747,0.13393094429394523,0.1185090355817826,0.10040411580627019,-0.015421908712162619,-0.30956706563877784,0.14452869190584453,0.12405765205181223
KI,29,assay_organism_first,transition,Methanosarcina thermophila->Methanosarcina thermophila,8,0.955633730893811,0.6343395520499178,0.39306738465512203,0.39306738465512203,-0.24127216739479573,0.33621058827986794,0.3283572409106319,0.5707969476236043
KI,29,assay_organism_first,transition,Mus musculus->Mus musculus,90,0.24779742350831108,0.12845939151498592,0.12822232300370257,0.13666699055765139,-0.00023706851128335593,0.4815951284066623,0.16670680308177982,0.16873911052365495
KI,29,assay_organism_first,transition,Mycobacterium tuberculosis->Mycobacterium tuberculosis,18,0.4460402967690229,0.43485630012391147,0.4354695718825292,0.4306559336420601,0.0006132717586177505,0.025073960191769284,0.023597743683191466,0.023339647795757628
KI,29,assay_organism_first,transition,Oryctolagus cuniculus->Oryctolagus cuniculus,4,0.1874081049124503,0.21411172475335194,0.20958858902354827,0.21284084369652634,-0.004523135729803673,-0.14248914076249006,0.026703619840901638,0.03433806659641858
KI,29,assay_organism_first,transition,Rattus norvegicus->Rattus norvegicus,920,0.16003100867444903,0.12071522548503173,0.1192196625878838,0.12417620696482118,-0.0014955628971479312,0.24567603188327936,0.08120240320541065,0.08512137215531541
KI,29,assay_organism_first,transition,Staphylococcus aureus->Staphylococcus aureus,2,0.0,3.552713678800501e-15,5.329070518200751e-15,3.552713678800501e-15,1.7763568394002505e-15,-0.003552713678800501,3.552713678800501e-15,5.329070518200751e-15
KI,29,assay_organism_first,transition,Stylophora pistillata->Stylophora pistillata,16,0.0,5.551115123125783e-16,1.3322676295501878e-15,1.3322676295501878e-15,7.771561172376096e-16,-0.0005551115123125783,5.551115123125783e-16,1.3322676295501878e-15
KI,29,assay_organism_first,transition,Toxoplasma gondii->Toxoplasma gondii,6,0.7974200723294574,0.7974200723294574,0.7974200723294574,0.7974200723294574,0.0,0.0,0.0,0.0
KI,29,assay_organism_first,transition,Trypanosoma cruzi->Trypanosoma cruzi,10,0.0,5.329070518200751e-16,1.4210854715202005e-15,1.4210854715202005e-15,8.881784197001252e-16,-0.0005329070518200751,5.329070518200751e-16,1.4210854715202005e-15
KI,29,context_class,same_vs_different,different,1830,0.417481335263875,0.18428962761123657,0.1873841618465688,0.18690777151931875,0.003094534235332236,0.5585679836566736,0.292656725345729,0.29473165084639685
KI,29,context_class,same_vs_different,same,25622,0.36877822143340305,0.19858671499899627,0.2145965070348349,0.19656748400085222,0.016009792035838633,0.4615009687201426,0.2699869640295636,0.2943381808739133
KI,29,context_class,transition,cell_based->cell_based,1170,0.3954678269098163,0.27011461808862824,0.26932219154267456,0.267913768690755,-0.0007924265459536839,0.31697448007514906,0.2092607286319325,0.21884278537095633
KI,29,context_class,transition,cell_based->organism_only,675,0.4189573224196734,0.18204548652759026,0.18657882599589692,0.1825477004789167,0.0045333394683066686,0.5654796400831643,0.30272489845134687,0.30522040276122914
KI,29,context_class,transition,organism_only->cell_based,675,0.4189573224196734,0.18404542748638375,0.18847405489010793,0.18537737599102674,0.0044286274037241835,0.5607060250828514,0.30327162868430924,0.3066877360854794
KI,29,context_class,transition,organism_only->organism_only,24228,0.3670089498139522,0.19387788094179761,0.21093726246772693,0.19183746095615084,0.017059381525929312,0.4717352777361966,0.2740637105154798,0.2993520606598159
KI,29,context_class,transition,organism_only->subcellular_fraction,11,0.2604625799493707,0.16620456348249998,0.164837775704775,0.20204834581774458,-0.001366787777724976,0.3618869800229761,0.09996162343853975,0.0959823648344751
KI,29,context_class,transition,organism_only->tissue_based,224,0.420494261695365,0.18775327294891037,0.18669446598507303,0.19276089237817626,-0.0010588069638373387,0.5534938522301839,0.2730226995345881,0.2737793818914828
KI,29,context_class,transition,subcellular_fraction->organism_only,11,0.2604625799493707,0.17408172890036108,0.1648316497475163,0.20204221986048587,-0.009250079152844787,0.3316439968681894,0.09208014938035512,0.09597932347189482
KI,29,context_class,transition,subcellular_fraction->subcellular_fraction,6,0.0,0.000496446860244267,1.4802973661668755e-15,0.0031027928765220794,-0.0004964468602427867,-496446860.244267,0.000496446860244267,1.4802973661668755e-15
KI,29,context_class,transition,subcellular_fraction->tissue_based,5,0.4286852267922384,0.29381530697016806,0.30166294206065614,0.31404411256067777,0.007847635090488081,0.3146129406680834,0.17836869375934833,0.15712528429798045
KI,29,context_class,transition,tissue_based->organism_only,224,0.420494261695365,0.18567223794334334,0.18432932187468504,0.19164249117126192,-0.0013429160686583008,0.5584428734063033,0.2735492303074349,0.2737121177202498
KI,29,context_class,transition,tissue_based->subcellular_fraction,5,0.4286852267922384,0.25582227564066057,0.30166294206065614,0.31404411256067777,0.04584066641999557,0.40323981408240966,0.21554726233967347,0.15712528429798045
KI,29,context_class,transition,tissue_based->tissue_based,218,0.4323183302281307,0.34347903853923695,0.333471303089558,0.34466213256316813,-0.010007735449678923,0.20549508424038837,0.15024028814639248,0.15039030184113084
KI,29,readout_class,same_vs_different,different,3170,0.4914924284663636,0.24978909389601114,0.2741895349471338,0.21533383547751878,0.02440044105112263,0.49177427885217967,0.3432653151160103,0.3707705592028487
KI,29,readout_class,same_vs_different,same,24282,0.3564284422560403,0.1908247838968162,0.20476583039466878,0.19338954939817374,0.013941046497852577,0.4646196507524019,0.26212901535418875,0.28438963506825143
KI,29,readout_class,transition,absorbance_color->absorbance_color,934,0.006818826162013989,0.003705995512667494,0.003482172912800887,0.0037350961079464975,-0.00022382259986660717,0.45650535376415846,0.004339306212066568,0.004181397790567326
KI,29,readout_class,transition,absorbance_color->binding,4,0.20993208741851488,0.147981319594499,0.13674658264427664,0.13674658264427664,-0.011234736950222368,0.29509908935699053,0.15556433391270907,0.1541308917927109
KI,29,readout_class,transition,absorbance_color->enzyme_activity,14,0.44239013674813343,0.31593490405771274,0.3338412594790879,0.2529876193382797,0.017906355421375142,0.285845506457156,0.29117131828857457,0.3376423858605306
KI,29,readout_class,transition,absorbance_color->fluorescence,15,0.0,0.006847835019561958,1.7763568394002505e-15,1.7763568394002505e-15,-0.006847835019560182,-6847835019.561958,0.006847835019561958,1.7763568394002505e-15
KI,29,readout_class,transition,absorbance_color->not_extracted,443,0.46949402633941567,0.2581044753964484,0.27031148378220493,0.22396452417626694,0.012207008385756557,0.45024971369954236,0.3039280961414159,0.3188809753273556
KI,29,readout_class,transition,binding->absorbance_color,4,0.20993208741851488,0.15729739041437085,0.150358977690763,0.150358977690763,-0.006938412723607845,0.250722496267152,0.1532025866977227,0.14892115528906502
KI,29,readout_class,transition,binding->binding,158,1.3068899683269484,0.2413555489650017,0.1942406893804747,0.20309646437887713,-0.04711485958452699,0.8153206813011353,1.183327160970176,1.2160235650914686
KI,29,readout_class,transition,binding->enzyme_activity,4,0.35702494544404684,0.14763768314276793,0.15851296385651392,0.15851296385651392,0.010875280713745994,0.5864779617593814,0.2093872623012789,0.19851198158753292
KI,29,readout_class,transition,binding->fluorescence,8,0.5432048960991196,0.5315825775532813,0.5413756611556861,0.480168888640656,0.009793083602404828,0.021395828037082967,0.0648263753837578,0.05811084978783132
KI,29,readout_class,transition,binding->not_extracted,72,0.08841294901630457,0.09336381852027326,0.09951991983230234,0.09409635753595462,0.00615610131202908,-0.05599710855765793,0.062178142426096775,0.06692471193409323
KI,29,readout_class,transition,binding->radio,221,1.0120216343326836,0.21270269881519088,0.21308147470224723,0.21788077142120074,0.0003787758870563429,0.7898239606750652,0.8495558944956093,0.8511573194179035
KI,29,readout_class,transition,enzyme_activity->absorbance_color,14,0.44239013674813343,0.3428873834719272,0.389653800541539,0.25298761933827957,0.046766417069611765,0.22492082216755266,0.31812379770278904,0.3716395876033867
KI,29,readout_class,transition,enzyme_activity->binding,4,0.35702494544404684,0.20623319286168207,0.21819937099683662,0.21819937099683662,0.011966178135154548,0.42235634934365374,0.275731691033279,0.34400414985946237
KI,29,readout_class,transition,enzyme_activity->enzyme_activity,88,0.5003721094306389,0.2409187491486685,0.27715397235738365,0.2806015229992644,0.03623522320871514,0.5185208275840874,0.43669600248292456,0.49780723164463275
KI,29,readout_class,transition,enzyme_activity->fluorescence,12,0.3127182310650196,0.3441784453302472,0.3485059404622071,0.3474933063156303,0.004327495131959902,-0.1006024310066095,0.031460214265227604,0.03578770939718753
KI,29,readout_class,transition,enzyme_activity->not_extracted,491,0.47112231847096725,0.3352083615658586,0.393641925855604,0.25982430269885204,0.05843356428974539,0.2884897436959024,0.2934327763296088,0.3570850048214451
KI,29,readout_class,transition,enzyme_activity->radio,48,0.024919377260295545,0.025118070631135192,0.025194634487585226,0.025139583042128284,7.656385645003413e-05,-0.007973448484052946,0.0001986933708396458,0.0002752572272896788
KI,29,readout_class,transition,fluorescence->absorbance_color,15,0.0,0.006847835019561366,1.7763568394002505e-15,1.7763568394002505e-15,-0.006847835019559589,-6847835019.561366,0.006847835019561366,1.7763568394002505e-15
KI,29,readout_class,transition,fluorescence->binding,8,0.5432048960991196,0.5315825775532816,0.5413756611556861,0.4801688886406559,0.009793083602404495,0.021395828037082357,0.06482637538375813,0.05811084978783132
KI,29,readout_class,transition,fluorescence->enzyme_activity,12,0.3127182310650196,0.3564766634975967,0.35568896667679856,0.3546763325302216,-0.0007876968207981561,-0.1399292656636925,0.04375843243257741,0.04297073561177892
KI,29,readout_class,transition,fluorescence->fluorescence,1154,0.15234522370843898,0.10428092814363728,0.10360836716905696,0.10232971675519986,-0.0006725609745803218,0.3154959137858369,0.11874719036368706,0.12056078405317316
KI,29,readout_class,transition,fluorescence->htrf_alphascreen,1,4.063922814196899,0.8173846780287661,0.9261851230000939,0.9261851230000939,0.10880044497132779,0.7988680603939335,3.246538136168133,3.137737691196805
KI,29,readout_class,transition,fluorescence->luminescence,1,0.8636978754244984,0.31447635218697645,0.2908914258550688,0.2908914258550688,-0.023584926331907674,0.6358954199899882,0.5492215232375219,0.5728064495694296
KI,29,readout_class,transition,fluorescence->not_extracted,38,0.5519372383542949,0.13928686819008784,0.15076937165432522,0.1331555719995854,0.011482503464237376,0.7476400240625222,0.5352723240855101,0.5301019377925013
KI,29,readout_class,transition,fluorescence->radio,106,0.15693536734250826,0.12098449081777768,0.11975338005046358,0.1110295514947852,-0.0012311107673140947,0.2290807810470697,0.06649883372291368,0.06722464636390274
KI,29,readout_class,transition,htrf_alphascreen->fluorescence,1,4.063922814196899,0.6702411693607093,0.6016038538793822,0.6016038538793822,-0.06863731548132712,0.8350753200776131,3.3936816448361897,3.462318960317517
KI,29,readout_class,transition,htrf_alphascreen->htrf_alphascreen,10,0.05517000385696278,0.07301304657128097,0.08646876122787557,0.07657485339214407,0.013455714656594606,-0.323419276180933,0.1264545009151865,0.13991021557178113
KI,29,readout_class,transition,htrf_alphascreen->luminescence,16,0.2790689500575517,0.13337722954305875,0.1366215916440751,0.1322927809384839,0.0032443621010163626,0.5220635276136859,0.3118883185058454,0.31808332812941503
KI,29,readout_class,transition,htrf_alphascreen->radio,3,0.7178531573700777,0.422917465638496,0.4156255788045466,0.4156255788045466,-0.007291886833949435,0.4108579710258658,0.2949356917315817,0.3022275785655311
KI,29,readout_class,transition,luminescence->fluorescence,1,0.8636978754244984,0.3625686281589564,0.3969773287344349,0.3969773287344349,0.03440870057547851,0.5802135926515302,0.501129247265542,0.46672054669006346
KI,29,readout_class,transition,luminescence->htrf_alphascreen,16,0.2790689500575517,0.135226667734334,0.14381039806065066,0.1370429631467372,0.008583730326316652,0.5154363546842222,0.3200954043788832,0.3260704747078659
KI,29,readout_class,transition,luminescence->luminescence,106,0.0,1.1227915871680828e-15,1.7428406726191137e-15,5.530167518887572e-16,6.200490854510309e-16,-0.0011227915871680828,1.1227915871680828e-15,1.7428406726191137e-15
KI,29,readout_class,transition,luminescence->radio,10,0.11454869377062878,0.054527468002036096,0.05530043567125533,0.05539915043828723,0.000772967669219235,0.5239800105340233,0.06002122576859481,0.0592482580993761
KI,29,readout_class,transition,not_extracted->absorbance_color,443,0.46949402633941567,0.2657923312555047,0.28320807886490346,0.22747609067097152,0.017415747609398735,0.43387494548577493,0.3037662482611951,0.31857331037339887
KI,29,readout_class,transition,not_extracted->binding,72,0.08841294901630457,0.1066791830050804,0.10795601161776851,0.09956030334541752,0.0012768286126881023,-0.20660134281243447,0.0582944297513314,0.060329258707465035
KI,29,readout_class,transition,not_extracted->enzyme_activity,491,0.47112231847096725,0.33492019680786816,0.40319532051957485,0.2661458476589893,0.06827512371170669,0.2891013996219593,0.28217702915091825,0.3555892933660373
KI,29,readout_class,transition,not_extracted->fluorescence,38,0.5519372383542949,0.11631709941251263,0.12243409424947997,0.10481737714981325,0.006116994836967343,0.7892566557760552,0.5306101930731514,0.5408037991678081
KI,29,readout_class,transition,not_extracted->not_extracted,14616,0.4429360295656355,0.23715323852968329,0.2603779377301306,0.24145856055380843,0.02322469920044734,0.4645880608036171,0.32298700854301504,0.35817444857048863
KI,29,readout_class,transition,not_extracted->radio,78,0.5337161688815885,0.28456018746813644,0.26600602864142475,0.2559674259167316,-0.018554158826711686,0.46683236510440135,0.40273803163404087,0.43390838470373877
KI,29,readout_class,transition,radio->binding,221,1.0120216343326836,0.21222283603755712,0.21564043936374333,0.21964205232475645,0.003417603326186208,0.7902981232436848,0.8491426979188882,0.8499496682333502
KI,29,readout_class,transition,radio->enzyme_activity,48,0.024919377260295545,0.025117819171415662,0.025194286131196304,0.02513930435701715,7.646695978064111e-05,-0.007963357552931236,0.00019844191112011744,0.00027490887090075855
KI,29,readout_class,transition,radio->fluorescence,106,0.15693536734250826,0.12937412042169805,0.13175106764495081,0.12065466797369684,0.0023769472232527677,0.17562164212900686,0.06079752403440575,0.05880455769267001
KI,29,readout_class,transition,radio->htrf_alphascreen,3,0.7178531573700777,0.3353925947653895,0.2236850725038734,0.2236850725038734,-0.11170752226151612,0.5327838412048898,0.3824605626046882,0.4941680848662043
KI,29,readout_class,transition,radio->luminescence,10,0.11454869377062878,0.041873442071600306,0.027380113881453914,0.027354404280355026,-0.014493328190146391,0.6344485415482145,0.0726752516990306,0.08716857988917752
KI,29,readout_class,transition,radio->not_extracted,78,0.5337161688815885,0.2931076859419702,0.301109756427612,0.2901845325233559,0.008002070485641832,0.45081730134542775,0.40755932831636277,0.42319413825199587
KI,29,readout_class,transition,radio->radio,7216,0.2421832309133674,0.1362955820702308,0.13687351503107903,0.13686276615880663,0.0005779329608482375,0.4372212247883266,0.17689744728700116,0.1787833905574239
KI,31,assay_type_class,same_vs_different,different,2422,0.12100162285151504,0.09557210466729985,0.09504113473450457,0.10162668848102123,-0.0005309699327952777,0.21015848866275597,0.04354474313909561,0.043881413928608504
KI,31,assay_type_class,same_vs_different,same,53658,0.23708627442896574,0.15819314794343506,0.1599266368595745,0.15830648653223015,0.0017334889161394473,0.332761256110455,0.13452358991355,0.13734346169046072
KI,31,assay_type_class,transition,adme->adme,36,0.060185554062004036,0.015666490988458712,0.015516988579070641,0.023032443989047816,-0.00014950240938807133,0.7396968220593455,0.045610607690477895,0.044668565482933395
KI,31,assay_type_class,transition,adme->binding,1064,0.07939545046671533,0.08092938985555434,0.08068744928861779,0.08795579343801332,-0.0002419405669365493,-0.01932024290840295,0.004270605605896342,0.0028017818781873927
KI,31,assay_type_class,transition,binding->adme,1064,0.07939545046671533,0.0809186463276544,0.08066814953789934,0.08794292693753435,-0.00025049678975505585,-0.01918492623928923,0.00428134913379626,0.0028210816289058445
KI,31,assay_type_class,transition,binding->binding,53594,0.23705608595509745,0.1583140311192791,0.1600524474260809,0.1584245041942476,0.0017384163068017988,0.3321663500794215,0.13441903734320837,0.1372410686123613
KI,31,assay_type_class,transition,binding->functional,147,0.4221510610653035,0.20549824649195914,0.20306140744392087,0.20321978592987622,-0.002436839048038264,0.5132115836132646,0.32742281247585714,0.33603122580766764
KI,31,assay_type_class,transition,functional->binding,147,0.4221510610653035,0.19769445422413687,0.19494724000883995,0.19802920061060464,-0.002747214215296917,0.5316973650966258,0.3281288068428954,0.34626848686949296
KI,31,assay_type_class,transition,functional->functional,28,0.5223129530613784,0.11006267380751782,0.10478577388662107,0.10633602058188359,-0.005276899920896749,0.7892782992219148,0.44896136901792744,0.4524845649452054
KI,31,bao_format_first,same_vs_different,different,4592,0.2734044420315198,0.15935614295006675,0.16020596324304273,0.16513181078276268,0.0008498202929759779,0.41714135379082407,0.18462722725755237,0.18587684022020035
KI,31,bao_format_first,same_vs_different,same,51488,0.22838657640706717,0.15514372594442072,0.15684950523861807,0.15503154169385083,0.0017057792941973515,0.32069682734812444,0.12577540257725056,0.12861850919885548
KI,31,bao_format_first,transition,BAO_0000019->BAO_0000019,2338,0.1705324765329061,0.06653500606790079,0.06625672030901697,0.06640166163123272,-0.00027828575888382,0.609839677341095,0.1588703572889928,0.15953181780502612
KI,31,bao_format_first,transition,BAO_0000019->BAO_0000219,244,0.22080758230797526,0.06614039676792252,0.06617137762947198,0.06797745471591256,3.098086154945667e-05,0.700461387799301,0.19625351350816198,0.2020291776858067
KI,31,bao_format_first,transition,BAO_0000019->BAO_0000221,30,0.5986652011240116,0.3179957626463112,0.3208883948765585,0.30617504508535737,0.0028926322302473273,0.4688253767727525,0.48351908951395994,0.4867359854398129
KI,31,bao_format_first,transition,BAO_0000019->BAO_0000249,71,0.9967908700501448,0.12214404624572024,0.1301830136243523,0.12637767088477245,0.008038967378632064,0.8774627156852112,0.9554205772995592,0.9670404702998072
KI,31,bao_format_first,transition,BAO_0000019->BAO_0000252,5,0.0,1.6575926128581386e-05,0.0,0.00023679894468635608,-1.6575926128581386e-05,-16575926.128581386,1.6575926128581386e-05,0.0
KI,31,bao_format_first,transition,BAO_0000019->BAO_0000357,1485,0.16684929495373244,0.13253043819038263,0.1322028687647279,0.14499466442960218,-0.00032756942565473346,0.2056877541668155,0.10415958703171961,0.10476524050892654
KI,31,bao_format_first,transition,BAO_0000218->BAO_0000219,1,0.0,0.4159638853270877,0.2863703206983512,0.14543783258344423,-0.1295935646287365,-415963885327.0877,0.4159638853270877,0.2863703206983512
KI,31,bao_format_first,transition,BAO_0000219->BAO_0000019,244,0.22080758230797526,0.06492864896972331,0.06600212046685962,0.0653059228490853,0.0010734714971363107,0.705949187563845,0.2068488929577126,0.21102081053840027
KI,31,bao_format_first,transition,BAO_0000219->BAO_0000218,1,0.0,0.25911714784110274,0.2863703206983512,0.14543783258344423,0.027253172857248487,-259117147841.10275,0.25911714784110274,0.2863703206983512
KI,31,bao_format_first,transition,BAO_0000219->BAO_0000219,1134,0.39238057066366977,0.24670468102581622,0.24700309076419472,0.2457669923842895,0.0002984097383784967,0.3712617303946991,0.2352712360795012,0.23938910522142642
KI,31,bao_format_first,transition,BAO_0000219->BAO_0000249,78,0.2621725901355116,0.2731887768858463,0.27440365810488476,0.27000389165543526,0.001214881219038455,-0.04201883478604946,0.053454797220588025,0.05426666676686646
KI,31,bao_format_first,transition,BAO_0000219->BAO_0000357,303,0.527241298334513,0.27891033092850953,0.2798215736910402,0.26109812970127433,0.000911242762530684,0.4710005991382862,0.3314770181502963,0.33288030480076347
KI,31,bao_format_first,transition,BAO_0000220->BAO_0000221,1,0.19629464514396755,0.19629464514396755,0.19629464514396755,0.19629464514396755,0.0,0.0,0.0,0.0
KI,31,bao_format_first,transition,BAO_0000221->BAO_0000019,30,0.5986652011240116,0.35278786416200986,0.35561356638557046,0.2966422611730472,0.0028257022235606,0.4107092520165858,0.5777373057718526,0.5905621689125915
KI,31,bao_format_first,transition,BAO_0000221->BAO_0000220,1,0.19629464514396755,0.19629464514396844,0.19629464514396755,0.19629464514396755,-8.881784197001252e-16,-4.5247205752796376e-15,8.881784197001252e-16,0.0
KI,31,bao_format_first,transition,BAO_0000221->BAO_0000221,12,0.7210247632872667,0.19622256721164896,0.19473283843531894,0.19553644538489126,-0.0014897287763300238,0.7278559944085151,0.7119835434512929,0.7178229011543036
KI,31,bao_format_first,transition,BAO_0000221->BAO_0000249,16,0.43704047997662,0.44579127134546953,0.44610570837574615,0.4429192095197049,0.0003144370302766153,-0.020022839461730585,0.008877090203115279,0.009065228399126157
KI,31,bao_format_first,transition,BAO_0000221->BAO_0000357,35,0.939690041673316,0.0527272877294126,0.053139478399912475,0.05680419821071826,0.0004121906704998776,0.9438886383902498,0.9040365445087464,0.9040665503363146
KI,31,bao_format_first,transition,BAO_0000224->BAO_0000357,1,0.4366925976640541,0.4366925976640541,0.4366925976640541,0.4366925976640541,0.0,0.0,0.0,0.0
KI,31,bao_format_first,transition,BAO_0000249->BAO_0000019,71,0.9967908700501448,0.11331859007978876,0.11733872317214833,0.11626172870953623,0.0040201330923595735,0.8863165850685529,0.918703072209828,0.9143691871335691
KI,31,bao_format_first,transition,BAO_0000249->BAO_0000219,78,0.2621725901355116,0.2832507465005437,0.284781119440066,0.2732009435047716,0.0015303729395222954,-0.08039801702434746,0.06347489123968746,0.06457421034604363
KI,31,bao_format_first,transition,BAO_0000249->BAO_0000221,16,0.43704047997662,0.4457912713454696,0.44610570837574615,0.442919209519705,0.0003144370302765598,-0.02002283946173071,0.008877090203115445,0.009065228399126157
KI,31,bao_format_first,transition,BAO_0000249->BAO_0000249,466,0.10396817350815779,0.08059003250409119,0.08306355498652045,0.08036428314426253,0.002473522482429255,0.22485862947503113,0.06696845339384502,0.07353491299818893
KI,31,bao_format_first,transition,BAO_0000249->BAO_0000357,26,0.6399183154124233,0.5483229204356644,0.5404570571268832,0.5147950054352832,-0.007865863308781251,0.1431360734185678,0.19504095543148242,0.18405283424518806
KI,31,bao_format_first,transition,BAO_0000252->BAO_0000019,5,0.0,1.6575926128226114e-05,0.0,0.00023679894468635608,-1.6575926128226114e-05,-16575926.128226114,1.6575926128226114e-05,0.0
KI,31,bao_format_first,transition,BAO_0000252->BAO_0000252,4,0.0,0.15397683943292573,0.10034333188799405,0.0755534975968537,-0.05363350754493168,-153976839432.92572,0.15397683943292573,0.10034333188799405
KI,31,bao_format_first,transition,BAO_0000357->BAO_0000019,1485,0.16684929495373244,0.1377883158806214,0.13939005280257938,0.15282031968573534,0.0016017369219579747,0.1741750187267479,0.09851035075609363,0.09915374227704034
KI,31,bao_format_first,transition,BAO_0000357->BAO_0000219,303,0.527241298334513,0.2829747361483708,0.28477638999369265,0.26580078304309446,0.0018016538453218267,0.46329178491470346,0.32945419042472607,0.3300420964013313
KI,31,bao_format_first,transition,BAO_0000357->BAO_0000221,35,0.939690041673316,0.04362357152952244,0.03760221583563005,0.04583990809395745,-0.006021355693892387,0.9535766374071162,0.907171623861845,0.9094173676014257
KI,31,bao_format_first,transition,BAO_0000357->BAO_0000224,1,0.4366925976640541,0.436692597664055,0.4366925976640541,0.4366925976640541,-8.881784197001252e-16,-2.0338756013982116e-15,8.881784197001252e-16,0.0
KI,31,bao_format_first,transition,BAO_0000357->BAO_0000249,26,0.6399183154124233,0.5395838220382857,0.5461277990431106,0.5179526387492822,0.006543977004824897,0.15679265768393055,0.18386828804276986,0.18416610275171555
KI,31,bao_format_first,transition,BAO_0000357->BAO_0000357,47534,0.22843442762583177,0.1580383025969859,0.15987318182152555,0.15795470099707903,0.0018348792245396484,0.30816775632503374,0.1219615526082589,0.12484904802210763
KI,31,assay_organism_first,same_vs_different,same,56080,0.2320727753897256,0.15548865138824966,0.15712434217079208,0.15585858227260055,0.001635690782542415,0.3300004659006913,0.13059436796476742,0.13330699450645206
KI,31,assay_organism_first,transition,Bacillus anthracis->Bacillus anthracis,6,0.43264342855336696,0.2920454438180344,0.24772876069437202,0.26934895064622505,-0.044316683123662354,0.32497427548004393,0.5330533728091454,0.506817144691142
KI,31,assay_organism_first,transition,Bos taurus->Bos taurus,44,2.456435352014693,0.09697960995893774,0.08662711366496145,0.16261523610509418,-0.01035249629397629,0.9605201863426213,2.535841356002012,2.539534293400948
KI,31,assay_organism_first,transition,Cavia porcellus->Cavia porcellus,60,0.5487403865150443,0.22814974905940916,0.22977287278253217,0.18990401782254357,0.00162312372312301,0.5842300755219624,0.4544339368134383,0.4540888299672997
KI,31,assay_organism_first,transition,Cryptococcus neoformans->Cryptococcus neoformans,2,0.0035356598149061114,0.008106373570306857,0.009804828045850478,0.0067282362931582185,0.0016984544755436204,-1.2927470386519977,0.004570713755400746,0.006269168230944366
KI,31,assay_organism_first,transition,Equus caballus->Equus caballus,22,0.7298690655485367,0.26970979403746753,0.2734112417758077,0.2706740744103159,0.003701447738340191,0.6304682486648947,0.6611806358514479,0.6557965939174795
KI,31,assay_organism_first,transition,Homo sapiens->Homo sapiens,54730,0.23096505811428933,0.15578444781611647,0.15748332359157788,0.15624868174900874,0.0016988757754614059,0.3255064247033027,0.12854459169130864,0.13124870877694125
KI,31,assay_organism_first,transition,Human immunodeficiency virus 1->Human immunodeficiency virus 1,152,0.38439576840580897,0.30990557969167687,0.3044512585730281,0.29503254718552263,-0.005454321118648742,0.1937851423886965,0.22357544113626204,0.2267608304480849
KI,31,assay_organism_first,transition,Methanosarcina thermophila->Methanosarcina thermophila,4,0.8473025994667847,0.5462418730016954,0.4076181784711641,0.48457883264137624,-0.13862369453053125,0.3553166562389276,0.5331742094400462,0.7205877680085944
KI,31,assay_organism_first,transition,Mus musculus->Mus musculus,116,0.11053650008557689,0.07210000151345311,0.06950468133009761,0.06500596468612413,-0.0025953201833554956,0.3477267557989117,0.13645490754314576,0.13607498476865915
KI,31,assay_organism_first,transition,Mycobacterium tuberculosis->Mycobacterium tuberculosis,10,0.2403922868164507,0.2863594057253519,0.29069446779559377,0.23786899697337338,0.0043350620702418685,-0.19121711231941055,0.15635194117161388,0.16038202796788664
KI,31,assay_organism_first,transition,Oryctolagus cuniculus->Oryctolagus cuniculus,18,0.041646245536100066,0.1552798370430728,0.18700945856798873,0.16045117739440753,0.03172962152491593,-2.728543474788673,0.11363359150697273,0.14556542801256914
KI,31,assay_organism_first,transition,Plasmodium falciparum->Plasmodium falciparum,10,0.0,3.552713678800501e-16,3.552713678800501e-16,3.552713678800501e-16,0.0,-0.0003552713678800501,3.552713678800501e-16,3.552713678800501e-16
KI,31,assay_organism_first,transition,Rattus norvegicus->Rattus norvegicus,888,0.15367435445371455,0.11796137985543095,0.11836609445942732,0.11636766315713448,0.00040471460399636727,0.2323938481813506,0.085964305685275,0.08872738971188193
KI,31,assay_organism_first,transition,Staphylococcus aureus->Staphylococcus aureus,4,0.0,3.552713678800501e-15,3.552713678800501e-15,1.7763568394002505e-15,0.0,-0.003552713678800501,3.552713678800501e-15,3.552713678800501e-15
KI,31,assay_organism_first,transition,Stylophora pistillata->Stylophora pistillata,4,0.0,1.7763568394002505e-15,1.7763568394002505e-15,8.881784197001252e-16,0.0,-0.0017763568394002505,1.7763568394002505e-15,1.7763568394002505e-15
KI,31,assay_organism_first,transition,Trypanosoma cruzi->Trypanosoma cruzi,10,0.0,1.7763568394002506e-16,1.7763568394002506e-16,1.7763568394002506e-16,0.0,-0.00017763568394002505,1.7763568394002506e-16,1.7763568394002506e-16
KI,31,context_class,same_vs_different,different,1450,0.4985474735093542,0.1956281101272454,0.19581622950870994,0.19003001384853077,0.000188119381464541,0.6076038481346855,0.3687436338564973,0.37087559750847865
KI,31,context_class,same_vs_different,same,54630,0.22499995254012903,0.15442326213012145,0.15609737463207746,0.15495159754287147,0.00167411250195601,0.31367424576420805,0.12427336420231075,0.12700140281044367
KI,31,context_class,transition,cell_based->cell_based,1090,0.40077169771556587,0.2798347402282359,0.2810814894352549,0.2773533642848039,0.0012467492070190045,0.30176022452853163,0.21298261140071262,0.21964891174263013
KI,31,context_class,transition,cell_based->organism_only,592,0.4910698476914865,0.18814611506734336,0.18826912960284847,0.18350136206417994,0.0001230145355051171,0.6168648595473414,0.36343460337152694,0.365111814317211
KI,31,context_class,transition,organism_only->cell_based,592,0.4910698476914865,0.1915922734327271,0.19223901169561378,0.18612320654339704,0.0006467382628866647,0.6098472053753654,0.3628159875743097,0.3653867100102401
KI,31,context_class,transition,organism_only->organism_only,53440,0.2211815868895127,0.15175936475771465,0.1534432447674402,0.15236853052552612,0.0016838800097255524,0.31386980764577244,0.12232970346986813,0.12498220716494002
KI,31,context_class,transition,organism_only->subcellular_fraction,21,0.23200000016941089,0.18261684292904287,0.1817612915292876,0.19415102421536165,-0.0008555513997552666,0.21285843622546327,0.04970483879368575,0.05056766564933403
KI,31,context_class,transition,organism_only->tissue_based,98,0.6081631684855067,0.2029764839509652,0.20253969116085316,0.19398901183203987,-0.0004367927901120505,0.6662466678861325,0.49069179084035397,0.493265989743666
KI,31,context_class,transition,subcellular_fraction->organism_only,21,0.23200000016941089,0.18261368102093314,0.1817566264818687,0.19414712513278523,-0.0008570545390644557,0.21287206513971937,0.049706169759169014,0.05056947003898531
KI,31,context_class,transition,subcellular_fraction->subcellular_fraction,6,0.6456552990359571,0.472293478863769,0.46924899126550496,0.512741671240707,-0.003044487598264034,0.2685052231911341,0.17336182017218812,0.17640630777045216
KI,31,context_class,transition,subcellular_fraction->tissue_based,14,0.4472555675560378,0.3568858288385473,0.348186274259032,0.37260444934435605,-0.008699554579515323,0.20205391564224146,0.13252403007532246,0.12773881669357554
KI,31,context_class,transition,tissue_based->organism_only,98,0.6081631684855067,0.2170974160828435,0.21878297395600985,0.19518027129786775,0.001685557873166349,0.643027681825133,0.5186333923386732,0.5232026150376413
KI,31,context_class,transition,tissue_based->subcellular_fraction,14,0.4472555675560378,0.35872492017583657,0.348186274259032,0.37260444934435605,-0.01053864591680459,0.19794196831123625,0.13436312141261247,0.12773881669357554
KI,31,context_class,transition,tissue_based->tissue_based,94,0.3307268253990174,0.19434818930110745,0.19572615262090876,0.18127537643692812,0.0013779633198013064,0.4123603700225132,0.19748208079438107,0.1974652446175957
KI,31,readout_class,same_vs_different,different,8994,0.4364258608505459,0.3684975710115667,0.3710019258078005,0.3640475414388894,0.0025043547962337875,0.15564680265874814,0.11123022675113757,0.11529311478305215
KI,31,readout_class,same_vs_different,same,47086,0.19303884490859283,0.11480135106347979,0.11627111642999324,0.11609195315265827,0.0014697653665134564,0.4052940426687687,0.13429315499435981,0.1367478651311018
KI,31,readout_class,transition,absorbance_color->absorbance_color,738,0.06536771720717298,0.06613951459699807,0.06602795315830738,0.06762168799674634,-0.00011156143869069102,-0.0118070115157762,0.0008348697008999818,0.0006747539686986143
KI,31,readout_class,transition,absorbance_color->binding,27,0.6945695257233907,0.6839302945642189,0.6842995915617051,0.6933829582361645,0.00036929699748611267,0.015317733884294811,0.011892648711265049,0.017024954964380005
KI,31,readout_class,transition,absorbance_color->enzyme_activity,57,0.7124617874779422,0.7319720733742217,0.7458035258104979,0.7168769426284901,0.01383145243627626,-0.027384326063779937,0.03615874759990971,0.04999020003618565
KI,31,readout_class,transition,absorbance_color->fluorescence,20,0.308198265604264,0.3770404920267393,0.38764015242432265,0.32357271716100733,0.010599660397583366,-0.22336993456955662,0.3402490789764968,0.3521939271252913
KI,31,readout_class,transition,absorbance_color->not_extracted,1368,0.6562703889322857,0.6401237441408332,0.6417069994634925,0.6433348728800862,0.0015832553226593493,0.024603646703795706,0.03777647160881753,0.039862202801610354
KI,31,readout_class,transition,binding->absorbance_color,27,0.6945695257233907,0.6845278860744449,0.6852281770142657,0.6941005015404158,0.0007002909398208246,0.014457357078094464,0.011295057201039104,0.012845948991941946
KI,31,readout_class,transition,binding->binding,182,0.8139852300267568,0.1416642349290559,0.14742059833135637,0.1420635839964646,0.005756363402300485,0.8259621554504137,0.7470446020990847,0.7633340664471653
KI,31,readout_class,transition,binding->enzyme_activity,34,0.2510006901643841,0.23684191997000834,0.2313157255926637,0.23466042444577662,-0.00552619437734464,0.05640928789918053,0.03657233909686899,0.026036514957121365
KI,31,readout_class,transition,binding->fluorescence,1,0.05435766232259276,0.0552160894853202,0.05435766232259276,0.06662090750439731,-0.0008584271627274376,-0.0157922016151649,0.0008584271627274376,0.0
KI,31,readout_class,transition,binding->not_extracted,739,0.07722723796851201,0.07289564047495276,0.07373395280909449,0.07119608054816964,0.0008383123341417359,0.05608898631497587,0.028931335340761855,0.028195728356033466
KI,31,readout_class,transition,binding->radio,204,1.1777164100995516,0.21698618388922383,0.21697523070346897,0.21167937864226252,-1.0953185754863926e-05,0.8157568477194929,1.0104706651925914,1.0127631456839117
KI,31,readout_class,transition,enzyme_activity->absorbance_color,57,0.7124617874779422,0.7207511310293884,0.7236007266145255,0.7168769426284901,0.002849595585137088,-0.011634790380533649,0.01018491245597487,0.011138939136583294
KI,31,readout_class,transition,enzyme_activity->binding,34,0.2510006901643841,0.24014548472264147,0.23805365452569363,0.23864212207606889,-0.002091830196947836,0.043247711528734786,0.05845576062306629,0.06340180469425664
KI,31,readout_class,transition,enzyme_activity->enzyme_activity,132,0.5378838987643624,0.40811765915305104,0.3906778730278097,0.4021745815612036,-0.01743978612524133,0.24125325169504597,0.20721016546716695,0.22024162219764726
KI,31,readout_class,transition,enzyme_activity->fluorescence,11,0.21616190328057786,0.4888315510168626,0.4986806242418977,0.35797957816996867,0.009849073225035088,-1.2614139846019026,0.2726696477362847,0.28251872096132047
KI,31,readout_class,transition,enzyme_activity->not_extracted,1679,0.3414284337583441,0.32321132111986794,0.3246998325271973,0.31749237821289134,0.0014885114073293626,0.05335558154295325,0.062340085130299476,0.06659697178788812
KI,31,readout_class,transition,enzyme_activity->radio,55,0.001660764704892999,0.0057130141787778595,0.005749881950101403,0.005671228528603771,3.6867771323543554e-05,-2.4399901213856436,0.00405224947388486,0.004089117245208404
KI,31,readout_class,transition,fluorescence->absorbance_color,20,0.308198265604264,0.3770404920267392,0.38764015242432265,0.32357271716100733,0.010599660397583421,-0.22336993456955645,0.3402490789764968,0.3521939271252913
KI,31,readout_class,transition,fluorescence->binding,1,0.05435766232259276,0.05521608948531842,0.05435766232259276,0.06662090750439731,-0.0008584271627256612,-0.01579220161513222,0.0008584271627256612,0.0
KI,31,readout_class,transition,fluorescence->enzyme_activity,11,0.21616190328057786,0.4888315510168626,0.49868062424189824,0.357979578169969,0.009849073225035643,-1.2614139846019026,0.2726696477362847,0.2825187209613204
KI,31,readout_class,transition,fluorescence->fluorescence,1162,0.1749367399702866,0.11694300419747586,0.11909513022524941,0.11141560020866645,0.0021521260277735516,0.3315126129746165,0.1534993797967388,0.15834157389628845
KI,31,readout_class,transition,fluorescence->htrf_alphascreen,4,3.5775729183120384,0.38686149608912324,0.38948100009257436,0.3876215473838256,0.002619504003451123,0.8918648187130029,3.3038840003872427,3.2980360422568684
KI,31,readout_class,transition,fluorescence->luminescence,4,0.7492711059201478,0.3031124400128087,0.29515870987445103,0.3008046585086006,-0.00795373013835765,0.59545692124272,0.5261164656483537,0.5438729114366152
KI,31,readout_class,transition,fluorescence->not_extracted,28,0.5038788549119545,0.3949309529905639,0.39989898544247193,0.37944615837840967,0.004968032451908022,0.21621844389645534,0.15914816793747652,0.16376753140539566
KI,31,readout_class,transition,fluorescence->radio,129,0.10632307457496316,0.0660201695749395,0.0627624990488417,0.06460057873123351,-0.0032576705260978084,0.3790607557309497,0.08663196948905447,0.09455571712279878
KI,31,readout_class,transition,htrf_alphascreen->fluorescence,4,3.5775729183120384,0.307368030772446,0.25374827839680303,0.291810214422104,-0.05361975237564298,0.9140847614316503,3.331337209442686,3.3449115781205263
KI,31,readout_class,transition,htrf_alphascreen->htrf_alphascreen,2,0.0,0.05727873752605417,0.162436492814245,0.08571513687322518,0.10515775528819082,-57278737526.05417,0.05727873752605417,0.162436492814245
KI,31,readout_class,transition,htrf_alphascreen->luminescence,18,0.9405858765360099,0.17184684141477938,0.18514452750792648,0.1754623438973617,0.013297686093147104,0.8172980844155805,0.8582130752985901,0.8558041552203132
KI,31,readout_class,transition,htrf_alphascreen->radio,2,0.326606256887672,0.28616316231970007,0.3096549730563565,0.29409748250227885,0.023491810736656404,0.12382829083975967,0.24650375438063055,0.29050440470032424
KI,31,readout_class,transition,luminescence->fluorescence,4,0.7492711059201478,0.30196572846622427,0.2932007341012497,0.2994225579628109,-0.008764994364974577,0.5969873573392462,0.5041678438108332,0.5063962941120359
KI,31,readout_class,transition,luminescence->htrf_alphascreen,18,0.9405858765360099,0.16536249024105412,0.16248858845270586,0.16465112892992081,-0.00287390178834826,0.8241920335333429,0.8699036289093862,0.874815829423911
KI,31,readout_class,transition,luminescence->luminescence,80,0.0,2.4646951146678474e-15,2.242650509742816e-15,2.242650509742816e-15,-2.220446049250313e-16,-0.0024646951146678475,2.4646951146678474e-15,2.242650509742816e-15
KI,31,readout_class,transition,luminescence->radio,10,0.13514926141030498,0.019567913500080004,0.019928763249805838,0.01968978990561663,0.0003608497497258334,0.8552125753712186,0.11558134791022798,0.11522049816050321
KI,31,readout_class,transition,not_extracted->absorbance_color,1368,0.6562703889322857,0.6393021139305346,0.6403338646676291,0.6421975828003192,0.0010317507370944945,0.02585561574606092,0.03386193903655299,0.03434298140828287
KI,31,readout_class,transition,not_extracted->binding,739,0.07722723796851201,0.07311014198606339,0.07372043078636516,0.0723924745015063,0.0006102888003017698,0.05331144931179973,0.029319833172487365,0.028391818624871633
KI,31,readout_class,transition,not_extracted->enzyme_activity,1679,0.3414284337583441,0.33246160251612733,0.3415190798990939,0.31640513190534636,0.009057477382966583,0.02626269623625808,0.07975845984798659,0.09133718576293479
KI,31,readout_class,transition,not_extracted->fluorescence,28,0.5038788549119545,0.3676610169646444,0.354128327327954,0.3432108973033329,-0.01353268963669041,0.27033846850174365,0.19251079882214864,0.209539855753268
KI,31,readout_class,transition,not_extracted->not_extracted,38524,0.1861506039209146,0.11111119225682534,0.1127782991220533,0.11306863317353094,0.0016671068652279603,0.4031112985052118,0.12681879304030022,0.12945287503572694
KI,31,readout_class,transition,not_extracted->radio,107,0.5008757692565668,0.23013346564181494,0.22774939243510461,0.22881748617468828,-0.00238407320671033,0.5405378343947556,0.4052255252173374,0.4254469484279006
KI,31,readout_class,transition,radio->binding,204,1.1777164100995516,0.21708615118520222,0.21752749414337802,0.21175922013362872,0.00044134295817579994,0.8156719654039192,1.0109722084381096,1.0126317544191956
KI,31,readout_class,transition,radio->enzyme_activity,55,0.001660764704892999,0.005416035424158171,0.00523039169338707,0.005314078977112693,-0.00018564373077110084,-2.2611696336038882,0.003755270719265172,0.003569626988494071
KI,31,readout_class,transition,radio->fluorescence,129,0.10632307457496316,0.08158006564771257,0.08054636779699548,0.08019184315999305,-0.001033697850717094,0.23271532568224892,0.07454537554511474,0.07626010063880377
KI,31,readout_class,transition,radio->htrf_alphascreen,2,0.326606256887672,0.1655831775828256,0.17342020572274475,0.16823012086187106,0.007837028139919155,0.4930189667500039,0.16102307930484638,0.18844961630289436
KI,31,readout_class,transition,radio->luminescence,10,0.13514926141030498,0.01774500877600822,0.017000402247281075,0.017493519153723013,-0.0007446065287271438,0.8687006603599893,0.11740425263429977,0.11814885916302797
KI,31,readout_class,transition,radio->not_extracted,107,0.5008757692565668,0.2485812661630078,0.24674272377929,0.24355504855730825,-0.001838542383717806,0.5037067444249327,0.401392212301092,0.4110364247573504
KI,31,readout_class,transition,radio->radio,6266,0.23100819219127938,0.1373477711111835,0.13792347924840476,0.13596647003793638,0.0005757081372212702,0.4054419897046041,0.17480840774306958,0.1753994534282202
KD,13,assay_type_class,same_vs_different,different,16,1.0015463135174898,0.8346318266874715,1.0015463135174898,0.8325594401720812,0.1669144868300183,0.166656783193385,0.3577959193027249,0.0
KD,13,assay_type_class,same_vs_different,same,1470,1.1704032810575156,0.21697350415563907,0.219584987666059,0.21651066522102214,0.0026114835104199263,0.8146164594142344,1.1512544878597188,1.1579714132369001
KD,13,assay_type_class,transition,adme->adme,60,2.0278141754769643,0.23935286781408316,0.24649091957675223,0.23876903997906673,0.007138051762669073,0.8819650879707532,1.9989249546512278,2.0034906194242184
KD,13,assay_type_class,transition,adme->binding,8,1.0015463135174898,0.8346318266874719,1.0015463135174898,0.8325594401720812,0.16691448683001786,0.16665678319338456,0.3577959193027245,0.0
KD,13,assay_type_class,transition,binding->adme,8,1.0015463135174898,0.834631826687471,1.0015463135174898,0.8325594401720812,0.16691448683001875,0.16665678319338545,0.35779591930272536,0.0
KD,13,assay_type_class,transition,binding->binding,1398,1.1367839672436786,0.2164564249315725,0.21875158790570562,0.21600313931488035,0.0022951629741331248,0.8095887774909362,1.1167624741864999,1.1236208782090866
KD,13,assay_type_class,transition,functional->functional,12,0.7999988682722722,0.16531641546717668,0.1821464001937596,0.1643455594963187,0.016829984726582925,0.7933541883325356,0.9312217468321776,0.9322127130406055
KD,13,bao_format_first,same_vs_different,different,158,0.8001508708548902,0.4899596479679727,0.4942833592989464,0.49383398511102555,0.004323711330973701,0.387665919247836,0.7180318494650775,0.7149236580781787
KD,13,bao_format_first,same_vs_different,same,1328,1.212419974831141,0.1919363975578685,0.19632372147300683,0.19093814704074838,0.004387323915138325,0.8416914917748692,1.1932378009391176,1.196731957441183
KD,13,bao_format_first,transition,BAO_0000019->BAO_0000019,648,1.8671574277139948,0.25777451430279297,0.25909335765587854,0.25782383392407815,0.0013188433530855748,0.8619428064946872,1.859581984080464,1.8527403870871204
KD,13,bao_format_first,transition,BAO_0000019->BAO_0000219,12,1.4665615441728217,0.19220602806142942,0.21201095831436434,0.18284424393405807,0.01980493025293492,0.8689410418368507,1.6317241942500986,1.6475604385206175
KD,13,bao_format_first,transition,BAO_0000019->BAO_0000220,5,1.151000625477931,1.0867586972700205,1.1553173778361099,1.037069405769706,0.06855868056608938,0.05581398201346354,1.580929667273058,1.5889118647026943
KD,13,bao_format_first,transition,BAO_0000019->BAO_0000357,23,0.17943315205004792,0.16889348426909626,0.14911427468446586,0.1886803742653052,-0.01977920958463039,0.058738687140779414,0.08989354678556659,0.038363281690533414
KD,13,bao_format_first,transition,BAO_0000219->BAO_0000019,12,1.4665615441728217,0.2784012815229935,0.293102520796982,0.2714819867169502,0.014701239273988531,0.8101673382687673,1.327140324821091,1.3187434638149182
KD,13,bao_format_first,transition,BAO_0000219->BAO_0000219,440,0.08958856032639104,0.0187696897818386,0.0187326616094958,0.018809854678418263,-3.70281723428012e-05,0.79049010595263,0.09798616928667324,0.09819112558375225
KD,13,bao_format_first,transition,BAO_0000219->BAO_0000357,8,0.6842652951072584,0.554126638032856,0.6092094545176326,0.547310725914385,0.05508281648477664,0.19018742877205722,0.5289930098601899,0.45951797384956206
KD,13,bao_format_first,transition,BAO_0000220->BAO_0000019,5,1.151000625477931,1.0728047712442217,1.1553173778361099,1.0370694057697065,0.0825126065918882,0.06793728213765306,1.5716452644320595,1.5889118647026943
KD,13,bao_format_first,transition,BAO_0000220->BAO_0000357,27,1.1039663337305035,0.7024721036317665,0.6847592375826286,0.7147243724504503,-0.01771286604913791,0.3636834003279926,0.8382407270354846,0.8738768140755797
KD,13,bao_format_first,transition,BAO_0000221->BAO_0000357,4,0.11250031783501369,0.24048093014015892,0.26812249810845845,0.2289746814090028,0.02764156796829953,-1.137602228758447,0.13661654991217542,0.15562218027344477
KD,13,bao_format_first,transition,BAO_0000357->BAO_0000019,23,0.17943315205004792,0.18220382241437932,0.16430250577897926,0.20139357690619045,-0.017901316635400066,-0.015441239997604229,0.09021412564855201,0.03374380273530732
KD,13,bao_format_first,transition,BAO_0000357->BAO_0000219,8,0.6842652951072584,0.4247361846627624,0.42782628640625486,0.4244350847618017,0.003090101743492446,0.3792814165795371,0.7579933911564413,0.795374473904457
KD,13,bao_format_first,transition,BAO_0000357->BAO_0000220,27,1.1039663337305035,0.8947949637503475,0.9016253319958255,0.9010421463794367,0.006830368245478002,0.1894725985649651,0.8890245629295168,0.923552539083117
KD,13,bao_format_first,transition,BAO_0000357->BAO_0000221,4,0.11250031783501369,0.24356103654819727,0.26812249810845845,0.2289746814090028,0.024561461560261177,-1.1649808750353,0.13969665632021377,0.15562218027344477
KD,13,bao_format_first,transition,BAO_0000357->BAO_0000357,240,1.50315311197281,0.3316457799359605,0.35242931352902357,0.3259153284533632,0.020783533593063064,0.7793666012501597,1.4020698311536306,1.4395007224691083
KD,13,assay_organism_first,same_vs_different,same,1486,1.1685851710436257,0.2236239302394273,0.22800449050160604,0.2231437610482207,0.004380560262178729,0.8086370289640797,1.1427111923705453,1.1455033495681315
KD,13,assay_organism_first,transition,Cavia porcellus->Cavia porcellus,10,0.5019940687137481,0.5882021506609911,0.6095839223114611,0.5774835442033875,0.02138177165046995,-0.17173127596533708,0.17802935047148322,0.20006199941859998
KD,13,assay_organism_first,transition,Homo sapiens->Homo sapiens,1466,1.1745455247916183,0.2213029568861701,0.22545985598807508,0.22089719149933182,0.004156899101904976,0.8115841811023609,1.1494605639321052,1.1521322204427613
KD,13,assay_organism_first,transition,Human immunodeficiency virus 1->Human immunodeficiency virus 1,2,0.006948859955327791,0.00460352422382293,0.004463990714389965,0.004682011822879417,-0.00013953350943296527,0.33751374276965507,0.0023453357315048606,0.002484869240937826
KD,13,assay_organism_first,transition,Mus musculus->Mus musculus,8,1.1999983024084082,0.2479746232007648,0.2732196002906394,0.24651833924447808,0.02524497708987461,0.7933541883325357,1.396832620248266,1.398319069560908
KD,13,context_class,same_vs_different,different,80,0.9664822698554545,0.7473020232640911,0.7536245320059635,0.7471590925477904,0.006322508741872346,0.22678144589671945,0.8328419398202159,0.8611679592658874
KD,13,context_class,same_vs_different,same,1406,1.1800846248807906,0.19382716818965984,0.19809723351700534,0.19332781046503034,0.004270065327345501,0.8357514672227513,1.1603424442937504,1.161681750154319
KD,13,context_class,transition,cell_based->cell_based,28,0.5657010687146328,0.2124846080828985,0.21969745868000556,0.2120685269525309,0.007212850597107051,0.6243871192152792,0.6388906327160903,0.6393153325197023
KD,13,context_class,transition,cell_based->organism_only,36,1.0613691534132812,0.7408443812858203,0.7383507830593063,0.7451441837332158,-0.00249359822651396,0.3019917915427238,0.8941755941359553,0.9225177601118566
KD,13,context_class,transition,organism_only->cell_based,36,1.0613691534132812,0.8660443407801203,0.8767876218187328,0.8643260927265404,0.010743281038612551,0.1840309867730859,0.9258828047720371,0.9566061093071276
KD,13,context_class,transition,organism_only->organism_only,1378,1.192568470724515,0.1934480620089554,0.19765833198974553,0.1929470121619461,0.004210269980790132,0.8377887167422505,1.1709379818294356,1.1722958718479106
KD,13,context_class,transition,organism_only->tissue_based,4,0.11250031783501369,0.24356103654819727,0.26812249810845845,0.2289746814090028,0.024561461560261177,-1.1649808750353,0.13969665632021377,0.15562218027344477
KD,13,context_class,transition,tissue_based->organism_only,4,0.11250031783501369,0.24048093014015892,0.26812249810845845,0.2289746814090028,0.02764156796829953,-1.137602228758447,0.13661654991217542,0.15562218027344477
KD,13,readout_class,same_vs_different,different,114,0.9314611003740969,0.6544028035290276,0.6735612271581606,0.6596054888906626,0.019158423629133003,0.2974448387955183,0.7651992887915356,0.7506840924765744
KD,13,readout_class,same_vs_different,same,1372,1.1882878999476536,0.18783035038883375,0.19098301238291274,0.18687799065897984,0.003152661994078987,0.8419319506685982,1.1740787995192385,1.1783090312798208
KD,13,readout_class,transition,binding->binding,138,0.29942869307485176,0.19021048370557045,0.18749854601418137,0.19122685112324755,-0.0027119376913890825,0.36475532203581684,0.25833791123181377,0.2618063560196581
KD,13,readout_class,transition,binding->enzyme_activity,9,1.1204105908178918,0.3751263332958341,0.3164496449429079,0.4088185223015233,-0.05867668835292622,0.665188515379889,1.2472891629476845,1.1831410992734728
KD,13,readout_class,transition,binding->fluorescence,8,0.6243589367914286,0.46081123085954767,0.6293077646694056,0.4578489429179977,0.16849653380985796,0.261945006781436,0.18154215808497687,0.004948827877977013
KD,13,readout_class,transition,binding->mass_spec,7,0.9349917613009648,0.8269741445581767,0.8808998224693358,0.7964369852790475,0.0539256779111591,0.11552788079382686,1.1959438052359919,1.2090673055630068
KD,13,readout_class,transition,binding->not_extracted,6,0.4087702952529699,0.47885782366221735,0.4921670930195828,0.4736270682093255,0.013309269357365427,-0.17145944610743646,0.21598639878122183,0.24110234548240328
KD,13,readout_class,transition,enzyme_activity->binding,9,1.1204105908178918,0.49574695130739144,0.4321928932900184,0.5324550029052332,-0.06355405801737302,0.5575310021431521,0.847230031719491,0.752847765257717
KD,13,readout_class,transition,enzyme_activity->enzyme_activity,464,0.05686928700975836,0.06371126733079488,0.07707136076519977,0.06052927837179838,0.01336009343440489,-0.12031064007998706,0.03937144180765656,0.0556549562356208
KD,13,readout_class,transition,enzyme_activity->mass_spec,21,1.1259672387789021,0.9562109322023783,0.9751341867832503,0.9548740371046549,0.018923254580871962,0.15076487195188956,1.0423273344577648,1.0705269027181747
KD,13,readout_class,transition,fluorescence->binding,8,0.6243589367914286,0.460811230859548,0.6293077646694056,0.4578489429179977,0.16849653380985763,0.26194500678143545,0.1815421580849763,0.004948827877977013
KD,13,readout_class,transition,fluorescence->fluorescence,740,2.0817661558830975,0.25141198541232646,0.24893516266313426,0.25164378098743706,-0.002476822749192198,0.8792313994048596,2.0830356417366622,2.079417201001765
KD,13,readout_class,transition,fluorescence->mass_spec,4,1.3429599486623862,0.9310022298630756,0.8690885433335582,0.9715178262355595,-0.06191368652951734,0.30675354034915814,0.41195771879931065,0.48398544568372714
KD,13,readout_class,transition,luminescence->not_extracted,2,0.0,4.440892098500626e-16,0.0,0.0,-4.440892098500626e-16,-0.0004440892098500626,4.440892098500626e-16,0.0
KD,13,readout_class,transition,mass_spec->binding,7,0.9349917613009648,0.8252336870660784,0.8808998224693358,0.7964369852790477,0.05566613540325749,0.11738934905925488,1.1841253491148922,1.2090673055630068
KD,13,readout_class,transition,mass_spec->enzyme_activity,21,1.1259672387789021,0.7061964726363789,0.6963063511091399,0.7153226134816725,-0.009890121527239004,0.37280904069443405,0.9787627444341374,1.0066581134227701
KD,13,readout_class,transition,mass_spec->fluorescence,4,1.3429599486623862,0.9310022298630747,0.8690885433335584,0.9715178262355593,-0.06191368652951623,0.3067535403491588,0.41195771879931153,0.48398544568372737
KD,13,readout_class,transition,not_extracted->binding,6,0.4087702952529699,0.43231754054428934,0.4401188503544371,0.42663807410446725,0.007801309810147761,-0.0576050793435152,0.2970692934338179,0.3680967100491646
KD,13,readout_class,transition,not_extracted->luminescence,2,0.0,4.440892098500626e-16,0.0,0.0,-4.440892098500626e-16,-0.0004440892098500626,4.440892098500626e-16,0.0
KD,13,readout_class,transition,not_extracted->not_extracted,30,0.7371844852610423,0.5282432245166924,0.5393587291209063,0.5235104877964782,0.011115504604213955,0.2834314407340821,0.5156919102174198,0.5306028450189051
KD,17,assay_type_class,same_vs_different,different,36,0.5094465075063539,0.37084080438689837,0.4897282893023378,0.3149446372290952,0.11888748491543943,0.27207116169645507,0.3633496925325618,0.21160425247654624
KD,17,assay_type_class,same_vs_different,same,1454,1.2110092041893725,0.2191182605505079,0.21955649629735718,0.21896742341543585,0.0004382357468492859,0.8190614408276263,1.2022525615031652,1.202143879830841
KD,17,assay_type_class,transition,adme->adme,52,2.040092692157872,0.2829355172585268,0.2825013695203739,0.28340584397485885,-0.000434147738152868,0.8613124205845486,2.0914969703225297,2.0916031515875226
KD,17,assay_type_class,transition,adme->binding,12,0.6841659108772812,0.48293863635019446,0.6612698637233533,0.38564245268674807,0.17833122737315882,0.29412058000530933,0.4943749545199229,0.29072512283975266
KD,17,assay_type_class,transition,binding->adme,12,0.6841659108772812,0.48293863635019396,0.6612698637233533,0.38564245268674807,0.17833122737315932,0.29412058000531005,0.49437495451992297,0.29072512283975266
KD,17,assay_type_class,transition,binding->binding,1394,1.182440812415048,0.21471408716549442,0.21520662022013587,0.214518369909277,0.0004925330546414475,0.8184145160492585,1.1681086407044285,1.168010560390604
KD,17,assay_type_class,transition,binding->functional,6,0.1600077007644997,0.1466451404603064,0.14664514046030686,0.17354900631378958,4.440892098500626e-16,0.08351198248802022,0.10129916855783956,0.053362511750133436
KD,17,assay_type_class,transition,functional->binding,6,0.1600077007644997,0.14664514046030672,0.14664514046030686,0.17354900631378958,1.3877787807814457e-16,0.0835119824880183,0.10129916855783927,0.053362511750133436
KD,17,assay_type_class,transition,functional->functional,8,0.8000087990702052,0.571733304286985,0.5683807268035613,0.5753652632273605,-0.0033525774834236577,0.2853412300571306,1.3717421033571902,1.3683895258737664
KD,17,bao_format_first,same_vs_different,different,136,0.6837192596325831,0.323466826896585,0.3268456957878973,0.3256259217365774,0.003378868891312281,0.5269011040139346,0.638856125996245,0.6314625215460256
KD,17,bao_format_first,same_vs_different,same,1354,1.2453187871872564,0.21267114574625645,0.2159633304313792,0.21080614123346875,0.00329218468512274,0.8292235306056798,1.236537208435218,1.2331285461099994
KD,17,bao_format_first,transition,BAO_0000019->BAO_0000019,648,1.9236541769152005,0.2773341907688263,0.28413034622100264,0.273526037751712,0.006796155452176322,0.8558294967479221,1.908282778430072,1.9009633758237277
KD,17,bao_format_first,transition,BAO_0000019->BAO_0000219,11,1.5801344472867456,0.1419394480707001,0.1421407171671964,0.14172140654949536,0.0002012690964962871,0.910172549991284,1.6622889982901454,1.6628054319485486
KD,17,bao_format_first,transition,BAO_0000019->BAO_0000220,3,1.2926519798062255,1.0276464685111713,1.005349380619685,1.042810004767892,-0.022297087891486322,0.2050091714049591,1.7358647111464662,1.7135676232549797
KD,17,bao_format_first,transition,BAO_0000019->BAO_0000221,2,0.07998493147625485,0.06104604388444734,0.07998493147625485,0.04052891565998973,0.018938887591807507,0.23678069409148522,0.018938887591807507,0.0
KD,17,bao_format_first,transition,BAO_0000019->BAO_0000249,2,0.0,0.0,0.0,0.0,0.0,0.0,0.0,0.0
KD,17,bao_format_first,transition,BAO_0000019->BAO_0000357,26,0.24434131764273512,0.12527539941821772,0.126075110588674,0.1314478816904439,0.0007997111704562687,0.48729342778862406,0.16759365105321172,0.1636511195188379
KD,17,bao_format_first,transition,BAO_0000219->BAO_0000019,11,1.5801344472867456,0.40527957892383737,0.4054598619832074,0.4050842722761867,0.0001802830593700122,0.7435157624594891,1.1874455525356222,1.1879528100062042
KD,17,bao_format_first,transition,BAO_0000219->BAO_0000219,474,0.10870747967556343,0.0338583136724715,0.0336792346256686,0.034052315973174374,-0.0001790790468029005,0.6885374053972979,0.10827200030676444,0.10829147286307424
KD,17,bao_format_first,transition,BAO_0000219->BAO_0000357,6,0.7131260802629514,0.8253456283641634,0.8245343573064567,0.8262245053433456,-0.0008112710577066196,-0.1573628439726018,0.5904421602937288,0.590625001817945
KD,17,bao_format_first,transition,BAO_0000220->BAO_0000019,3,1.2926519798062255,0.9270523093279811,0.9468040401588755,0.9105023525110459,0.01975173083089443,0.28282915756880633,1.752361232884894,1.7721129637157886
KD,17,bao_format_first,transition,BAO_0000220->BAO_0000357,14,1.008709604735459,0.6788799978469873,0.6820681854357178,0.6753843364517517,0.0031881875887305178,0.3269817253053437,0.9769757597674874,0.9786762533794412
KD,17,bao_format_first,transition,BAO_0000221->BAO_0000019,2,0.07998493147625485,0.06104604388444734,0.07998493147625485,0.04052891565998973,0.018938887591807507,0.23678069409148522,0.018938887591807507,0.0
KD,17,bao_format_first,transition,BAO_0000221->BAO_0000221,2,0.1599698629525097,0.12209208776889557,0.1599698629525097,0.08105783131997946,0.037877775183614126,0.23678069409147967,0.037877775183614126,0.0
KD,17,bao_format_first,transition,BAO_0000221->BAO_0000357,4,0.07998493147625485,0.19397416049231087,0.18450471669640844,0.23459382983610144,-0.009469443795902421,-1.4251337959812598,0.19690189059086816,0.13446634917521294
KD,17,bao_format_first,transition,BAO_0000249->BAO_0000019,2,0.0,0.0,0.0,0.0,0.0,0.0,0.0,0.0
KD,17,bao_format_first,transition,BAO_0000357->BAO_0000019,26,0.24434131764273512,0.1750607684462201,0.1729423011406001,0.18386806244068737,-0.0021184673056199865,0.28354004907927166,0.12358115024712578,0.11591183814436977
KD,17,bao_format_first,transition,BAO_0000357->BAO_0000219,6,0.7131260802629514,0.33855454183267647,0.3310832006448212,0.34664849478618676,-0.007471341187855252,0.5252528953816399,0.483642795693628,0.48192206540984994
KD,17,bao_format_first,transition,BAO_0000357->BAO_0000220,14,1.008709604735459,0.42505265544224835,0.46093221783018457,0.40112995865136536,0.035879562387936215,0.5786174202696114,1.118870180460263,1.1083997163017592
KD,17,bao_format_first,transition,BAO_0000357->BAO_0000221,4,0.07998493147625485,0.21017586956635936,0.20070642577045605,0.25079553891014905,-0.00946944379590331,-1.6276933128179816,0.21310359966491577,0.15066805824926055
KD,17,bao_format_first,transition,BAO_0000357->BAO_0000357,230,1.6860280266016225,0.3997876124606197,0.4000608178887209,0.39949447536122873,0.0002732054281011642,0.7628819888205322,1.6795976352296735,1.6804418511394188
KD,17,assay_organism_first,same_vs_different,same,1490,1.1940586960815949,0.22278404013313208,0.22608413693371912,0.2212863359639538,0.0033000968005870435,0.813422873712811,1.18198376735354,1.1782113787672475
KD,17,assay_organism_first,transition,Cavia porcellus->Cavia porcellus,20,0.09198404035204036,0.13703229625491087,0.1370322962549113,0.16531905785962514,4.440892098500626e-16,-0.48973991282033597,0.11455086965414178,0.057026881484894695
KD,17,assay_organism_first,transition,Homo sapiens->Homo sapiens,1456,1.2162827650837733,0.2229570571926814,0.2263539297371515,0.2210150074007648,0.0033968725444700754,0.8166897833356005,1.200468837204949,1.1974182348434672
KD,17,assay_organism_first,transition,Human immunodeficiency virus 1->Human immunodeficiency virus 1,2,0.0,0.004116083214306343,0.003175297211104322,0.0047432738831085786,-0.000940786003202021,-4116083214.306343,0.004116083214306343,0.003175297211104322
KD,17,assay_organism_first,transition,Mus musculus->Mus musculus,8,0.8000087990702052,0.571733304286985,0.5683807268035613,0.5753652632273605,-0.0033525774834236577,0.2853412300571306,1.3717421033571902,1.3683895258737664
KD,17,assay_organism_first,transition,Rattus norvegicus->Rattus norvegicus,4,0.0,0.0,0.0,0.0,0.0,0.0,0.0,0.0
KD,17,context_class,same_vs_different,different,60,0.7868670711737068,0.4756126273697569,0.48385525266708024,0.4740019115715241,0.008242625297323336,0.39556165864162607,0.7982989270113156,0.7873878319514612
KD,17,context_class,same_vs_different,same,1430,1.2111436593644436,0.21217584766166533,0.21526856564420746,0.21068288523916065,0.003092717982542126,0.8248136412050358,1.1980824319832835,1.194609569542735
KD,17,context_class,transition,cell_based->cell_based,30,0.5181696062496157,0.38528313428745764,0.3843891136252113,0.38625165667155775,-0.0008940206622463642,0.2564536212842697,0.6149745183065392,0.614080497644293
KD,17,context_class,transition,cell_based->organism_only,22,1.0511864793797125,0.7070057123814505,0.7111467726576174,0.703154026187363,0.004141060276166897,0.3274212271083979,0.9822402202104373,0.9864633014342927
KD,17,context_class,transition,organism_only->cell_based,22,1.0511864793797125,0.5055385306373196,0.5238773575356707,0.49395695366111364,0.01833882689835109,0.5190781649554422,1.116948784757225,1.109115438901607
KD,17,context_class,transition,organism_only->organism_only,1398,1.2275181723732194,0.2085899742146065,0.2117184804982513,0.2071007586045873,0.0031285062836447775,0.830071783123724,1.2122552837171188,1.2087763015141504
KD,17,context_class,transition,organism_only->tissue_based,8,0.05998869860719114,0.12034944575429152,0.12034944575429174,0.13552999837007196,2.220446049250313e-16,-1.0062019771814927,0.11128652173040976,0.07533402912463028
KD,17,context_class,transition,tissue_based->organism_only,8,0.05998869860719114,0.11224859121726727,0.11224859121726793,0.12742914383304815,6.661338147750939e-16,-0.8711622992903447,0.10318566719338595,0.06723317458760647
KD,17,context_class,transition,tissue_based->tissue_based,2,0.1599698629525097,0.12209208776889557,0.1599698629525097,0.08105783131997946,0.037877775183614126,0.23678069409147967,0.037877775183614126,0.0
KD,17,readout_class,same_vs_different,different,92,0.7578426231521653,0.4654703537881986,0.47186815479167504,0.4609833695250889,0.006397801003476422,0.3857954942516634,0.7485143520334452,0.7483987718513684
KD,17,readout_class,same_vs_different,same,1398,1.2227653332128594,0.2068132669884496,0.20990950914907539,0.2055122822532067,0.0030962421606257895,0.8308643029279867,1.2105096516235319,1.2064966147016256
KD,17,readout_class,transition,binding->binding,120,0.4150047538252693,0.2327109614529914,0.23236440708852005,0.23309913608088714,-0.0003465543644713409,0.4392571186040669,0.3339631048688131,0.3358160436319011
KD,17,readout_class,transition,binding->enzyme_activity,7,1.3608519563841386,0.2659659852003052,0.27176408137254005,0.2627685060505985,0.005798096172234868,0.8045592072285424,1.5362174976864076,1.5443966654347123
KD,17,readout_class,transition,binding->fluorescence,13,0.37240566966950783,0.3512708569120359,0.3512708569120359,0.3512708569120359,0.0,0.05675212403782159,0.2683616518520794,0.2683616518520794
KD,17,readout_class,transition,binding->mass_spec,4,1.1358060377044623,0.850984232396546,0.8638891687233514,0.8426050497588062,0.01290493632680545,0.25076623635806666,1.3879662051964754,1.3416156370324404
KD,17,readout_class,transition,binding->not_extracted,7,0.27337490586538443,0.32726932854992036,0.32609593454170377,0.32848470163800314,-0.0011733940082165883,-0.19714473248350994,0.3074060674118227,0.3051573429943804
KD,17,readout_class,transition,enzyme_activity->binding,7,1.3608519563841386,0.7258666521605165,0.7285421514652024,0.7240829859573926,0.0026754993046859132,0.46660865735227686,0.8067527131767201,0.8107390317781183
KD,17,readout_class,transition,enzyme_activity->enzyme_activity,486,0.050213067274513676,0.08836297563720656,0.08835523704789713,0.08837135910895816,-7.738589309427835e-06,-0.7597605649965221,0.05214738102934004,0.05224421236209164
KD,17,readout_class,transition,enzyme_activity->mass_spec,10,1.168451891925643,0.3769558629922094,0.4153361494371521,0.3513648214170854,0.03838028644494268,0.6773886322602678,1.3942030154918639,1.3913954665681267
KD,17,readout_class,transition,fluorescence->binding,13,0.37240566966950783,0.3512708569120359,0.3512708569120359,0.3512708569120359,0.0,0.05675212403782159,0.2683616518520795,0.2683616518520794
KD,17,readout_class,transition,fluorescence->fluorescence,748,2.164760284590392,0.27113406851813776,0.2770622082531663,0.26779108555073977,0.005928139735028537,0.8747509964737546,2.1509249156767716,2.144589747841077
KD,17,readout_class,transition,fluorescence->mass_spec,1,1.3562014909456002,1.1272233368394975,1.1272233368394966,1.1272233368394966,-8.881784197001252e-16,0.1688378575269443,0.22897815410610267,0.22897815410610356
KD,17,readout_class,transition,mass_spec->binding,4,1.1358060377044623,0.8032374033693246,0.8199801633777444,0.7895389611664574,0.016742760008419788,0.2928040733145604,1.372639806140125,1.385524642378047
KD,17,readout_class,transition,mass_spec->enzyme_activity,10,1.168451891925643,0.7437126292812952,0.7474045071514184,0.7393330931640316,0.0036918778701231503,0.3635059907724271,1.2504497534775072,1.253602029288342
KD,17,readout_class,transition,mass_spec->fluorescence,1,1.3562014909456002,1.1272233368394966,1.1272233368394966,1.1272233368394966,0.0,0.16883785752694494,0.22897815410610356,0.22897815410610356
KD,17,readout_class,transition,mass_spec->not_extracted,2,0.20797292234761056,0.2540888273560098,0.2540888273560098,0.2540888273560098,0.0,-0.2217399481040137,0.355354710978915,0.355354710978915
KD,17,readout_class,transition,not_extracted->binding,7,0.27337490586538443,0.30538524512017406,0.30512579562693737,0.3056101208249514,-0.0002594494932366964,-0.11709318802857567,0.41234462210200423,0.4195396147529496
KD,17,readout_class,transition,not_extracted->mass_spec,2,0.20797292234761056,0.36647884268860764,0.36647884268860764,0.36647884268860764,0.0,-0.7621469110102073,0.5744517650362182,0.5744517650362182
KD,17,readout_class,transition,not_extracted->not_extracted,40,0.39952804508795753,0.3861735616061034,0.3846646990284636,0.40195154353423723,-0.001508862577639769,0.03342564720059665,0.4495364069738871,0.42101308809855825
KD,17,readout_class,transition,not_extracted->radio,2,0.2900042589171212,0.24991657800454314,0.2499165780045427,0.2499165780045427,-4.440892098500626e-16,0.1382313524024298,0.16008753525039987,0.16008753525040031
KD,17,readout_class,transition,radio->not_extracted,2,0.2900042589171212,0.24991657800454226,0.2499165780045427,0.2499165780045427,4.440892098500626e-16,0.13823135240243287,0.16008753525040076,0.16008753525040031
KD,17,readout_class,transition,radio->radio,4,0.0,0.0,0.0,0.0,0.0,0.0,0.0,0.0
KD,23,assay_type_class,same_vs_different,different,76,0.4342560404947752,0.42622116352399503,0.46789330208114627,0.46389882811203453,0.04167213855715124,0.018502625689732505,0.5363773385818121,0.1531288194145665
KD,23,assay_type_class,same_vs_different,same,1640,1.1301039141429567,0.21915682247550516,0.21242204207062879,0.22208218444037173,-0.006734780404876378,0.806073742659578,1.116895786154836,1.114688702216035
KD,23,assay_type_class,transition,adme->adme,60,1.8834815400761926,0.4333252643908365,0.43737929484067994,0.4343296569575627,0.0040540304498434265,0.7699338936057174,2.1001053950136876,2.0983165428364154
KD,23,assay_type_class,transition,adme->binding,36,0.4494876241194627,0.44129674171344124,0.4800031200854019,0.4878519585911103,0.03870637837196067,0.018222709517458295,0.5560166606871578,0.14552462833109123
KD,23,assay_type_class,transition,binding->adme,36,0.4494876241194627,0.43651196102929624,0.4800031200854019,0.47174508278892596,0.04349115905610568,0.02886767598014633,0.5498897804095733,0.14552462833109123
KD,23,assay_type_class,transition,binding->binding,1574,1.0988319742810977,0.2100955328318549,0.2029795737390929,0.21311878932733647,-0.0071159590927619976,0.8088010380574261,1.078545152884828,1.0762579555481202
KD,23,assay_type_class,transition,binding->functional,2,0.16008753525040031,0.19792378227127072,0.2499165780045427,0.17770436170833026,0.05199279573327198,-0.2363472394130435,0.23801146318384925,0.2900042589171212
KD,23,assay_type_class,transition,functional->binding,2,0.16008753525040031,0.19792378227126894,0.2499165780045427,0.17770436170832982,0.051992795733273756,-0.23634723941303243,0.23801146318384747,0.2900042589171212
KD,23,assay_type_class,transition,functional->functional,6,1.7999998785715645,0.4545507198397775,0.4399237066763548,0.4510047772547052,-0.014627013163422742,0.7474718052756215,1.3454491587317872,1.3600761718952097
KD,23,bao_format_first,same_vs_different,different,128,0.5546838017147834,0.42046984639219537,0.32251434961441994,0.44244564712720696,-0.09795549677777543,0.24196480031987735,0.6356018280162612,0.5244684171101476
KD,23,bao_format_first,same_vs_different,same,1588,1.1431828410910325,0.21283996029562416,0.21577468715576356,0.2158929789587165,0.0029347268601394028,0.8138180939695582,1.12790726261969,1.1162438945338196
KD,23,bao_format_first,transition,BAO_0000019->BAO_0000019,726,1.8384452948580774,0.3069297624376624,0.31696890226213226,0.310240238291278,0.010039139824469856,0.8330492817512112,1.8488993021876146,1.8140369543372186
KD,23,bao_format_first,transition,BAO_0000019->BAO_0000219,11,1.2379774791378144,0.6150509657280825,0.2238622906502383,0.6420884894061287,-0.39118867507784416,0.5031808121772677,1.3480492396844526,1.1234731905892117
KD,23,bao_format_first,transition,BAO_0000019->BAO_0000249,2,0.0,0.0,0.0,0.0,0.0,0.0,0.0,0.0
KD,23,bao_format_first,transition,BAO_0000019->BAO_0000357,36,0.21381033290113277,0.31023877930876953,0.20615926979618873,0.33170015328335123,-0.1040795095125808,-0.4509999357805868,0.3482526120088632,0.12264535022861067
KD,23,bao_format_first,transition,BAO_0000219->BAO_0000019,11,1.2379774791378144,0.7223187576975373,0.49668847908004987,0.7378229295639954,-0.2256302786174874,0.4165332004257509,1.520687933525742,1.5755232503968484
KD,23,bao_format_first,transition,BAO_0000219->BAO_0000219,550,0.05482741411484213,0.01559166765674774,0.015711156535891002,0.015362825692264211,0.00011948887914326259,0.7156227790701699,0.049332567678719096,0.049428730427969324
KD,23,bao_format_first,transition,BAO_0000219->BAO_0000357,5,0.34882795438850833,0.43740997640365825,0.46840346984418807,0.4464888785226016,0.030993493440529818,-0.25394186704569954,0.2672218039080606,0.29460225705861254
KD,23,bao_format_first,transition,BAO_0000220->BAO_0000357,10,1.2440699282846857,0.7240286163279748,0.6999342298254869,0.7389506616273114,-0.024094386502487852,0.41801614212614235,1.0162828523436431,1.0856045588682997
KD,23,bao_format_first,transition,BAO_0000249->BAO_0000019,2,0.0,0.0,0.0,0.0,0.0,0.0,0.0,0.0
KD,23,bao_format_first,transition,BAO_0000357->BAO_0000019,36,0.21381033290113277,0.32334641872838243,0.22480999495299298,0.35061440654646536,-0.09853642377538946,-0.5123049215675645,0.330401827660194,0.10981411304315854
KD,23,bao_format_first,transition,BAO_0000357->BAO_0000219,5,0.34882795438850833,0.38957908285759724,0.4553609048625333,0.40884850546510376,0.06578182200493604,-0.11682300101356612,0.6618657280885772,0.7276475500935133
KD,23,bao_format_first,transition,BAO_0000357->BAO_0000220,10,1.2440699282846857,0.4924774791595687,0.6222720580853566,0.5224499533526088,0.12979457892578788,0.604140034283609,1.0561099069263602,1.3107161237024911
KD,23,bao_format_first,transition,BAO_0000357->BAO_0000357,312,1.4439358648154876,0.3416135647708236,0.3329796284176425,0.34985283159047625,-0.008633936353181104,0.7634150012511279,1.3515478443223203,1.3731367754343
KD,23,assay_organism_first,same_vs_different,same,1716,1.099285476848515,0.22832750424688353,0.22373662001981248,0.23279201248177409,-0.004590884227071046,0.792294623138783,1.0911851789196674,1.0721021339800725
KD,23,assay_organism_first,transition,Homo sapiens->Homo sapiens,1704,1.1006888961271257,0.22833152356488737,0.2237585178599604,0.23284003811266074,-0.004573005704926969,0.7925558035805642,1.0941286944012398,1.074858463379029
KD,23,assay_organism_first,transition,Human immunodeficiency virus 1->Human immunodeficiency virus 1,2,0.0,0.002888407022699546,0.003991640283823372,0.0028199056110604914,0.001103233261123826,-2888407022.6995463,0.002888407022699546,0.003991640283823372
KD,23,assay_organism_first,transition,Mus musculus->Mus musculus,6,1.7999998785715645,0.4545507198397775,0.4399237066763548,0.4510047772547052,-0.014627013163422742,0.7474718052756215,1.3454491587317872,1.3600761718952097
KD,23,assay_organism_first,transition,Rattus norvegicus->Rattus norvegicus,4,0.0,0.0,0.0,0.0,0.0,0.0,0.0,0.0
KD,23,context_class,same_vs_different,different,44,0.7805171540860992,0.39651454855013896,0.4322442690559241,0.40994471910836877,0.035729720505785156,0.4919848379060747,0.7267104796811013,0.8034497396296824
KD,23,context_class,same_vs_different,same,1672,1.10767411692121,0.2239015293967979,0.21824957662412536,0.22813009914949525,-0.005651952772672525,0.7978633553168741,1.1007766183733136,1.0791719338313985
KD,23,context_class,transition,cell_based->cell_based,24,0.6945032162635915,0.26766100792631375,0.2726697205910036,0.26340461885288907,0.0050087126646898295,0.6146007654704283,0.5840838168056792,0.5964060360520803
KD,23,context_class,transition,cell_based->organism_only,20,0.8585688694947089,0.49425532563557784,0.4848881702242645,0.5042201095099985,-0.009367155411313333,0.424326523827424,0.7356189872733051,0.7643800150263911
KD,23,context_class,transition,organism_only->cell_based,20,0.8585688694947089,0.3780766811747278,0.4660492216987688,0.3976582725284129,0.08797254052404097,0.5596431519847253,0.8631440680251176,1.0032094121589101
KD,23,context_class,transition,organism_only->organism_only,1648,1.1136911688725346,0.22326425543763012,0.2174570502556757,0.227616392551873,-0.0058072051819544335,0.7995276772611426,1.1083012708233277,1.0862025051582818
KD,23,context_class,transition,organism_only->tissue_based,2,0.0,0.0,0.0,0.0,0.0,0.0,0.0,0.0
KD,23,context_class,transition,tissue_based->organism_only,2,0.0,0.0,0.0,0.0,0.0,0.0,0.0,0.0
KD,23,readout_class,same_vs_different,different,134,0.6512530966499754,0.4964293778735384,0.40712487681743215,0.5129323266290436,-0.08930450105610627,0.2377320270304205,0.7100237637809351,0.565332016542155
KD,23,readout_class,same_vs_different,same,1582,1.137235122200351,0.20561849598773577,0.2082031014288637,0.20906331330621516,0.0025846054411279296,0.8191943847197579,1.1234706590894463,1.1150270364684927
KD,23,readout_class,transition,binding->binding,136,0.26472506802157364,0.20530954156565803,0.19971370402916364,0.20509962385514785,-0.005595837536494397,0.22444238809704856,0.20986617044155398,0.21812451734381952
KD,23,readout_class,transition,binding->enzyme_activity,15,1.1069527070413827,0.4815554060281616,0.18792593027747337,0.5016949709854175,-0.2936294757506882,0.5649720146443808,1.2027989226012228,1.021116568202206
KD,23,readout_class,transition,binding->fluorescence,32,0.33303871499470317,0.4479632471149546,0.3673686479563849,0.490662542391202,-0.0805945991585697,-0.34507859580853617,0.5001316415247026,0.16371520687247768
KD,23,readout_class,transition,binding->mass_spec,1,0.20011366680614895,0.36991873168168965,0.48308100656924857,0.31430761720091827,0.11316227488755892,-0.8485430684753364,0.5700323984878386,0.6831946733753975
KD,23,readout_class,transition,binding->not_extracted,8,0.4514442045936812,0.48340997182033385,0.49390633472162826,0.48266133529044875,0.01049636290129441,-0.07080779175230129,0.18133782299686985,0.25265919740492304
KD,23,readout_class,transition,enzyme_activity->binding,15,1.1069527070413827,0.5756246501522528,0.4190021732459795,0.5866983743280401,-0.15662247690627334,0.4799916505098411,1.3413347279719352,1.3766363340034034
KD,23,readout_class,transition,enzyme_activity->enzyme_activity,628,0.12039280430667611,0.07790350686863531,0.07465321780419278,0.08218204974770751,-0.003250289064442538,0.3529222338721173,0.10155697614062056,0.1091560469506517
KD,23,readout_class,transition,enzyme_activity->mass_spec,8,1.3533564175231798,0.4865270290930267,0.6551342222948396,0.5229681901811645,0.16860719320181294,0.6405034011783569,1.1549965277612846,1.4385997604649807
KD,23,readout_class,transition,fluorescence->binding,32,0.33303871499470317,0.5029587966992526,0.3673686479563849,0.5045860386094583,-0.13559014874286768,-0.5102111978400227,0.5102066336520678,0.16371520687247768
KD,23,readout_class,transition,fluorescence->fluorescence,792,2.107697008703381,0.30053124334026493,0.30886250009466765,0.30388951099657263,0.008331256754402716,0.8574125018447758,2.1107296791404773,2.085627866003935
KD,23,readout_class,transition,fluorescence->mass_spec,1,1.4137342758552691,0.6626398271697838,0.49856579592560024,0.7264463948758539,-0.16407403124418352,0.5312840337206187,0.7510944486854854,0.9151684799296689
KD,23,readout_class,transition,mass_spec->binding,1,0.20011366680614895,0.3641235513629191,0.48308100656924857,0.31430761720091827,0.1189574552063295,-0.8195836255184273,0.564237218169068,0.6831946733753975
KD,23,readout_class,transition,mass_spec->enzyme_activity,8,1.3533564175231798,0.7766903480933806,0.7522119369700025,0.7935940755245428,-0.024478411123378008,0.426100664956519,1.1059371070727348,1.1572103044222413
KD,23,readout_class,transition,mass_spec->fluorescence,1,1.4137342758552691,0.6626398271697838,0.49856579592560024,0.7264463948758539,-0.16407403124418352,0.5312840337206187,0.7510944486854854,0.9151684799296689
KD,23,readout_class,transition,not_extracted->binding,8,0.4514442045936812,0.4262868164712653,0.47077982532198215,0.4216203397015923,0.04449300885071683,0.055726461579141476,0.19045984412261308,0.27074075038878787
KD,23,readout_class,transition,not_extracted->not_extracted,22,0.8273019123795777,0.4737370891216232,0.48704190256755875,0.4797178570584748,0.013304813445935537,0.42737097299943627,0.6051407547220347,0.6336622715577349
KD,23,readout_class,transition,not_extracted->radio,2,0.16008753525040031,0.19792378227126894,0.2499165780045427,0.17770436170832982,0.051992795733273756,-0.23634723941303243,0.23801146318384747,0.2900042589171212
KD,23,readout_class,transition,radio->not_extracted,2,0.16008753525040031,0.19792378227127072,0.2499165780045427,0.17770436170833026,0.05199279573327198,-0.2363472394130435,0.23801146318384925,0.2900042589171212
KD,23,readout_class,transition,radio->radio,4,0.0,0.0,0.0,0.0,0.0,0.0,0.0,0.0
KD,29,assay_type_class,same_vs_different,same,1588,1.2344655066328551,0.23156747641245617,0.2275156567109335,0.24170225340813195,-0.004051819701522685,0.8124147858581462,1.1991087494844324,1.1940637162508654
KD,29,assay_type_class,transition,adme->adme,64,2.0806935284741064,0.23792353477879913,0.239228476932014,0.23563342033795776,0.0013049421532148608,0.885651811993051,2.040905422574337,2.0443215783472137
KD,29,assay_type_class,transition,binding->binding,1512,1.1964067307424795,0.22926472236610615,0.2250307695205805,0.23970075081613393,-0.0042339528455256625,0.8083722562946244,1.1632867413935242,1.1578251722733084
KD,29,assay_type_class,transition,functional->functional,12,1.516655152333519,0.48781550829873294,0.4781430681829819,0.5262586897074821,-0.009672440115751024,0.6783609592805707,1.2230995124593969,1.2254116595758349
KD,29,bao_format_first,same_vs_different,different,140,0.6185525456642669,0.318666183738165,0.31980349266597513,0.3278310355262407,0.00113730892781011,0.4848195420553193,0.5964109753466343,0.5815666147775279
KD,29,bao_format_first,same_vs_different,same,1448,1.2940151023066135,0.2231463306765451,0.2185927996434571,0.23337488497129824,-0.004553531033088004,0.8275550800923565,1.2573806337242748,1.253283049266243
KD,29,bao_format_first,transition,BAO_0000019->BAO_0000019,630,1.9653970152268327,0.26899566872182473,0.26607863399513537,0.2780269295204182,-0.0029170347266893604,0.8631341827438468,1.9710718965010294,1.9647643110135942
KD,29,bao_format_first,transition,BAO_0000019->BAO_0000219,17,0.9387331040311584,0.11261005675419773,0.07571296706989827,0.1513965897486995,-0.03689708968429946,0.8800403903190145,0.9747913993188244,0.9392593706141575
KD,29,bao_format_first,transition,BAO_0000019->BAO_0000220,2,2.2221288492596694,1.6058034768880867,1.7104982249931568,1.5011087287830178,0.10469474810507018,0.2773580715523852,0.6163253723715827,0.5116306242665125
KD,29,bao_format_first,transition,BAO_0000019->BAO_0000249,1,0.0,0.0,0.0,0.0,0.0,0.0,0.0,0.0
KD,29,bao_format_first,transition,BAO_0000019->BAO_0000357,24,0.06443733985760484,0.04361892847916963,0.03544515349748504,0.05848868825353944,-0.00817377498168459,0.32307993198416063,0.0510286945887789,0.04941096605085449
KD,29,bao_format_first,transition,BAO_0000219->BAO_0000019,17,0.9387331040311584,0.3550620705413248,0.3482433958103347,0.3615266619209588,-0.006818674730990126,0.6217646218966839,1.2002039453731324,1.1925779829860759
KD,29,bao_format_first,transition,BAO_0000219->BAO_0000219,470,0.1309123131485931,0.031842684038462604,0.03121791299553637,0.034297367981238315,-0.0006247710429262351,0.7567632618154161,0.12379440403052984,0.12347123630252471
KD,29,bao_format_first,transition,BAO_0000219->BAO_0000357,9,0.5005416188141626,0.34778532846309873,0.3663276551312977,0.3376762928917773,0.018542326668198994,0.30518199608048596,0.47187479165340257,0.4243147376476358
KD,29,bao_format_first,transition,BAO_0000220->BAO_0000019,2,2.2221288492596694,1.3022690488529367,1.5249757382764813,1.0795623594293922,0.22270668942354455,0.41395430364589153,0.9198598004067327,0.6971531109831881
KD,29,bao_format_first,transition,BAO_0000220->BAO_0000357,16,1.0527866877212295,0.6600936298013882,0.6754495622072401,0.641760198017602,0.015355932405851869,0.37300344172268224,0.8952933642156355,0.8832476102044574
KD,29,bao_format_first,transition,BAO_0000221->BAO_0000357,1,0.0,0.34548385428171535,0.3581722949175692,0.3327954136458633,0.012688440635853837,-345483854281.71533,0.34548385428171535,0.3581722949175692
KD,29,bao_format_first,transition,BAO_0000249->BAO_0000019,1,0.0,0.0,0.0,0.0,0.0,0.0,0.0,0.0
KD,29,bao_format_first,transition,BAO_0000357->BAO_0000019,24,0.06443733985760484,0.057145532580220114,0.04902171871066944,0.07173270322399998,-0.008123813869550675,0.11316120891238432,0.04097762205866987,0.03442755324004968
KD,29,bao_format_first,transition,BAO_0000357->BAO_0000219,9,0.5005416188141626,0.5722276132581254,0.5718487220452375,0.5731116927548652,-0.0003788912128879218,-0.14321685100590584,0.8155810922188661,0.8234954550932464
KD,29,bao_format_first,transition,BAO_0000357->BAO_0000220,16,1.0527866877212295,0.5748463297191326,0.5903024955960016,0.6261133425258927,0.015456165876868933,0.45397644515871016,0.9338190841735683,0.9384180000582913
KD,29,bao_format_first,transition,BAO_0000357->BAO_0000221,1,0.0,0.04370776031075074,0.013285330379323668,0.07413019024217782,-0.030422429931427075,-43707760310.75074,0.04370776031075074,0.013285330379323668
KD,29,bao_format_first,transition,BAO_0000357->BAO_0000357,348,1.6494395441587155,0.3985130862839376,0.3856908487324382,0.4214083473833173,-0.012822237551499416,0.758394851332853,1.4963462440883695,1.491151891772325
KD,29,assay_organism_first,same_vs_different,same,1588,1.2344655066328551,0.23156747641245617,0.2275156567109335,0.24170225340813195,-0.004051819701522685,0.8124147858581462,1.1991087494844324,1.1940637162508654
KD,29,assay_organism_first,transition,Cavia porcellus->Cavia porcellus,4,0.0,0.18977529114314517,0.1835873673607873,0.1959632149255035,-0.006187923782357885,-189775291143.14517,0.18977529114314517,0.1835873673607873
KD,29,assay_organism_first,transition,Homo sapiens->Homo sapiens,1568,1.238604185398579,0.23030320420462014,0.22628888300792435,0.24025770117026848,-0.004014321196695786,0.8140623074590133,1.2045583914421014,1.1994464693935734
KD,29,assay_organism_first,transition,Human immunodeficiency virus 1->Human immunodeficiency virus 1,2,0.0,0.0004205429893238133,0.000914006449024729,7.292047037710248e-05,0.0004934634597009158,-420542989.3238133,0.0004205429893238133,0.000914006449024729
KD,29,assay_organism_first,transition,Mus musculus->Mus musculus,12,1.516655152333519,0.48781550829873294,0.4781430681829819,0.5262586897074821,-0.009672440115751024,0.6783609592805707,1.2230995124593969,1.2254116595758349
KD,29,assay_organism_first,transition,Rattus norvegicus->Rattus norvegicus,2,0.0,0.0,0.0,0.0,0.0,0.0,0.0,0.0
KD,29,context_class,same_vs_different,different,56,0.9471878493388068,0.5386070455727814,0.5570227682160495,0.5389465155237655,0.018415722643268073,0.43136195639675806,0.7305893683409952,0.7180390906719962
KD,29,context_class,same_vs_different,same,1532,1.244966517604439,0.22034409790529025,0.21547101033737837,0.23083692789998872,-0.004873087567911882,0.8230120290067916,1.216234784304297,1.2114640942093617
KD,29,context_class,transition,cell_based->cell_based,36,0.7123654685790088,0.29826666665293566,0.2938399977622857,0.3133143159430227,-0.004426668890649965,0.5813010599069279,0.6462447458206834,0.6468405196685044
KD,29,context_class,transition,cell_based->organism_only,26,1.0200484531340996,0.5766491196742,0.6004722485108669,0.5515010106999794,0.02382312883666693,0.43468458002907107,0.793407624604279,0.7700887673291
KD,29,context_class,transition,organism_only->cell_based,26,1.0200484531340996,0.5684586856136189,0.5849822666738204,0.5936558841247449,0.016523581060201464,0.44271403591953973,0.7652005681843084,0.7621701346837806
KD,29,context_class,transition,organism_only->organism_only,1496,1.2577831203884735,0.2184689558766036,0.21358512561324958,0.22885217792034349,-0.004883830263354011,0.8263063382428537,1.2299511221287691,1.22505129252719
KD,29,context_class,transition,organism_only->tissue_based,2,0.0,0.02185388015537537,0.006642665189661834,0.03706509512108891,-0.015211214965713538,-21853880155.37537,0.02185388015537537,0.006642665189661834
KD,29,context_class,transition,tissue_based->organism_only,2,0.0,0.17274192714085768,0.1790861474587846,0.16639770682293165,0.0063442203179269185,-172741927140.85767,0.17274192714085768,0.1790861474587846
KD,29,readout_class,same_vs_different,different,86,0.7139799115600794,0.4963907396172944,0.4823312827706242,0.5261250770658455,-0.014059456846670204,0.3047553137277246,0.6019921334363003,0.5720950089401438
KD,29,readout_class,same_vs_different,same,1502,1.26426694549854,0.21640449329952935,0.21292568078474614,0.22541705844504054,-0.003478812514783214,0.8288300630890937,1.233297850003833,1.2296757727280436
KD,29,readout_class,transition,binding->binding,174,0.3350493218060087,0.21234001661877697,0.21091267333927485,0.22977919367817443,-0.0014273432795021135,0.366242511776459,0.2759272686442029,0.2794864833607407
KD,29,readout_class,transition,binding->enzyme_activity,10,0.5078220920357646,0.21311713501334478,0.12415202808767534,0.3059106938338245,-0.08896510692566945,0.5803311073785749,0.6361064665006249,0.5576248090650353
KD,29,readout_class,transition,binding->fluorescence,8,0.007311070920699603,0.002399451632292493,0.001741972242912615,0.0036204847839989007,-0.000657479389379878,0.6718057233586666,0.006791075700803617,0.006598437170636684
KD,29,readout_class,transition,binding->mass_spec,2,2.2221288492596694,1.6058034768880867,1.7104982249931568,1.5011087287830178,0.10469474810507018,0.2773580715523852,0.6163253723715827,0.5116306242665125
KD,29,readout_class,transition,binding->not_extracted,7,0.6107974296144524,0.6738762991937026,0.6062026175582783,0.7426913656087282,-0.06767368163542431,-0.10327297811169063,0.14076257464934283,0.0822647767954641
KD,29,readout_class,transition,enzyme_activity->binding,10,0.5078220920357646,0.6724299381181795,0.6393073334372493,0.7055669993692705,-0.0331226046809302,-0.32414471261487,0.993205894371145,0.959557590427783
KD,29,readout_class,transition,enzyme_activity->enzyme_activity,526,0.16157266625937103,0.12875654841177478,0.12975307733243652,0.12740572968068936,0.0009965289206617378,0.20310439016285622,0.10467193470649967,0.1060643355230483
KD,29,readout_class,transition,enzyme_activity->mass_spec,15,1.0143583177445394,0.577397260446127,0.6225551255336722,0.532081123636758,0.04515786508754516,0.43077584089812593,0.9232316985479819,0.8852641811353426
KD,29,readout_class,transition,fluorescence->binding,8,0.007311070920699603,0.0023568412504646474,0.001741972242912615,0.0034987408359192784,-0.0006148690075520324,0.6776339231244772,0.006784117151160007,0.006598437170636684
KD,29,readout_class,transition,fluorescence->fluorescence,774,2.2364136005998714,0.26769046379633493,0.26071228276188024,0.28157298237707484,-0.006978181034454689,0.8803036863465092,2.237489296121266,2.228534849281569
KD,29,readout_class,transition,fluorescence->mass_spec,1,1.6292122373715774,0.5365823688142157,0.10651304653094229,2.036596625862913,-0.43006932228327344,0.6706491907525266,1.0926298685573617,1.7357252839025197
KD,29,readout_class,transition,mass_spec->binding,2,2.2221288492596694,1.3022690488529367,1.5249757382764813,1.0795623594293922,0.22270668942354455,0.41395430364589153,0.9198598004067327,0.6971531109831881
KD,29,readout_class,transition,mass_spec->enzyme_activity,15,1.0143583177445394,0.6993598287943938,0.7133786632523264,0.6838117725435855,0.014018834457932505,0.3105396618135449,0.841625396344819,0.8264157652912534
KD,29,readout_class,transition,mass_spec->fluorescence,1,1.6292122373715774,0.07110064490630386,0.10651304653094229,0.01098658012784881,0.035412401624638434,0.9563588811357008,1.7003128822778812,1.7357252839025197
KD,29,readout_class,transition,not_extracted->binding,7,0.6107974296144524,0.5005377192205331,0.4073751389769634,0.6326953580415148,-0.09316258024356971,0.18051763980656793,0.29229868309416257,0.25467158670319484
KD,29,readout_class,transition,not_extracted->not_extracted,26,0.9484238779935418,0.5066931769718898,0.5028516093499223,0.5246899966365366,-0.003841567621967412,0.46575240382619293,0.6741489656995038,0.6794826424498045
KD,29,readout_class,transition,radio->radio,2,0.0,0.0,0.0,0.0,0.0,0.0,0.0,0.0
KD,31,assay_type_class,same_vs_different,different,52,0.42556717168718106,0.3821743686283371,0.4966753596007037,0.3252305359051265,0.1145009909723666,0.10196463906464204,0.1798449985075133,0.1677924878609319
KD,31,assay_type_class,same_vs_different,same,1610,1.1667553403757394,0.23238913168859046,0.23272861245312498,0.23941604111857617,0.00033948076453452214,0.8008244542392646,1.1462394576903214,1.1564658487172643
KD,31,assay_type_class,transition,adme->adme,46,1.9210081175377463,0.38619655960498617,0.38619655960498617,0.3853828679765075,0.0,0.798961516050232,2.101648144765183,2.101648144765183
KD,31,assay_type_class,transition,adme->binding,26,0.42556717168718106,0.3821743686283371,0.4966753596007037,0.3252305359051265,0.1145009909723666,0.10196463906464204,0.17984499850751343,0.1677924878609319
KD,31,assay_type_class,transition,binding->adme,26,0.42556717168718106,0.3821743686283371,0.4966753596007037,0.3252305359051265,0.1145009909723666,0.10196463906464204,0.1798449985075133,0.1677924878609319
KD,31,assay_type_class,transition,binding->binding,1556,1.1468571909503489,0.22734920883018112,0.22770047106083702,0.2345672041493723,0.0003512622306559021,0.8017632791387155,1.1206632770668719,1.1312445685536183
KD,31,assay_type_class,transition,functional->functional,8,0.6999919349326487,0.32826141712993484,0.3282614171299346,0.3432055771956328,-2.220446049250313e-16,0.5310497153634788,0.6272066382708091,0.6272066382708089
KD,31,bao_format_first,same_vs_different,different,170,0.8804376440342802,0.36397979049459706,0.3771548843677823,0.3953135807690919,0.013175093873185217,0.586592198821947,0.6980335134815583,0.7972608545740336
KD,31,bao_format_first,same_vs_different,same,1492,1.1735463749643744,0.22261595496194547,0.22547175228300592,0.2246437703332631,0.0028557973210604493,0.8103049357817637,1.1636271913618923,1.1629362470013258
KD,31,bao_format_first,transition,BAO_0000019->BAO_0000019,684,1.8672662701360323,0.29510177628106976,0.30117821869829786,0.29217975880573177,0.006076442417228101,0.8419605275365621,1.8590013280930118,1.8552259685176515
KD,31,bao_format_first,transition,BAO_0000019->BAO_0000219,27,1.337220369271279,0.1185738256199055,0.15110560155211297,0.167525674241665,0.03253177593220748,0.9113281338329279,1.2572386977951595,1.358847508939037
KD,31,bao_format_first,transition,BAO_0000019->BAO_0000220,3,1.6634934056744761,0.8474370755569165,0.3044326799769266,1.3446056209159083,-0.5430043955799899,0.4905678179028809,0.8160563301175596,1.710487890312771
KD,31,bao_format_first,transition,BAO_0000019->BAO_0000249,1,0.0,0.0,0.0,0.0,0.0,0.0,0.0,0.0
KD,31,bao_format_first,transition,BAO_0000019->BAO_0000357,30,0.31852464787155743,0.2420153110229958,0.31979427935726384,0.22741017056560112,0.07777896833426803,0.24019910973863917,0.19230728597566585,0.20807013133380753
KD,31,bao_format_first,transition,BAO_0000219->BAO_0000019,27,1.337220369271279,0.18318367474223068,0.22188502954960332,0.16752567424166503,0.038701354807372634,0.863011603059818,1.1922630312202758,1.1689260152358956
KD,31,bao_format_first,transition,BAO_0000219->BAO_0000219,496,0.0995392628314743,0.027455440011016147,0.027455440011016366,0.028187448868939757,2.185751579730777e-16,0.7241747705375337,0.1023064695935159,0.10230646959351614
KD,31,bao_format_first,transition,BAO_0000219->BAO_0000357,7,0.7439344331083354,0.9016426848905467,0.9016426848905467,0.8838316640858641,0.0,-0.2119921390427764,0.6497519565577303,0.6497519565577301
KD,31,bao_format_first,transition,BAO_0000220->BAO_0000019,3,1.6634934056744761,0.8474370755569162,0.3044326799769266,1.3446056209159079,-0.5430043955799896,0.4905678179028811,0.81605633011756,1.710487890312771
KD,31,bao_format_first,transition,BAO_0000220->BAO_0000357,16,1.1861555679787978,0.7321661717054504,0.570220999592431,0.8191534260912172,-0.1619451721130194,0.38274018057086956,0.8150477345395792,0.9651233596040952
KD,31,bao_format_first,transition,BAO_0000221->BAO_0000357,1,0.0,0.15841892862857065,0.7191446870865299,0.12758935521345016,0.5607257584579592,-158418928628.57065,0.15841892862857065,0.7191446870865299
KD,31,bao_format_first,transition,BAO_0000249->BAO_0000019,1,0.0,0.0,0.0,0.0,0.0,0.0,0.0,0.0
KD,31,bao_format_first,transition,BAO_0000357->BAO_0000019,30,0.31852464787155743,0.26161005642170443,0.3393890247559726,0.2434766755280979,0.07777896833426817,0.1786819068168419,0.17050570886337887,0.18626855422152044
KD,31,bao_format_first,transition,BAO_0000357->BAO_0000219,7,0.7439344331083354,0.49628626426346845,0.49628626426346845,0.4725390313489117,0.0,0.33288977875393383,0.4298399264172117,0.4298399264172117
KD,31,bao_format_first,transition,BAO_0000357->BAO_0000220,16,1.1861555679787978,0.7172378110845963,0.7424524475901857,0.8191534260912172,0.025214636505589416,0.3953256803348609,0.9744221137631968,1.2835653113323704
KD,31,bao_format_first,transition,BAO_0000357->BAO_0000221,1,0.0,0.40134310027388764,0.9360656134314951,0.12758935521345016,0.5347225131576074,-401343100273.88763,0.40134310027388764,0.9360656134314951
KD,31,bao_format_first,transition,BAO_0000357->BAO_0000357,312,1.3600948343249644,0.3739599089150865,0.3742950467023877,0.38889928100998067,0.0003351377873012096,0.7250486514047467,1.3263809364677546,1.3313535549407705
KD,31,assay_organism_first,same_vs_different,same,1662,1.1435653375046175,0.2370755530609532,0.24098687409673153,0.24210097116003262,0.00391132103577832,0.7926873565630473,1.1160032892923033,1.1255326268372827
KD,31,assay_organism_first,transition,Cavia porcellus->Cavia porcellus,2,0.0,0.27988101445122915,0.8276051502590125,0.12758935521345016,0.5477241358077833,-279881014451.2291,0.27988101445122915,0.8276051502590125
KD,31,assay_organism_first,transition,Homo sapiens->Homo sapiens,1654,1.145710795316332,0.23629607969852615,0.23956401639130007,0.24145767275694213,0.0032679366927739206,0.7937559105975914,1.1180290517948848,1.126942177990858
KD,31,assay_organism_first,transition,Mus musculus->Mus musculus,4,1.3999838698652973,0.6565228342598692,0.6565228342598692,0.6864111543912648,0.0,0.5310497153634791,1.2544132765416178,1.2544132765416178
KD,31,assay_organism_first,transition,Rattus norvegicus->Rattus norvegicus,2,0.0,0.0,0.0,0.0,0.0,0.0,0.0,0.0
KD,31,context_class,same_vs_different,different,52,1.0775583169497045,0.6795826570110278,0.5959236825575037,0.7951011037821143,-0.0836589744535241,0.3693309713995297,0.7156400851930397,0.9812081389416142
KD,31,context_class,same_vs_different,same,1610,1.1456972412740927,0.22278339815076445,0.22952307655638363,0.2242400973113691,0.006739678405619176,0.8055477571866942,1.128934274766317,1.1301940388686957
KD,31,context_class,transition,cell_based->cell_based,36,0.4674605334793911,0.24324425220063425,0.2432442522006341,0.24656517665967806,-1.6653345369377348e-16,0.4796475107959929,0.46310202647136595,0.4631020264713659
KD,31,context_class,transition,cell_based->organism_only,24,1.16735484336218,0.7582374008205598,0.5823984032977148,0.8792308957145399,-0.17583899752284504,0.35046536609493356,0.6877679664433956,0.8996223281774743
KD,31,context_class,transition,organism_only->cell_based,24,1.16735484336218,0.6908682714990647,0.6398024797219589,0.8328557162122538,-0.051065791777105796,0.4081762923866004,0.8394621336039214,1.1573615436744387
KD,31,context_class,transition,organism_only->organism_only,1574,1.1612096437395372,0.2223154243605514,0.22920925042983153,0.22372948558548655,0.006893826069280129,0.8085484171104443,1.1441629665951722,1.1454515435995112
KD,31,context_class,transition,organism_only->tissue_based,2,0.0,0.20067155013694382,0.46803280671574754,0.06379467760672508,0.2673612565788037,-200671550136.94382,0.20067155013694382,0.46803280671574754
KD,31,context_class,transition,tissue_based->organism_only,2,0.0,0.07920946431428533,0.35957234354326495,0.06379467760672508,0.2803628792289796,-79209464314.28532,0.07920946431428533,0.35957234354326495
KD,31,readout_class,same_vs_different,different,118,0.7991570487317089,0.49257444581380166,0.5049174983121548,0.5407905874081615,0.012343052498353158,0.3836324830075201,0.5370979497479834,0.6783077863610456
KD,31,readout_class,same_vs_different,same,1544,1.1698866963616141,0.21754908327802824,0.22081601032897252,0.21927365592863415,0.0032669270509442794,0.8140426043354344,1.16024605487924,1.1597117273400004
KD,31,readout_class,transition,binding->binding,140,0.29559105382078943,0.18242210153671787,0.18037566601985852,0.18107797349753854,-0.002046435516859346,0.38285648642358266,0.2776455775801474,0.2790152595194569
KD,31,readout_class,transition,binding->enzyme_activity,11,0.9987753606484663,0.13067505581585845,0.19479873573291934,0.2353855484196701,0.06412367991706089,0.8691647181494183,0.9539376095228758,1.1677098295998891
KD,31,readout_class,transition,binding->fluorescence,19,0.3914045031842347,0.3586439163084355,0.4887104445395815,0.32717351864947386,0.130066528231146,0.08370007654300986,0.19746443880401318,0.22961077286232792
KD,31,readout_class,transition,binding->mass_spec,4,1.4139371071056503,0.7980617425785597,0.38559585952888664,1.1724293967953283,-0.412465883049673,0.4355747942620987,0.6158753645270907,1.2919116210381798
KD,31,readout_class,transition,binding->not_extracted,8,0.5947602553566304,0.7490196167097113,0.6973051804172303,0.7849009528266915,-0.05171443629248096,-0.2593639369204048,0.15909686875526297,0.21055874021738175
KD,31,readout_class,transition,enzyme_activity->binding,11,0.9987753606484663,0.29073919013933086,0.3694091001880793,0.2353855484196702,0.07866991004874846,0.7089043226391116,0.7956661497777676,0.7063970567133567
KD,31,readout_class,transition,enzyme_activity->enzyme_activity,566,0.13583764756525415,0.10891938254967531,0.10891938254967555,0.11436686587619475,2.3592239273284576e-16,0.1981649822273884,0.12107762683915148,0.12107762683915169
KD,31,readout_class,transition,enzyme_activity->mass_spec,13,1.2508269547029014,0.7442817524159893,0.8551964983553227,0.8430891132257781,0.11091474593933348,0.40496824951076277,1.12870441074106,1.4089071091031258
KD,31,readout_class,transition,fluorescence->binding,19,0.3914045031842347,0.3586439163084355,0.4887104445395815,0.3271735186494739,0.130066528231146,0.08370007654300986,0.1974644388040131,0.22961077286232792
KD,31,readout_class,transition,fluorescence->fluorescence,810,2.0620764081516905,0.2846566067448743,0.2898926765627814,0.2842369674725723,0.005236069817907085,0.8619563244021488,2.0628773175479167,2.060277099055815
KD,31,readout_class,transition,fluorescence->mass_spec,1,1.6867355479190067,0.995415255581662,0.020228080709798313,1.249834153778174,-0.9751871748718637,0.4098569530892109,0.6913202923373447,1.706963628628805
KD,31,readout_class,transition,luminescence->not_extracted,1,0.0,8.881784197001252e-16,0.0,0.0,-8.881784197001252e-16,-0.0008881784197001252,8.881784197001252e-16,0.0
KD,31,readout_class,transition,mass_spec->binding,4,1.4139371071056503,0.7980617425785594,0.38559585952888664,1.172429396795328,-0.4124658830496728,0.4355747942620989,0.6158753645270909,1.2919116210381798
KD,31,readout_class,transition,mass_spec->enzyme_activity,13,1.2508269547029014,0.7626551193339635,0.6432193315888554,0.8430891132257782,-0.1194357877451081,0.3902792736705049,0.9325513286196846,1.016978553129864
KD,31,readout_class,transition,mass_spec->fluorescence,1,1.6867355479190067,0.995415255581662,0.0202280807097992,1.249834153778174,-0.9751871748718628,0.4098569530892109,0.6913202923373447,1.706963628628806
KD,31,readout_class,transition,mass_spec->not_extracted,1,0.3657349172048683,0.15479119672053088,0.11237120392920907,0.2405614673125971,-0.0424199927913218,0.5767666978490221,0.2109437204843374,0.47810612113407736
KD,31,readout_class,transition,not_extracted->binding,8,0.5947602553566304,0.6990644961426279,0.7993961293847403,0.705307819652797,0.10033163324211236,-0.175371908002586,0.2284546924763251,0.3466897092237632
KD,31,readout_class,transition,not_extracted->luminescence,1,0.0,8.881784197001252e-16,0.0,0.0,-8.881784197001252e-16,-0.0008881784197001252,8.881784197001252e-16,0.0
KD,31,readout_class,transition,not_extracted->mass_spec,1,0.3657349172048683,0.15479119672053088,0.11237120392920907,0.2405614673125971,-0.0424199927913218,0.5767666978490221,0.2109437204843374,0.47810612113407736
KD,31,readout_class,transition,not_extracted->not_extracted,24,0.7294347937250926,0.7452746211022524,0.7906671122069797,0.7497558855095584,0.04539249110472732,-0.021715206778482113,0.5453734944813907,0.5907659855861178
KD,31,readout_class,transition,not_extracted->radio,1,0.0,0.0,0.0,1.7763568394002505e-15,0.0,0.0,0.0,0.0
KD,31,readout_class,transition,radio->not_extracted,1,0.0,0.0,0.0,1.7763568394002505e-15,0.0,0.0,0.0,0.0
KD,31,readout_class,transition,radio->radio,4,0.06246936830414995,0.06246936830414995,0.06246936830414995,0.06246936830414995,0.0,0.0,0.0,0.0
EC50,13,assay_type_class,same_vs_different,different,330,1.0609662174649612,0.43924044206251506,0.44845636479596396,0.4533176954457694,0.0092159227334489,0.5859995965639488,0.8263424348941789,0.8124526842263453
EC50,13,assay_type_class,same_vs_different,same,6022,0.2148085055854165,0.11050262390838046,0.11149384150972737,0.11216258021478141,0.0009912176013469054,0.4855761246174669,0.17865832751984553,0.18055762851805626
EC50,13,assay_type_class,transition,adme->adme,56,0.3627240244552993,0.29785452861881495,0.3178789900561531,0.2908025948397447,0.02002446143733816,0.17883981060779885,0.3036473581757909,0.33614895459776434
EC50,13,assay_type_class,transition,adme->binding,7,0.1582890810205399,0.0982014683583807,0.10078162863056571,0.09814030076572104,0.0025801602721850087,0.3796068072084019,0.1534486403394295,0.14197860685254124
EC50,13,assay_type_class,transition,adme->functional,22,0.7027750451932575,0.4911856129861834,0.4893179303183658,0.5035061870783742,-0.0018676826678176162,0.30107704258179613,0.48423910725887426,0.4752184630706193
EC50,13,assay_type_class,transition,binding->adme,7,0.1582890810205399,0.08374532140921762,0.10875077450394548,0.08315251971947189,0.02500545309472786,0.4709343129084775,0.11050807738023354,0.13063493833516926
EC50,13,assay_type_class,transition,binding->binding,5354,0.17040814225261894,0.07918271063641802,0.07997333668161868,0.0813413396590548,0.0007906260452006653,0.5353349341779994,0.1540349137192145,0.15606356229812685
EC50,13,assay_type_class,transition,binding->functional,136,1.165370230296494,0.43505204712567264,0.4357741831023047,0.472371176327878,0.0007221359766320656,0.6266834042817564,0.8881119842782139,0.8766732817932221
EC50,13,assay_type_class,transition,functional->adme,22,0.7027750451932575,0.48160124402670307,0.5134787579251845,0.44552858750687546,0.031877513898481424,0.31471493286409086,0.5208881837325947,0.49041294554047066
EC50,13,assay_type_class,transition,functional->binding,136,1.165370230296494,0.4640244785947191,0.479390128804816,0.46473929950176934,0.015365650210096893,0.601822265121135,0.940803501672,0.9244826004783662
EC50,13,assay_type_class,transition,functional->functional,612,0.589704381773464,0.36735737716704475,0.3683618391095543,0.36545192844413155,0.001004461942509527,0.37704824905275036,0.38263605917318827,0.3806035701537402
EC50,13,bao_format_first,same_vs_different,different,602,0.7188696216291238,0.29482550793173096,0.30217813677811983,0.2987392197088682,0.007352628846388876,0.5898762458989593,0.566859540564488,0.5568236817775136
EC50,13,bao_format_first,same_vs_different,same,5750,0.2105975930744492,0.11007151152730348,0.11086874358501186,0.11220815431057024,0.0007972320577083886,0.47733727664973047,0.175186784073003,0.177429490139194
EC50,13,bao_format_first,transition,BAO_0000019->BAO_0000019,1090,0.20347379336885887,0.06538023796442,0.06572926829462933,0.06694957542914343,0.0003490303302093323,0.6786798099060443,0.20320635548224444,0.20379948459687303
EC50,13,bao_format_first,transition,BAO_0000019->BAO_0000219,67,0.51304393561786,0.3551626620188361,0.3911261824519568,0.3385287975163795,0.03596352043312068,0.30773441149613645,0.23486090141820906,0.19898482459761793
EC50,13,bao_format_first,transition,BAO_0000019->BAO_0000249,17,0.11368475504648992,0.12041724249258229,0.12681256155594328,0.1052643101033562,0.0063953190633609935,-0.0592206707340769,0.031200228051740483,0.025459388726453265
EC50,13,bao_format_first,transition,BAO_0000019->BAO_0000357,47,1.5378206742660814,0.13330330700916915,0.14906713862757515,0.12318348075242755,0.015763831618406,0.9133167415161799,1.4636043091254896,1.4454123115062156
EC50,13,bao_format_first,transition,BAO_0000219->BAO_0000019,67,0.51304393561786,0.44267926561447507,0.429822190599249,0.465412438355324,-0.012857075015226094,0.13715135316558139,0.17399467641850527,0.15278611079139537
EC50,13,bao_format_first,transition,BAO_0000219->BAO_0000219,1862,0.46960019929903946,0.25645020591684237,0.25915711823297755,0.260700295955766,0.0027069123161351794,0.4538967268335081,0.390521751690596,0.39471147367381443
EC50,13,bao_format_first,transition,BAO_0000219->BAO_0000221,19,0.8956252079057861,0.37908620432079104,0.3902544404339902,0.37901591820684805,0.01116823611319917,0.5767356691453592,0.7744242495834117,0.7698504831580604
EC50,13,bao_format_first,transition,BAO_0000219->BAO_0000249,11,0.8997768135854968,0.9469780160430084,0.8997768135854968,0.9759341363778897,-0.04720120245751158,-0.05245878949627604,0.14587527142898848,0.0
EC50,13,bao_format_first,transition,BAO_0000219->BAO_0000357,140,0.577722685700165,0.255419640406277,0.2640471184785248,0.250613904401466,0.008627478072247785,0.557885389082958,0.5063898108813689,0.5127997020721673
EC50,13,bao_format_first,transition,BAO_0000221->BAO_0000219,19,0.8956252079057861,0.24505568209771064,0.24952013622719152,0.24510571359617417,0.004464454129480877,0.7263859034620999,0.9691187158035617,0.9807922969624979
EC50,13,bao_format_first,transition,BAO_0000249->BAO_0000019,17,0.11368475504648992,0.12781414716359152,0.12379649139444068,0.12833082648699895,-0.004017655769150835,-0.12428572424968998,0.020691736779302278,0.016859429034296897
EC50,13,bao_format_first,transition,BAO_0000249->BAO_0000219,11,0.8997768135854968,0.8618020454276056,0.8997768135854968,0.8902100387729935,0.03797476815789114,0.042204652958956,0.10229970841528138,0.0
EC50,13,bao_format_first,transition,BAO_0000249->BAO_0000249,74,0.44761869288583006,0.3305984414434699,0.3150938411955373,0.3914117758592251,-0.015504600247932598,0.26142842848658115,0.16909726045003723,0.1948541419553501
EC50,13,bao_format_first,transition,BAO_0000357->BAO_0000019,47,1.5378206742660814,0.13822436269987715,0.1450352466981718,0.15980511325557156,0.006810883998294659,0.9101167223116934,1.4681209310494006,1.4587696409978217
EC50,13,bao_format_first,transition,BAO_0000357->BAO_0000219,140,0.577722685700165,0.28238418819987854,0.28505091352209877,0.2945251619557152,0.0026667253222202314,0.5112115290095525,0.48879325264559476,0.4954932926927341
EC50,13,bao_format_first,transition,BAO_0000357->BAO_0000357,2724,0.029967096563019022,0.021906080696328895,0.02202014492452214,0.021231067395298682,0.00011406422819324608,0.26899555816955073,0.016947276807242378,0.01788038164626861
EC50,13,assay_organism_first,same_vs_different,same,6352,0.2587682103902417,0.12758125740820167,0.12899976605073146,0.12988631888389757,0.0014185086425297921,0.5069670373505322,0.2123069036271393,0.21338592958602473
EC50,13,assay_organism_first,transition,Bombyx mori->Bombyx mori,2,0.0,0.13574148542403952,0.13667327806884533,0.13572523322674668,0.0009317926448058067,-135741485424.03952,0.13574148542403952,0.13667327806884533
EC50,13,assay_organism_first,transition,Homo sapiens->Homo sapiens,5982,0.2422251904406709,0.11969508734348298,0.12091874172275796,0.12162674498465403,0.0012236543792749771,0.505852025027924,0.19408175358915325,0.19528461291963195
EC50,13,assay_organism_first,transition,Human immunodeficiency virus 1->Human immunodeficiency virus 1,288,0.5362098002054329,0.27392665568233504,0.27971549987514255,0.28207723369249565,0.005788844192807507,0.4891427654298967,0.5343447995248836,0.5345712278578169
EC50,13,assay_organism_first,transition,Mus musculus->Mus musculus,30,0.456952172487964,0.17191124303413627,0.17227406567332526,0.18575031733294844,0.00036282263918899216,0.6237872289825598,0.33384552061500133,0.3181348984291311
EC50,13,assay_organism_first,transition,Oryctolagus cuniculus->Oryctolagus cuniculus,2,0.0,0.0,0.0,0.0,0.0,0.0,0.0,0.0
EC50,13,assay_organism_first,transition,Rattus norvegicus->Rattus norvegicus,42,0.5856319120729803,0.19560874276565593,0.19653564441680937,0.20330612947179225,0.0009269016511534445,0.6659868789027338,0.5199112485689923,0.5218514006036747
EC50,13,assay_organism_first,transition,Staphylococcus aureus subsp. aureus Mu50->Staphylococcus aureus subsp. aureus Mu50,6,0.32850920697554525,0.3074783789399502,0.30274523547060844,0.3076080541034938,-0.004733143469341783,0.06401899121555091,0.2603297628186348,0.257200714628864
EC50,13,context_class,same_vs_different,different,406,0.753161081242641,0.4396352174728726,0.4427288817508437,0.4479174885781072,0.0030936642779710866,0.416279958667649,0.5323344394071127,0.5243560753847816
EC50,13,context_class,same_vs_different,same,5946,0.22501047316083134,0.10627383934795002,0.10757796635778737,0.10817076979276925,0.0013041270098373414,0.5276938097366322,0.1904550402691391,0.19215251566165617
EC50,13,context_class,transition,cell_based->cell_based,1028,0.6077983340632794,0.3436743551782342,0.3454040469845112,0.3534814745516315,0.0017296918062770228,0.4345585765583007,0.45792532475793996,0.46393158402229356
EC50,13,context_class,transition,cell_based->organism_only,179,0.7167530995995328,0.4221406237816461,0.41469421877539453,0.43132048917228516,-0.007446405006251544,0.4110376027428327,0.4863043225700791,0.4761768600257373
EC50,13,context_class,transition,cell_based->tissue_based,24,1.0247039443308228,0.6101193307451016,0.6256263306662199,0.6099071577090062,0.015506999921118259,0.4045896533134391,0.8921844910685616,0.893729674425853
EC50,13,context_class,transition,organism_only->cell_based,179,0.7167530995995328,0.43471765969403753,0.44650459908400353,0.4443534027368368,0.011786939389966,0.3934903665754292,0.4594089686963933,0.44901754963493995
EC50,13,context_class,transition,organism_only->organism_only,4918,0.14499706913323543,0.05665047003653641,0.05786564206249007,0.05689394903390175,0.0012151720259536633,0.6092992060102869,0.13454624554476188,0.13534306420278358
EC50,13,context_class,transition,tissue_based->cell_based,24,1.0247039443308228,0.436308400581519,0.4407627357508752,0.4362959135817717,0.004454335169356227,0.5742102848384684,1.059694811539321,1.0762189621141527
EC50,13,readout_class,same_vs_different,different,1470,0.48624081613218423,0.2540259964617559,0.2559854649989654,0.2566627116648489,0.001959468537209519,0.47757163110572953,0.3750746805975061,0.3780326613707317
EC50,13,readout_class,same_vs_different,same,4882,0.19027482029588377,0.08950797465344447,0.09076359696963684,0.0917131731673883,0.0012556223161923757,0.5295858142750757,0.16329653243778267,0.16380979363282533
EC50,13,readout_class,transition,absorbance_color->absorbance_color,56,0.3800059560205624,0.21521639037204224,0.21557930937277442,0.21287061188431475,0.0003629190007321814,0.4336499547907173,0.3287178313645263,0.3283144064760219
EC50,13,readout_class,transition,absorbance_color->binding,1,1.112073954272363,1.005744885822983,1.112073954272363,0.7481703058325433,0.10632906844938006,0.09561330704750821,0.10632906844938006,0.0
EC50,13,readout_class,transition,absorbance_color->enzyme_activity,1,2.047956454660614,1.7950866937672725,2.047956454660614,1.8624468594355879,0.2528697608933417,0.12347418829041805,0.2528697608933417,0.0
EC50,13,readout_class,transition,absorbance_color->fluorescence,4,0.40915090611374083,0.42398004044306514,0.43673035654106585,0.366129476985108,0.012750316098000702,-0.03624367955133387,0.11155326185837922,0.027579450427325014
EC50,13,readout_class,transition,absorbance_color->luminescence,1,1.4447385572188054,1.2720958687404718,1.4447385572188054,1.3402901062988484,0.17264268847833364,0.11949752958118562,0.17264268847833364,0.0
EC50,13,readout_class,transition,absorbance_color->not_extracted,7,0.4733715617370775,0.48003743634740587,0.5580991924870338,0.4761161071711713,0.0780617561396279,-0.01408169638638063,0.16249516110373832,0.2584574654539336
EC50,13,readout_class,transition,absorbance_color->radio,3,0.9908887960846838,0.9701081138743769,0.9908887960846838,1.0700670159508983,0.020780682210306933,0.020971760193896637,0.06048305577948435,0.0
EC50,13,readout_class,transition,binding->absorbance_color,1,1.112073954272363,1.1858158606623563,1.112073954272363,1.1983477429309755,-0.07374190638999334,-0.06631025401385571,0.07374190638999334,0.0
EC50,13,readout_class,transition,binding->binding,308,0.0337405807825348,0.052828755203018544,0.0529147113139605,0.05031388647627147,8.595611094195516e-05,-0.5657334277530988,0.02207565139892114,0.02004888326780196
EC50,13,readout_class,transition,binding->enzyme_activity,1,0.9358825003882512,0.7120177197092952,0.9358825003882512,0.8496087117296387,0.223864780678956,0.23920180213444062,0.223864780678956,0.0
EC50,13,readout_class,transition,binding->fluorescence,4,1.058395217247508,0.9389977952985744,1.058395217247508,0.9239190307185032,0.11939742194893355,0.11280986535392876,0.11939742194893355,0.0
EC50,13,readout_class,transition,binding->htrf_alphascreen,28,0.7777769342216801,0.13585967997521717,0.13798793410029297,0.13499200409469908,0.002128254125075807,0.8253230791535728,0.6753862269138013,0.6718136128705579
EC50,13,readout_class,transition,binding->not_extracted,19,0.9609686645093604,0.848490973605962,0.8992015907312334,0.7924241227835356,0.05071061712527136,0.11704615879522545,0.19115595542514172,0.18428183646526528
EC50,13,readout_class,transition,binding->radio,57,0.09151260921394473,0.09459087693224594,0.09151260921394473,0.09828691334563133,-0.003078267718301206,-0.0336376346903694,0.003949270656021638,0.0
EC50,13,readout_class,transition,cell_viability->cell_viability,252,0.5151072485656091,0.3196186202793389,0.32329561231567744,0.31920683265973976,0.0036769920363385333,0.379510536554546,0.5047232359473576,0.5077022282443479
EC50,13,readout_class,transition,enzyme_activity->absorbance_color,1,2.047956454660614,1.8297321127081503,2.047956454660614,1.8624468594355879,0.21822434195246387,0.10655712012618347,0.21822434195246387,0.0
EC50,13,readout_class,transition,enzyme_activity->binding,1,0.9358825003882512,0.6875793231490057,0.9358825003882512,0.7885127203289155,0.24830317723924544,0.2653144781916926,0.24830317723924544,0.0
EC50,13,readout_class,transition,enzyme_activity->enzyme_activity,58,0.21171730439631875,0.1553664992048852,0.15307881176333896,0.1564701756687903,-0.0022876874415462545,0.266160601997601,0.26182822267417877,0.26639069604591636
EC50,13,readout_class,transition,enzyme_activity->fluorescence,10,0.10953155570702329,0.10649923879253861,0.09846550162066015,0.10767651909158368,-0.008033737171878469,0.027684413819480152,0.01587357465296364,0.02391875395341083
EC50,13,readout_class,transition,enzyme_activity->not_extracted,21,0.5288564645669143,0.39682884505498944,0.4324000173158783,0.4057001845495551,0.03557117226088885,0.24964735870259908,0.19446275689783785,0.15722311969456934
EC50,13,readout_class,transition,enzyme_activity->radio,201,0.07546495512000526,0.05215511662224127,0.05377944844475502,0.052128798859046775,0.0016243318225137512,0.3088829571381366,0.07218345470758757,0.0750887383422642
EC50,13,readout_class,transition,fluorescence->absorbance_color,4,0.40915090611374083,0.5167238626157651,0.4320885771526486,0.5435027431612289,-0.0846352854631165,-0.26291755656559584,0.10757295650202425,0.02293767103890776
EC50,13,readout_class,transition,fluorescence->binding,4,1.058395217247508,0.9959626701398345,1.058395217247508,1.0060631136643907,0.06243254710767343,0.058987933893009506,0.09287041159151932,0.0
EC50,13,readout_class,transition,fluorescence->enzyme_activity,10,0.10953155570702329,0.1031506826722679,0.09874656329810376,0.09343280316600958,-0.004404119374164142,0.05825602488312178,0.022352245053091212,0.030274376892206422
EC50,13,readout_class,transition,fluorescence->fluorescence,858,0.20869748123372936,0.02258230680074377,0.02309142865374371,0.02366879746271163,0.0005091218529999393,0.8917940615897857,0.20645124758228767,0.20475488005380177
EC50,13,readout_class,transition,fluorescence->htrf_alphascreen,14,0.5167826744095664,0.27221162650659325,0.15580953723686758,0.18764455429679547,-0.11640208926972567,0.4732570575869247,0.4091004383840041,0.584600961664627
EC50,13,readout_class,transition,fluorescence->luminescence,50,0.7583831388655935,0.40161558347216625,0.4069695579905215,0.4320245690219507,0.005353974518355231,0.4704318135646952,0.5469103560335415,0.564878932554799
EC50,13,readout_class,transition,fluorescence->not_extracted,97,1.0077605806762766,0.2795180305256055,0.28354442959143195,0.28629232247271136,0.004026399065826469,0.7226344869155036,1.0156896627090142,1.0086048733169646
EC50,13,readout_class,transition,fluorescence->radio,46,0.20226744227372165,0.21329622057985756,0.1935400184462686,0.23081671416316504,-0.019756202133588946,-0.05452572189651284,0.07372318539181259,0.0573223091315166
EC50,13,readout_class,transition,htrf_alphascreen->binding,28,0.7777769342216801,0.14238960986036028,0.13754139573946397,0.14171976180016108,-0.00484821412089631,0.8169274459098619,0.67898873556904,0.6756159039534986
EC50,13,readout_class,transition,htrf_alphascreen->fluorescence,14,0.5167826744095664,0.3018080337895988,0.18230899063228748,0.20076926069958473,-0.11949904315731133,0.4159865476635416,0.4378822961096894,0.6267800211349585
EC50,13,readout_class,transition,htrf_alphascreen->htrf_alphascreen,30,0.1646746395254065,0.1960244681610638,0.1847897175156156,0.1708930426549275,-0.01123475064544821,-0.19037435713238984,0.1298862121682415,0.18356074093410987
EC50,13,readout_class,transition,htrf_alphascreen->luminescence,25,1.48013441014605,0.533049214521938,0.5255064950031058,0.5479627498157558,-0.0075427195188322305,0.6398643184916293,1.345159375414055,1.3557033160006104
EC50,13,readout_class,transition,htrf_alphascreen->not_extracted,19,0.41017948962283074,0.34607599018636553,0.3254033857444269,0.35945774836083105,-0.020672604441938636,0.15628158174220222,0.29858626250219367,0.2767554656563514
EC50,13,readout_class,transition,luminescence->absorbance_color,1,1.4447385572188054,1.3339673899197066,1.4447385572188054,1.3402901062988493,0.11077116729909875,0.0766721194956815,0.11077116729909875,0.0
EC50,13,readout_class,transition,luminescence->fluorescence,50,0.7583831388655935,0.40495631703204793,0.4343040089478902,0.37442109297598436,0.029347691915842244,0.46602673994336075,0.7019974087242586,0.7089594469350399
EC50,13,readout_class,transition,luminescence->htrf_alphascreen,25,1.48013441014605,0.27611611515009993,0.26654179359036295,0.2773770289380489,-0.009574321559736976,0.8134519991850911,1.413601115725062,1.4333882676107832
EC50,13,readout_class,transition,luminescence->luminescence,324,0.5868440568767738,0.2117895590460202,0.21938943066782632,0.2190916037375586,0.007599871621806115,0.639104193756039,0.5974198134876706,0.6032764081519515
EC50,13,readout_class,transition,luminescence->not_extracted,92,0.5725178420608844,0.38758045549908837,0.37683232685133283,0.4012862341422141,-0.01074812864775554,0.32302466923315354,0.4312965297601252,0.4592798249373596
EC50,13,readout_class,transition,luminescence->radio,2,0.0,0.005630625388020505,0.005630625388020505,0.005630625388020505,0.0,-5630625388.020505,0.005630625388020505,0.005630625388020505
EC50,13,readout_class,transition,not_extracted->absorbance_color,7,0.4733715617370775,0.5133290161823643,0.5580991924870338,0.5593450567585674,0.04477017630466951,-0.08441033994238997,0.1457274131033714,0.2584574654539336
EC50,13,readout_class,transition,not_extracted->binding,19,0.9609686645093604,1.0213918376035018,1.0552443532451363,0.9680134821074061,0.033852515641634495,-0.06287736044441324,0.2751728746851234,0.2902994932489357
EC50,13,readout_class,transition,not_extracted->enzyme_activity,21,0.5288564645669143,0.24383401659904133,0.2758285378975023,0.2585994711418166,0.03199452129846095,0.5389410304387232,0.4469507237980792,0.4324029187143762
EC50,13,readout_class,transition,not_extracted->fluorescence,97,1.0077605806762766,0.3086953362980307,0.3064628338192236,0.314254885885327,-0.0022325024788070746,0.6936818702604195,1.044729646959633,1.0400326906527828
EC50,13,readout_class,transition,not_extracted->htrf_alphascreen,19,0.41017948962283074,0.3333860508105472,0.32593896260901856,0.3676689015586379,-0.007447088201528618,0.18721910957297463,0.2334344104756687,0.21344965412835487
EC50,13,readout_class,transition,not_extracted->luminescence,92,0.5725178420608844,0.28363192750170624,0.27881099075932503,0.3024751118990413,-0.00482093674238121,0.5045884919835505,0.4809303137441346,0.515814038601254
EC50,13,readout_class,transition,not_extracted->not_extracted,648,0.4537738387150568,0.2472714337129427,0.25277285516495485,0.25681857918274525,0.005501421452012156,0.4550778105385344,0.34237118997145194,0.33661969882137605
EC50,13,readout_class,transition,not_extracted->radio,32,0.5433798966965786,0.49960408680240187,0.5386370404512112,0.46191784767245914,0.03903295364880932,0.08056207114084861,0.1718443419044648,0.1066440387213054
EC50,13,readout_class,transition,radio->absorbance_color,3,0.9908887960846838,0.9024963381132457,0.9908887960846838,0.8611518336830116,0.08839245797143813,0.08920522496641883,0.2206406438452889,0.0
EC50,13,readout_class,transition,radio->binding,57,0.09151260921394473,0.08141802559597815,0.09151260921394473,0.06404828059838127,0.010094583617966585,0.11030811715101188,0.01380082681591239,0.0
EC50,13,readout_class,transition,radio->enzyme_activity,201,0.07546495512000526,0.03911653996116429,0.039430873978274605,0.045809650783385086,0.0003143340171103126,0.4816595345619604,0.0750736938885162,0.08078721882526457
EC50,13,readout_class,transition,radio->fluorescence,46,0.20226744227372165,0.21760772516271504,0.2137876701942767,0.23460732228824996,-0.0038200549684383467,-0.07584158239482708,0.04780186502541616,0.03135746337604916
EC50,13,readout_class,transition,radio->luminescence,2,0.0,0.005139210265264094,0.005139210265264094,0.005139210265264094,0.0,-5139210265.264093,0.005139210265264094,0.005139210265264094
EC50,13,readout_class,transition,radio->not_extracted,32,0.5433798966965786,0.5041370509469529,0.5042283421656458,0.5433390428192859,9.129121869289047e-05,0.07221990726598178,0.17826852082710756,0.16421827422375748
EC50,13,readout_class,transition,radio->radio,2348,0.03704301957967585,0.027679450201749396,0.02732262334613309,0.028948956413922425,-0.00035682685561630456,0.25277554271153163,0.014130141540877848,0.015753619006135047
EC50,17,assay_type_class,same_vs_different,different,798,0.7717204315237401,0.4229327959971015,0.4422054887850376,0.44629528336885216,0.01927269278793614,0.45196112643793473,0.45689752008877466,0.4027733688880294
EC50,17,assay_type_class,same_vs_different,same,6492,0.2977353567710497,0.17456409739962991,0.1833640602842018,0.18131282949104163,0.008799962884571882,0.41369376048319007,0.21083077153796376,0.20225892739284776
EC50,17,assay_type_class,transition,adme->adme,22,0.5038571099558236,0.3827581373195344,0.3849741924141307,0.38424106900843497,0.0022160550945963253,0.24034387972992322,0.3451955168658229,0.344338496719408
EC50,17,assay_type_class,transition,adme->binding,12,0.15580857683525048,0.16113033790600415,0.15499233265530168,0.1572935616177328,-0.006138005250702461,-0.034155764585288566,0.1767855195031418,0.16785359241888212
EC50,17,assay_type_class,transition,adme->functional,17,1.217230578837954,0.35450503940113,0.4058189845987083,0.3474784486716914,0.051313945197578315,0.708760981227104,1.0087986713040278,0.9474898960217911
EC50,17,assay_type_class,transition,binding->adme,12,0.15580857683525048,0.05591360864251945,0.05411758964428537,0.05298361500341323,-0.0017960189982340821,0.6411390837512005,0.09989496819273103,0.12568168618300665
EC50,17,assay_type_class,transition,binding->binding,5792,0.2501389029057955,0.13856390566588317,0.14768729488755206,0.1435053248661786,0.009123389221668887,0.4460521571965655,0.18965176234022993,0.18255011997506976
EC50,17,assay_type_class,transition,binding->functional,370,0.7712265659883896,0.4385599768084037,0.45462217331295746,0.46378143431115093,0.01606219650455376,0.43134741961805556,0.4396758444008919,0.3860041175367114
EC50,17,assay_type_class,transition,functional->adme,17,1.217230578837954,0.33082271044420314,0.4030723680123686,0.3443558253286918,0.07224965756816548,0.7282168915276285,1.0485436566423645,0.9767233552288584
EC50,17,assay_type_class,transition,functional->binding,370,0.7712265659883896,0.43507589373141814,0.4551602807099526,0.46016215312367015,0.020084386978534485,0.4358650065771101,0.44224100858127835,0.3847502061340015
EC50,17,assay_type_class,transition,functional->functional,678,0.697652734672948,0.4753499995288677,0.48160064180416745,0.49770906181821567,0.006250642275299756,0.318643823919494,0.3873983185528036,0.3660165410190805
EC50,17,bao_format_first,same_vs_different,different,1134,0.7136662424925518,0.4036173807206962,0.4309987829676827,0.4219809542797448,0.027381402246986486,0.4344451836323076,0.4294716679408272,0.38402731461499107
EC50,17,bao_format_first,same_vs_different,same,6156,0.28255901909146275,0.16456601393548004,0.17130065619398083,0.1713288049108115,0.006734642258500789,0.41758711342988153,0.2024523584162451,0.194767889901497
EC50,17,bao_format_first,transition,BAO_0000019->BAO_0000019,1054,0.29770246504468545,0.06388997945228837,0.06118268208137822,0.06622337886833422,-0.002707297370910154,0.7853898205287,0.2734113071248315,0.2761890702144705
EC50,17,bao_format_first,transition,BAO_0000019->BAO_0000219,137,0.5477057475363957,0.4777154966927393,0.5180434856132357,0.4994282032127643,0.04032798892049633,0.127788052541854,0.15435317447397373,0.10383390377501532
EC50,17,bao_format_first,transition,BAO_0000019->BAO_0000249,5,0.3225145522667102,0.3057179001498952,0.3300566593559452,0.331739446450862,0.024338759206049998,0.052080292187636476,0.025298648562358396,0.00851057398336046
EC50,17,bao_format_first,transition,BAO_0000019->BAO_0000357,81,1.412414902437621,0.21579805645373576,0.23661271555940963,0.22785572956014383,0.02081465910567387,0.8472134101096639,1.2418835375995554,1.2015039591012684
EC50,17,bao_format_first,transition,BAO_0000219->BAO_0000019,137,0.5477057475363957,0.4959618825042893,0.5464797658154789,0.4920178656831362,0.05051788331118956,0.09447383976679546,0.16058644860243856,0.1419130673173314
EC50,17,bao_format_first,transition,BAO_0000219->BAO_0000219,2390,0.5559641355272725,0.36748955409482575,0.382419994786619,0.3817235938855842,0.014930440691793223,0.33900492745579497,0.3688989456604159,0.34688393168845605
EC50,17,bao_format_first,transition,BAO_0000219->BAO_0000221,17,0.8030870736557264,0.24367968166412132,0.23559705900101005,0.2374532252202054,-0.008082622663111272,0.6965712814242309,0.8121483436328795,0.8101257761568946
EC50,17,bao_format_first,transition,BAO_0000219->BAO_0000249,5,0.6140733109805563,0.38239485337775425,0.6140733109805563,0.4076441583192789,0.23167845760280203,0.37728143115820545,0.23741028625829444,0.0
EC50,17,bao_format_first,transition,BAO_0000219->BAO_0000357,322,0.6114038677483221,0.4142503759312222,0.44145493664460334,0.4389087630628146,0.02720456071338112,0.32246032813494735,0.33418877706943056,0.2775076204738497
EC50,17,bao_format_first,transition,BAO_0000221->BAO_0000219,17,0.8030870736557264,0.2587765924381189,0.25670302466021555,0.25767894443522593,-0.0020735677779033512,0.6777726837761888,0.8526763624909167,0.856626632398954
EC50,17,bao_format_first,transition,BAO_0000249->BAO_0000019,5,0.3225145522667102,0.33197948484886214,0.3277414709549323,0.32908936514866094,-0.0042380138939298595,-0.029347303914288782,0.009464932582151952,0.005806368609584211
EC50,17,bao_format_first,transition,BAO_0000249->BAO_0000219,5,0.6140733109805563,0.4227191104122426,0.6140733109805563,0.4076441583192789,0.1913542005683137,0.3116145859893472,0.20098769265390287,0.0
EC50,17,bao_format_first,transition,BAO_0000249->BAO_0000249,44,0.22001863139571698,0.148456207946924,0.14851392955098025,0.14842999821736444,5.7721604056260034e-05,0.32525619759939145,0.18128097464677456,0.18133869625083096
EC50,17,bao_format_first,transition,BAO_0000357->BAO_0000019,81,1.412414902437621,0.20601063626637495,0.2226458124573328,0.21425856391177953,0.016635176190957862,0.8541429746239361,1.2443760523458525,1.2141847735048967
EC50,17,bao_format_first,transition,BAO_0000357->BAO_0000219,322,0.6114038677483221,0.4378800317497273,0.45268844374875467,0.4650949649431907,0.014808411999027382,0.2838121332755848,0.3236351002394622,0.2744876488871281
EC50,17,bao_format_first,transition,BAO_0000357->BAO_0000357,2668,0.032691086835964646,0.02282467616484435,0.026057680725678708,0.024756511392661565,0.0032330045608343592,0.3018073617627757,0.025665801232376353,0.0265578526450963
EC50,17,assay_organism_first,same_vs_different,same,7290,0.34962014273163217,0.2017517821020692,0.21169814258100106,0.21031913925709,0.009946360478931854,0.4229400499474839,0.2377664732311801,0.22420824485692936
EC50,17,assay_organism_first,transition,Bombyx mori->Bombyx mori,10,0.09206433535613438,0.19633998197284094,0.2094621227211957,0.20475884646730513,0.013122140748354744,-1.1326388901123863,0.14547079966016546,0.15929028968058628
EC50,17,assay_organism_first,transition,Homo sapiens->Homo sapiens,6720,0.3213242168468349,0.17854240812389385,0.18556879122700626,0.18700403281985356,0.007026383103112405,0.4443543350826888,0.21290510159277973,0.19838144590762616
EC50,17,assay_organism_first,transition,Human immunodeficiency virus 1->Human immunodeficiency virus 1,490,0.7024100676532914,0.5101156548010317,0.5617414658735481,0.5216435135513254,0.0516258110725164,0.2737637481403184,0.52525442328857,0.5216248426064557
EC50,17,assay_organism_first,transition,Mus musculus->Mus musculus,14,0.181982935930173,0.24237241877678212,0.22375713002417058,0.2304949664052567,-0.018615288752611536,-0.3318414583100286,0.2588134855136181,0.25824511605663264
EC50,17,assay_organism_first,transition,Rattus norvegicus->Rattus norvegicus,46,0.821264457781115,0.23069834475890844,0.2284591386625546,0.22831106979768825,-0.002239206096353835,0.7190937187490043,0.8160949823830634,0.817532764515611
EC50,17,assay_organism_first,transition,Staphylococcus aureus subsp. aureus Mu50->Staphylococcus aureus subsp. aureus Mu50,10,0.4004600638240353,0.5040100537499479,0.5267522665949586,0.5177275789580497,0.022742212845010656,-0.25857756935136755,0.26021737570105213,0.2943773941287204
EC50,17,context_class,same_vs_different,different,1028,0.6665406969098412,0.5021035937287577,0.5301850707008333,0.5291034659657523,0.028081476972075636,0.24670227030912398,0.3447178495326689,0.29458833584139543
EC50,17,context_class,same_vs_different,same,6262,0.2975929422054107,0.15244458594233815,0.15941379858432475,0.15798597287949423,0.006969212641986605,0.4877412588732877,0.22020882154834226,0.21265431104472385
EC50,17,context_class,transition,cell_based->cell_based,1346,0.6190642194527651,0.4144680246247947,0.4251699406887742,0.4335797782839098,0.010701916063979466,0.33049268298663353,0.37368020404186514,0.34035632539171395
EC50,17,context_class,transition,cell_based->organism_only,488,0.6500498495795456,0.5160448330651312,0.5415484549868468,0.5403007335608013,0.025503621921715625,0.2061457542080647,0.31422063104716885,0.26349519670171684
EC50,17,context_class,transition,cell_based->tissue_based,26,0.9760612160323123,0.25135798883084626,0.2416236819002983,0.2445471668198024,-0.00973430693054797,0.7424772291920212,0.9156383860600074,0.92095591061937
EC50,17,context_class,transition,organism_only->cell_based,488,0.6500498495795456,0.5133001159504074,0.5474092186340771,0.5462460599086056,0.034109102683669734,0.21036807210645217,0.31653742769986254,0.2617902175814084
EC50,17,context_class,transition,organism_only->organism_only,4916,0.20957415880936944,0.08070261107118548,0.0866498101236679,0.08252843380822829,0.005947199052482421,0.6149209829605313,0.1781883819966169,0.1776895202979686
EC50,17,context_class,transition,tissue_based->cell_based,26,0.9760612160323123,0.28103275092223257,0.28218047015530945,0.28174236393876306,0.0011477192330768826,0.7120746667256892,0.8751314851335399,0.8674105153340665
EC50,17,readout_class,same_vs_different,different,2066,0.5983510186095063,0.3694022521922378,0.38956118580549953,0.3878614849966925,0.02015893361326171,0.38263286816042713,0.35685454557226554,0.32896799567726714
EC50,17,readout_class,same_vs_different,same,5224,0.25125146172786345,0.13544897367820083,0.1413564413363966,0.14010426821995012,0.005907467658195775,0.46090274362300465,0.19066923788342308,0.18277760833418474
EC50,17,readout_class,transition,absorbance_color->absorbance_color,72,0.3640917716998236,0.16635394576948329,0.1705487513132661,0.16921520227264433,0.00419480554378282,0.5430988594089013,0.3235367390036797,0.32450348978075355
EC50,17,readout_class,transition,absorbance_color->binding,1,1.112073954272363,1.0068357025744294,1.112073954272363,1.1348529886372543,0.10523825169793355,0.09463242196584992,0.10523825169793355,0.0
EC50,17,readout_class,transition,absorbance_color->enzyme_activity,3,0.834312721662514,0.5814197129006816,0.8743671385705752,0.5184083950460963,0.2929474256698936,0.30311536932806066,0.4715065555688482,0.2501228328585219
EC50,17,readout_class,transition,absorbance_color->fluorescence,4,0.0,0.10147395543699922,0.12716742804159287,0.11727445179119944,0.025693472604593648,-101473955436.99922,0.10147395543699922,0.12716742804159287
EC50,17,readout_class,transition,absorbance_color->not_extracted,3,0.6824596270244898,0.6404082707348474,0.6976282932197186,0.5962709528026521,0.057220022484871236,0.061617353795689674,0.05425430128016817,0.01519866771378838
EC50,17,readout_class,transition,absorbance_color->radio,2,1.1804726258568454,1.0883313364112839,1.1804726258568454,1.2275052940224258,0.09214128944556155,0.0780545752839299,0.09214128944556155,0.0
EC50,17,readout_class,transition,binding->absorbance_color,1,1.112073954272363,1.1504989101509393,1.112073954272363,1.1348529886372543,-0.038424955878576306,-0.03455251850019093,0.038424955878576306,0.0
EC50,17,readout_class,transition,binding->binding,222,0.010233103470871195,0.02448016664522833,0.024707804656348892,0.024627763161580767,0.00022763801112056156,-1.392252430058172,0.017854566285469935,0.018464782679938382
EC50,17,readout_class,transition,binding->enzyme_activity,1,0.9358825003882512,0.2459155574647074,0.9358825003882512,0.29345576924509587,0.6899669429235438,0.7372367178970766,0.6899669429235438,0.0
EC50,17,readout_class,transition,binding->htrf_alphascreen,28,0.8464651960476574,0.10625724307947085,0.10587751864714313,0.10608732783339973,-0.00037972443232771325,0.8744694482707492,0.7852118747246791,0.7859113436965515
EC50,17,readout_class,transition,binding->luminescence,8,0.6347724554145163,0.5961187177477564,0.6347724554145163,0.5852106399426921,0.038653737666759946,0.06089384839724725,0.04616365208579576,0.0
EC50,17,readout_class,transition,binding->not_extracted,18,0.7639348747737625,0.7397649164970707,0.7267334010628704,0.744947755136631,-0.013031515434200225,0.031638768008660105,0.15425019783798488,0.2204150858814664
EC50,17,readout_class,transition,binding->radio,47,0.0029105817695524437,0.0005169287492231485,0.0029105817695524437,0.0006222785507172954,0.002393653020329295,0.8223967611455781,0.0024490016840102544,0.0
EC50,17,readout_class,transition,cell_viability->cell_viability,296,0.6097825502064443,0.409864937975114,0.44258290570017367,0.40836356330757456,0.03271796772505969,0.32785066113100064,0.4843683821149135,0.4823725681168698
EC50,17,readout_class,transition,cell_viability->not_extracted,54,0.9244393268228482,0.8188748275781399,0.932875234902644,0.8442995122210135,0.11400040732450412,0.11419299913117806,0.5455048408757873,0.4832856736528215
EC50,17,readout_class,transition,enzyme_activity->absorbance_color,3,0.834312721662514,0.6455934115275591,0.8743671385705752,0.5062083056779464,0.22877372704301613,0.22619733013167853,0.39793963887956824,0.2501228328585219
EC50,17,readout_class,transition,enzyme_activity->binding,1,0.9358825003882512,0.22123274110426738,0.9358825003882512,0.29345576924509587,0.7146497592839838,0.7636105590044809,0.7146497592839838,0.0
EC50,17,readout_class,transition,enzyme_activity->enzyme_activity,38,0.3932599111477216,0.2479536708819974,0.2625585259737602,0.26947156602011973,0.01460485509176282,0.3694916164773843,0.3515000221683018,0.3504399237410663
EC50,17,readout_class,transition,enzyme_activity->fluorescence,5,0.1279525344158518,0.1102605375279115,0.1051828047771913,0.10659186301953838,-0.005077732750720196,0.13826999964252742,0.022821691319281003,0.031485422563480726
EC50,17,readout_class,transition,enzyme_activity->not_extracted,13,0.6865987307763568,0.44171583133977127,0.442069909647086,0.4690586613428232,0.00035407830731470913,0.35666086821874754,0.48219691798623654,0.46537911020034517
EC50,17,readout_class,transition,enzyme_activity->radio,149,0.05472371320635253,0.041252300155036406,0.046003378596504337,0.04202236048020108,0.0047510784414679305,0.2461713992345153,0.06488050957651315,0.06003897379940411
EC50,17,readout_class,transition,fluorescence->absorbance_color,4,0.0,0.048104410012163035,0.06316672586380445,0.05719852262208214,0.015062315851641417,-48104410012.16303,0.048104410012163035,0.06316672586380445
EC50,17,readout_class,transition,fluorescence->enzyme_activity,5,0.1279525344158518,0.1070795811433646,0.10521206078956702,0.10068201773284997,-0.001867520353797586,0.16313044026661566,0.030733178050017608,0.04423959839979972
EC50,17,readout_class,transition,fluorescence->fluorescence,1032,0.2703203699287749,0.04152095155205101,0.039471142614400066,0.049257229247218336,-0.002049808937650943,0.8464009517189136,0.2635877890364915,0.25219664467076475
EC50,17,readout_class,transition,fluorescence->htrf_alphascreen,17,0.13325725691137372,0.1303972994670687,0.19266102593824883,0.21004782912943362,0.062263726471180114,0.021461926431572104,0.12362560892443011,0.15199280601274068
EC50,17,readout_class,transition,fluorescence->luminescence,176,0.626902652654807,0.5139100202777317,0.5419916280617358,0.5180523624958163,0.028081607784004148,0.18023951868535604,0.27568361317385964,0.20978172002365209
EC50,17,readout_class,transition,fluorescence->not_extracted,112,1.3688351182207004,0.3238116562541388,0.3056620658538578,0.3395228893176038,-0.018149590400281024,0.7634399848865289,1.2446565137845076,1.2203137170169769
EC50,17,readout_class,transition,fluorescence->radio,43,0.15682696998305914,0.1596688901973908,0.22809283967418156,0.15255999220125294,0.06842394947679076,-0.018121374242189674,0.09580487287958578,0.17196177027538204
EC50,17,readout_class,transition,htrf_alphascreen->binding,28,0.8464651960476574,0.07991322331005676,0.08262695655040964,0.07841675626608476,0.0027137332403528724,0.9055918380540745,0.8041843296088186,0.8032560749951144
EC50,17,readout_class,transition,htrf_alphascreen->fluorescence,17,0.13325725691137372,0.19219807585538884,0.19560287362135909,0.28020580694409736,0.0034047977659702466,-0.44230851144726235,0.17614137350059053,0.15493465369585097
EC50,17,readout_class,transition,htrf_alphascreen->htrf_alphascreen,38,0.5242184204502218,0.3298790749632966,0.2939699658158771,0.32840192594840556,-0.035909109147419516,0.37072208435563564,0.3454911912497853,0.3335732969036796
EC50,17,readout_class,transition,htrf_alphascreen->luminescence,30,1.0568724617200647,0.47362005172131144,0.48011939545731713,0.47051935747607165,0.006499343736005692,0.5518664087902407,0.7534467094181126,0.7262755251032842
EC50,17,readout_class,transition,htrf_alphascreen->not_extracted,22,0.693459487075478,0.5718118937474849,0.7300640333544716,0.6417020892748809,0.1582521396069867,0.17542134125385853,0.5057054213447691,0.6182368794076433
EC50,17,readout_class,transition,htrf_alphascreen->radio,4,3.6475353005349014,3.2942220713260966,3.6475353005349014,3.35431320418999,0.3533132292088048,0.09686355308391185,0.3533132292088048,0.0
EC50,17,readout_class,transition,luminescence->binding,8,0.6347724554145163,0.5735488580175985,0.6347724554145163,0.585210639942692,0.06122359739691785,0.09644967558798355,0.06873351181595344,0.0
EC50,17,readout_class,transition,luminescence->fluorescence,176,0.626902652654807,0.49261979946681983,0.5413347652601058,0.5237649680966358,0.04871496579328599,0.2142004865018935,0.2712373844180627,0.19470631974812938
EC50,17,readout_class,transition,luminescence->htrf_alphascreen,30,1.0568724617200647,0.31204836644524026,0.3191022039610805,0.3132123175036246,0.007053837515840267,0.7047435922993205,0.8330488951877596,0.8114216730909062
EC50,17,readout_class,transition,luminescence->luminescence,610,0.6094822695250093,0.38096688506362425,0.4014717029373028,0.3950755902170153,0.020504817873678527,0.3749336049422324,0.402148429363465,0.3709785257240176
EC50,17,readout_class,transition,luminescence->not_extracted,253,0.5593698177240504,0.4320788765420599,0.43590467069071354,0.4566688919398148,0.0038257941486536384,0.22756133267952963,0.22774046160271372,0.1815005167928135
EC50,17,readout_class,transition,luminescence->radio,5,0.16513507300032906,0.30822091676926,0.231300666789431,0.42059994172081205,-0.07692024997982899,-0.8664776123521973,0.26271045133878135,0.06616559378910196
EC50,17,readout_class,transition,not_extracted->absorbance_color,3,0.6824596270244898,0.5843099884069037,0.6976282932197186,0.5962709528026521,0.11331830481281491,0.14381750177005564,0.1272389546742918,0.01519866771378838
EC50,17,readout_class,transition,not_extracted->binding,18,0.7639348747737625,0.6909812692312295,0.7073405669884271,0.7265755965397901,0.016359297757197577,0.0954971529008125,0.10653924156254327,0.1397620245956485
EC50,17,readout_class,transition,not_extracted->cell_viability,54,0.9244393268228482,0.8714704111982775,0.932875234902644,0.9141645330111503,0.06140482370436651,0.057298423041581885,0.4963033295953523,0.4832856736528215
EC50,17,readout_class,transition,not_extracted->enzyme_activity,13,0.6865987307763568,0.39586683561381236,0.38849292646412,0.4180830885150739,-0.007373909149692381,0.4234378569762364,0.4789290565890579,0.46766462997699876
EC50,17,readout_class,transition,not_extracted->fluorescence,112,1.3688351182207004,0.29679315350469027,0.2878129433745259,0.32130387666922544,-0.008980210130164368,0.783178302810874,1.1708469095192557,1.1431856889319916
EC50,17,readout_class,transition,not_extracted->htrf_alphascreen,22,0.693459487075478,0.6037251435394404,0.5611723399798749,0.6510772007729986,-0.04255280355956548,0.12940098911109232,0.46245635042501065,0.4305830977572974
EC50,17,readout_class,transition,not_extracted->luminescence,253,0.5593698177240504,0.41244180344861925,0.40889284919494906,0.4517749476462627,-0.003548954253670189,0.26266703997946844,0.25509685688553435,0.22226595591028955
EC50,17,readout_class,transition,not_extracted->not_extracted,716,0.531520653109684,0.35284557669447414,0.3657604658396927,0.3649448199422506,0.012914889145218544,0.3361582948279879,0.3475309503860229,0.3270830473492099
EC50,17,readout_class,transition,not_extracted->radio,35,0.6365558273647858,0.5366506178741812,0.5885769349417581,0.5297738484636101,0.05192631706757689,0.1569465005201385,0.22519256527469125,0.17819115080221343
EC50,17,readout_class,transition,radio->absorbance_color,2,1.1804726258568454,1.2263720394772069,1.1804726258568454,1.2275052940224263,-0.04589941362036143,-0.03888223463635623,0.04589941362036143,0.0
EC50,17,readout_class,transition,radio->binding,47,0.0029105817695524437,0.0024456673252223693,0.0029105817695524437,0.0006222785507172954,0.00046491444433007434,0.15973248001260024,0.0014897540279033904,0.0
EC50,17,readout_class,transition,radio->enzyme_activity,149,0.05472371320635253,0.02545006023037358,0.030171344505758122,0.02614379896919032,0.004721284275384541,0.5349354285516714,0.06775412571312787,0.06299752137862132
EC50,17,readout_class,transition,radio->fluorescence,43,0.15682696998305914,0.11295633104887416,0.19059495661661952,0.13076962546270035,0.07763862556774535,0.2797391222882391,0.10179476020076661,0.2270495284399214
EC50,17,readout_class,transition,radio->htrf_alphascreen,4,3.6475353005349014,3.384334133752151,3.6475353005349014,3.3543132041899897,0.2632011667827503,0.07215863455636812,0.2632011667827503,0.0
EC50,17,readout_class,transition,radio->luminescence,5,0.16513507300032906,0.2365682735772813,0.20071131291267505,0.41219923985555446,-0.03585696066460625,-0.4325743724763418,0.20096460332472557,0.035576239912346
EC50,17,readout_class,transition,radio->not_extracted,35,0.6365558273647858,0.5469075489185111,0.5872620771043042,0.5207853858143523,0.040354528185793104,0.14083333243118779,0.24274395533766346,0.19711142472071774
EC50,17,readout_class,transition,radio->radio,2200,0.016985397394692528,0.008644925735341773,0.009551060239444624,0.007967713667050898,0.0009061345041028509,0.4910377700057182,0.014897150858952738,0.017198504762551123
EC50,23,assay_type_class,same_vs_different,different,360,1.0154796953200245,0.36635962679643164,0.35715447726970495,0.3747462391102069,-0.009205149526726686,0.6392250593637179,0.9032650061530134,0.8847331371113843
EC50,23,assay_type_class,same_vs_different,same,6614,0.25778641762204685,0.15130438842351396,0.1575089165177045,0.15183797049963524,0.006204528094190531,0.41306299292560616,0.20838345724848792,0.2073960383342919
EC50,23,assay_type_class,transition,adme->adme,24,0.6105616059816088,0.4785835740084816,0.46337106527060223,0.49341827521514353,-0.015212508737879382,0.21615841985501885,0.28001029377895864,0.2912405085198175
EC50,23,assay_type_class,transition,adme->binding,7,0.11414822749794926,0.17820140513871013,0.17967036140702156,0.17967036140702156,0.0014689562683114221,-0.5611403614822809,0.27393951377047,0.2754084700387814
EC50,23,assay_type_class,transition,adme->functional,20,0.8346517968576908,0.443245633244317,0.4166128546071226,0.45475246855250767,-0.026632778637194376,0.4689454513689965,0.694607398548919,0.6663757020313239
EC50,23,assay_type_class,transition,binding->adme,7,0.11414822749794926,0.1498444976862168,0.15340545801456518,0.15340545801456518,0.003560960328348378,-0.31271856752141725,0.12967023953567786,0.13323119986402623
EC50,23,assay_type_class,transition,binding->binding,5912,0.19120230402597807,0.09468352735221547,0.10189119528629713,0.09285887952519864,0.00720766793408166,0.5047992343264278,0.17192033665762813,0.17823998845098296
EC50,23,assay_type_class,transition,binding->functional,153,1.0803547165226468,0.3283090715471456,0.32348251757909635,0.339238960419501,-0.004826553968049263,0.6961099289649249,0.9561512552749553,0.9406481639830091
EC50,23,assay_type_class,transition,functional->adme,20,0.8346517968576908,0.4986319755803413,0.4843814191431138,0.5225210330884987,-0.014250556437227502,0.4025868302714998,0.74679807510313,0.7207904825232934
EC50,23,assay_type_class,transition,functional->binding,153,1.0803547165226468,0.39558368760610757,0.3838651661211517,0.39952996318117373,-0.01171852148495589,0.633839070116361,0.9622933490969453,0.9410520188907581
EC50,23,assay_type_class,transition,functional->functional,678,0.8258965578275467,0.6334398311956041,0.6316553418127058,0.6540303872071527,-0.0017844893828983244,0.23302764106219823,0.5237978006945526,0.4586619669857225
EC50,23,bao_format_first,same_vs_different,different,548,0.7736035215209242,0.273963568119299,0.28404947461151253,0.27724152877217095,0.010085906492213526,0.6458604950754623,0.6472587513120592,0.6463094997288535
EC50,23,bao_format_first,same_vs_different,same,6426,0.25624608258231557,0.15289210322914112,0.15790234571709966,0.15363159433506257,0.005010242487958533,0.40333876838867727,0.20988574427911225,0.20791218814996784
EC50,23,bao_format_first,transition,BAO_0000019->BAO_0000019,1068,0.2999558938480156,0.0679550231572309,0.07004085712600996,0.06885904727239688,0.002085833968779066,0.773449948639239,0.2736487202712976,0.270788677427524
EC50,23,bao_format_first,transition,BAO_0000019->BAO_0000219,53,0.32484078339451733,0.3084492551861591,0.321556420177465,0.30127726994762916,0.013107164991305875,0.050460191719371605,0.14019403030397876,0.12140979626436117
EC50,23,bao_format_first,transition,BAO_0000019->BAO_0000249,13,0.0,0.030031818217884493,0.03017694137636501,0.03017694137636501,0.00014512315848051738,-30031818217.884495,0.030031818217884493,0.03017694137636501
EC50,23,bao_format_first,transition,BAO_0000019->BAO_0000357,51,1.7641423614238987,0.06685717234964075,0.060645478510723376,0.07369136417518739,-0.006211693838917377,0.962102167142748,1.7488776626520655,1.7426137149457386
EC50,23,bao_format_first,transition,BAO_0000219->BAO_0000019,53,0.32484078339451733,0.29042124967633043,0.30626705880362953,0.2859879085737937,0.015845809127299104,0.10595816620841161,0.13996689351990746,0.12768010063015267
EC50,23,bao_format_first,transition,BAO_0000219->BAO_0000219,2100,0.5825700652415248,0.4022719383442663,0.41578268581007893,0.4044516656519356,0.013510747465812656,0.3094874550797759,0.4699942587083318,0.4620258773615583
EC50,23,bao_format_first,transition,BAO_0000219->BAO_0000221,19,0.9634036023149739,0.2562660259808432,0.25479734859998293,0.28533732893324065,-0.0014686773808602616,0.7339993068688362,0.870680485912105,0.9194066392986989
EC50,23,bao_format_first,transition,BAO_0000219->BAO_0000249,7,1.112888603554293,1.3856462261081848,1.112888603554293,1.449726484969595,-0.2727576225538917,-0.2450897795904916,0.3398151777806659,0.0
EC50,23,bao_format_first,transition,BAO_0000219->BAO_0000357,131,0.600646215842293,0.27729661241166303,0.3068078504270077,0.27316143258675357,0.029511238015344665,0.5383362034125083,0.49318032384239757,0.512291339112767
EC50,23,bao_format_first,transition,BAO_0000221->BAO_0000219,19,0.9634036023149739,0.24175122564952523,0.23999304679153302,0.27053302712479077,-0.0017581788579922042,0.7490654746685415,0.8591702502448356,0.9073276687558479
EC50,23,bao_format_first,transition,BAO_0000221->BAO_0000221,2,0.0,0.07611854272379581,0.0,0.12082308368856509,-0.07611854272379581,-76118542723.7958,0.07611854272379581,0.0
EC50,23,bao_format_first,transition,BAO_0000249->BAO_0000019,13,0.0,0.027759282259074904,0.027857965026541025,0.027857965026541025,9.868276746612115e-05,-27759282259.074905,0.027759282259074904,0.027857965026541025
EC50,23,bao_format_first,transition,BAO_0000249->BAO_0000219,7,1.112888603554293,1.1941159686617848,1.112888603554293,1.449726484969595,-0.08122736510749173,-0.07298786675330439,0.24407712645778507,0.0
EC50,23,bao_format_first,transition,BAO_0000249->BAO_0000249,78,0.3794937870754302,0.3138224815054187,0.2990892120973352,0.32516833241892645,-0.014733269408083505,0.17304975155484778,0.16058171458439505,0.1898556070347322
EC50,23,bao_format_first,transition,BAO_0000357->BAO_0000019,51,1.7641423614238987,0.06725219139539848,0.0571504855498225,0.07019637121428655,-0.01010170584557598,0.9618782515141708,1.7651144888796935,1.7551395325514512
EC50,23,bao_format_first,transition,BAO_0000357->BAO_0000219,131,0.600646215842293,0.35843143010818174,0.3851078884171628,0.35166961674711217,0.026676458308981077,0.4032569911298796,0.4452164136031846,0.45815156208854324
EC50,23,bao_format_first,transition,BAO_0000357->BAO_0000357,3178,0.023060660681307073,0.012746138908970608,0.013657721655993006,0.012190650958173168,0.0009115827470223981,0.4472778085103779,0.01787394756995043,0.01943937500035119
EC50,23,assay_organism_first,same_vs_different,same,6974,0.2968987749451429,0.1624056052021561,0.16781468105322503,0.1633445630863582,0.005409075851068923,0.4529933468665766,0.24425345403736506,0.24236038527431966
EC50,23,assay_organism_first,transition,Bombyx mori->Bombyx mori,4,0.3449899859591512,0.3548252861067651,0.35497506225114517,0.35497506225114517,0.00014977614438005382,-0.028508943876354918,0.11952894614042653,0.11987997373201376
EC50,23,assay_organism_first,transition,Homo sapiens->Homo sapiens,6310,0.27048306558753077,0.13735347286691704,0.13791091489463664,0.14014031543572542,0.0005574420277195957,0.4921919693250881,0.21273211921235227,0.2048923095843373
EC50,23,assay_organism_first,transition,Human immunodeficiency virus 1->Human immunodeficiency virus 1,602,0.541517909591775,0.41936498077197937,0.4757257107205559,0.4012470073962682,0.05636072994857655,0.225575048684689,0.547166333514679,0.6076089399305524
EC50,23,assay_organism_first,transition,Mus musculus->Mus musculus,16,0.49582670392670736,0.17513558220565578,0.17648636316769722,0.17648636316769722,0.0013507809620414424,0.6467806578010689,0.3613225495587174,0.3618002844524913
EC50,23,assay_organism_first,transition,Rattus norvegicus->Rattus norvegicus,34,0.7266677376458903,0.1585324089395445,0.1660390701092529,0.15409963734518137,0.007506661169708384,0.7818364560216675,0.6958072495274085,0.6920772104397801
EC50,23,assay_organism_first,transition,Staphylococcus aureus subsp. aureus Mu50->Staphylococcus aureus subsp. aureus Mu50,8,0.47628009365429924,0.4808732626495318,0.48072804785713963,0.48072804785713963,-0.0001452147923921565,-0.009643839951384629,0.2216325486713937,0.22141524832793946
EC50,23,context_class,same_vs_different,different,426,0.6523413766514043,0.45199562879322874,0.5184183351598842,0.43539308421594325,0.06642270636665548,0.30711795239264056,0.546322329904856,0.5944023368039879
EC50,23,context_class,same_vs_different,same,6548,0.2737743784382908,0.14356544789461226,0.14500509695893105,0.14564562142459836,0.0014396490643187876,0.4756067068307776,0.22460144714678,0.21945722837883416
EC50,23,context_class,transition,cell_based->cell_based,1076,0.7820332608364374,0.5546188578188295,0.555349806543762,0.5691445382186046,0.000730948724932512,0.29079888849532165,0.5582539219253824,0.5216258839436115
EC50,23,context_class,transition,cell_based->organism_only,196,0.6363716686747981,0.45609263018228247,0.5244598181047508,0.43146479101835117,0.06836718792246838,0.28329205614689734,0.5438834368091944,0.593430663237795
EC50,23,context_class,transition,cell_based->tissue_based,17,0.8364627156758057,0.2632734709462356,0.2531757591526842,0.2842936581235282,-0.0100977117935514,0.685253788349038,0.8000677145246217,0.825926642995913
EC50,23,context_class,transition,organism_only->cell_based,196,0.6363716686747981,0.4816342897467739,0.5594053197254185,0.46654950259177946,0.0777710299786446,0.2431556691551881,0.504986172119615,0.5554977387273312
EC50,23,context_class,transition,organism_only->organism_only,5472,0.1738316596041523,0.0627369630484029,0.06431596912390217,0.06236988413104013,0.0015790060754992674,0.6390935736834885,0.15899288302730336,0.1600395614585673
EC50,23,context_class,transition,tissue_based->cell_based,17,0.8364627156758057,0.2517654443373161,0.24145034457658077,0.2725682435474248,-0.010315099760735358,0.6990117555521806,0.7972775319119655,0.8226279860237433
EC50,23,readout_class,same_vs_different,different,1616,0.6180341248263024,0.3661790635188627,0.38321977517312494,0.3691404896095066,0.01704071165426224,0.40750995971011017,0.4942303580742428,0.4843315995840629
EC50,23,readout_class,same_vs_different,same,5358,0.20004272317060875,0.10094649571357865,0.10284741115816001,0.10127546691961538,0.0019009154445813609,0.4953753172641763,0.1688591507668174,0.16938063866652847
EC50,23,readout_class,transition,absorbance_color->absorbance_color,56,0.3750189397489217,0.18656625829552073,0.18677481406328672,0.18677481406328672,0.00020855576776598883,0.5025151038493458,0.2909088305703241,0.2912504639164572
EC50,23,readout_class,transition,absorbance_color->enzyme_activity,2,0.48642387697819256,0.30149612600960785,0.16685944153561483,0.38056846451020654,-0.13463668447399302,0.38017819379552253,0.18492775096858471,0.31956443544257773
EC50,23,readout_class,transition,absorbance_color->fluorescence,1,0.0,0.05709752306829152,0.058290352667212275,0.058290352667212275,0.0011928295989207527,-57097523068.29153,0.05709752306829152,0.058290352667212275
EC50,23,readout_class,transition,absorbance_color->not_extracted,3,0.35171868357926517,0.4539777043284001,0.4537119595039168,0.4541337766856361,-0.00026574482448332715,-0.29074094019827446,0.14407520502774643,0.14380946020326313
EC50,23,readout_class,transition,binding->binding,244,0.05100100846507824,0.05515547839368156,0.05933846747290397,0.06182273517885605,0.004182989079222411,-0.0814585839307079,0.02181169432930794,0.009607708551275719
EC50,23,readout_class,transition,binding->fluorescence,1,0.8703188153721904,1.0375034776165135,1.2771863946018263,0.8967373200219644,0.23968291698531274,-0.1920958840500615,0.16718466224432316,0.4068675792296359
EC50,23,readout_class,transition,binding->htrf_alphascreen,33,0.8541445633731154,0.07394661423118505,0.08016346957891098,0.07025722439000759,0.006216855347725925,0.9134261137960519,0.8385936253235654,0.8450124148956493
EC50,23,readout_class,transition,binding->luminescence,4,0.8493456264554105,0.7558687225971763,0.8494847342521152,0.6965940136068938,0.09361601165493894,0.11005755601326048,0.22406187253210574,0.0001391077967047849
EC50,23,readout_class,transition,binding->not_extracted,10,0.41396188450439875,0.41589908860785385,0.37560648593431906,0.43172654072358085,-0.040292602673534794,-0.004679667805103247,0.18233236089998367,0.12898145741688422
EC50,23,readout_class,transition,binding->radio,56,0.09181028975176783,0.10677296682365037,0.09785233115690699,0.11307966108516045,-0.008920635666743379,-0.162973857422059,0.014962677071882544,0.006042041405139166
EC50,23,readout_class,transition,cell_viability->cell_viability,456,0.5125103875188567,0.3273949883374163,0.33493562172623187,0.32400832363610244,0.007540633388815554,0.3611934581026018,0.49112745903049243,0.4976528629639103
EC50,23,readout_class,transition,cell_viability->not_extracted,54,0.43779852940479147,0.5718510689641554,0.7989691575924865,0.49603748087621863,0.22711808862833116,-0.30619687037691723,0.613965355667478,0.8625450870478736
EC50,23,readout_class,transition,enzyme_activity->absorbance_color,2,0.48642387697819256,0.3014961260096074,0.16685944153561483,0.38056846451020654,-0.13463668447399257,0.3801781937955235,0.18492775096858516,0.31956443544257773
EC50,23,readout_class,transition,enzyme_activity->enzyme_activity,46,0.4986915590691176,0.2523317158653977,0.2517686233910082,0.2517686233910082,-0.0005630924743895149,0.49401245864996673,0.31883432312684107,0.31967817807128546
EC50,23,readout_class,transition,enzyme_activity->fluorescence,10,0.09897391982743944,0.11295709822701969,0.11357777020270232,0.11257104633288781,0.0006206719756826351,-0.1412814448893188,0.05460612210158509,0.06980107356838436
EC50,23,readout_class,transition,enzyme_activity->htrf_alphascreen,4,0.9506675250533112,0.829507153997084,0.9506675250533112,1.0615129696465848,0.12116037105622723,0.12744768056469882,0.4755918167740205,0.0
EC50,23,readout_class,transition,enzyme_activity->not_extracted,18,0.7857278767608614,0.6540012508720435,0.6384605121088893,0.6680548789987029,-0.015540738763154205,0.1676491693687346,0.2906158522012331,0.2297145624058593
EC50,23,readout_class,transition,enzyme_activity->radio,166,0.1554472283547856,0.1072185463567097,0.11352623085364057,0.10915063774692221,0.006307684496930865,0.31025758714720203,0.07693820293446167,0.07019659910092652
EC50,23,readout_class,transition,fluorescence->absorbance_color,1,0.0,0.049781813320860735,0.05042353050039239,0.05042353050039239,0.0006417171795316534,-49781813320.86073,0.049781813320860735,0.05042353050039239
EC50,23,readout_class,transition,fluorescence->binding,1,0.8703188153721904,1.0375034776165126,1.2771863946018271,0.8967373200219644,0.23968291698531452,-0.19209588405006048,0.16718466224432227,0.4068675792296368
EC50,23,readout_class,transition,fluorescence->enzyme_activity,10,0.09897391982743944,0.11465165079688777,0.11536733267162971,0.11423719070050957,0.0007156818747419413,-0.1584026478569544,0.05201048507542314,0.0670599047857972
EC50,23,readout_class,transition,fluorescence->fluorescence,836,0.26450629659592856,0.014680976997651616,0.01598248312935464,0.014710281491277,0.0013015061317030244,0.9444966823603488,0.26527514222454834,0.26450036406270455
EC50,23,readout_class,transition,fluorescence->htrf_alphascreen,9,0.42553793829368647,0.23198832041636427,0.2343447506565869,0.2353745024379505,0.0023564302402226123,0.45483516382443734,0.37873115454862977,0.38394647036406826
EC50,23,readout_class,transition,fluorescence->luminescence,46,0.6033358406709598,0.3702362466033876,0.37544006263850116,0.3680116056732871,0.005203816035113551,0.38635131274208073,0.5252349575315154,0.5177065725755865
EC50,23,readout_class,transition,fluorescence->not_extracted,116,1.2889592187067478,0.2984981091800892,0.3058394770843698,0.2913015844897609,0.007341367904280638,0.7684192759181463,1.193573714536244,1.1907906884071464
EC50,23,readout_class,transition,fluorescence->radio,49,0.17996742435573204,0.1680910591607779,0.15972005569016293,0.16736556411134076,-0.00837100347061498,0.06599174954840024,0.08530890933462655,0.08552353024205464
EC50,23,readout_class,transition,htrf_alphascreen->binding,33,0.8541445633731154,0.062408439550014114,0.06570659377507956,0.060520284773378834,0.00329815422506545,0.92693457029855,0.8515589574720536,0.8595389122628407
EC50,23,readout_class,transition,htrf_alphascreen->enzyme_activity,4,0.9506675250533112,1.0651695778813388,0.9506675250533112,1.0615129696465844,-0.11450205282802761,-0.12044384583517419,0.48350357284322376,0.0
EC50,23,readout_class,transition,htrf_alphascreen->fluorescence,9,0.42553793829368647,0.1866790053292087,0.17885846884822676,0.19127598183672628,-0.007820536480981938,0.5613105471212497,0.3067523408274304,0.29556345644803933
EC50,23,readout_class,transition,htrf_alphascreen->htrf_alphascreen,48,0.353622217045056,0.25367887550047136,0.24909822254137723,0.25678828933083137,-0.004580652959094128,0.28262743890848513,0.33429731329268314,0.32286484671414334
EC50,23,readout_class,transition,htrf_alphascreen->luminescence,32,1.3855439252735142,0.589610894402096,0.5971143109960662,0.5954024327346092,0.007503416593970136,0.5744552852875426,1.055729463327822,1.0698653868279426
EC50,23,readout_class,transition,htrf_alphascreen->not_extracted,42,0.8510430453147892,0.8305811256502147,0.7414890440475679,0.9040798074390656,-0.08909208160264681,0.024043342786504968,0.554317261443182,0.3795543862237249
EC50,23,readout_class,transition,htrf_alphascreen->radio,8,2.6560895562217604,2.427485618835179,2.6560895562217604,2.567661141020526,0.22860393738658136,0.08606785748285022,0.40173424427133053,0.0
EC50,23,readout_class,transition,luminescence->binding,4,0.8493456264554105,0.6967063882480737,0.8494847342521152,0.6965940136068938,0.1527783460040415,0.17971392734939817,0.15291745380074628,0.0001391077967047849
EC50,23,readout_class,transition,luminescence->fluorescence,46,0.6033358406709598,0.47618459320746,0.4810199346509085,0.47733146990009995,0.004835341443448493,0.21074704814833645,0.6335546238583437,0.6368052493612882
EC50,23,readout_class,transition,luminescence->htrf_alphascreen,32,1.3855439252735142,0.3480368215619772,0.34935202120905484,0.3549722487077861,0.0013151996470776584,0.7488085255086571,1.245195195083972,1.2621619334910061
EC50,23,readout_class,transition,luminescence->luminescence,268,0.7114450846691709,0.3008233360932482,0.30779459397599734,0.299663236606728,0.00697125788274916,0.5771657678496239,0.6283452570614172,0.6190933581803328
EC50,23,readout_class,transition,luminescence->not_extracted,110,0.5547075724454453,0.6373930751622777,0.6480262563241798,0.6463976507189261,0.010633181161902039,-0.14906142772183698,0.6954913214209157,0.6985286297728829
EC50,23,readout_class,transition,luminescence->radio,5,0.4941780474093228,0.5087231648259676,0.5955427971774891,0.5436474454582962,0.08681963235152157,-0.0294329493041952,0.3164770096074724,0.10136474976816637
EC50,23,readout_class,transition,not_extracted->absorbance_color,3,0.35171868357926517,0.45397770432840073,0.45371195950391713,0.45413377668563665,-0.0002657448244836047,-0.29074094019827623,0.14407520502774704,0.14380946020326343
EC50,23,readout_class,transition,not_extracted->binding,10,0.41396188450439875,0.4223865703249986,0.40133313617849586,0.4574531909677577,-0.021053434146502736,-0.02035135633486163,0.14630120318092138,0.10325480717270744
EC50,23,readout_class,transition,not_extracted->cell_viability,54,0.43779852940479147,0.5718510689641554,0.7989691575924865,0.49603748087621896,0.22711808862833116,-0.30619687037691723,0.613965355667478,0.8625450870478732
EC50,23,readout_class,transition,not_extracted->enzyme_activity,18,0.7857278767608614,0.6075859576315414,0.5657895729687721,0.5953839398585857,-0.04179638466276936,0.22672215712099267,0.34594446271949253,0.28433067725458266
EC50,23,readout_class,transition,not_extracted->fluorescence,116,1.2889592187067478,0.2529803861512097,0.2568342044798416,0.2519377985733525,0.0038538183286319083,0.8037328237544764,1.2541620196479,1.2602895870382356
EC50,23,readout_class,transition,not_extracted->htrf_alphascreen,42,0.8510430453147892,0.8022490913654783,0.7246266239060627,0.8842902370580864,-0.07762246745941559,0.05733429609457973,0.6179434057920182,0.4269147621192145
EC50,23,readout_class,transition,not_extracted->luminescence,110,0.5547075724454453,0.2588208423208286,0.2635770006076623,0.26149163149964,0.004756158286833734,0.533410295482701,0.4241901019603674,0.4252214146681239
EC50,23,readout_class,transition,not_extracted->not_extracted,534,0.49340516032499593,0.3559237683036292,0.3571273396962437,0.3608103766344451,0.0012035713926145108,0.27863792898073975,0.34093954222269085,0.3426674047060613
EC50,23,readout_class,transition,not_extracted->radio,29,1.1202625534364834,1.1073639184149326,1.1548468593035117,1.1351823327847312,0.04748294088857907,0.01151393928323614,0.3626614882217973,0.16473452979712142
EC50,23,readout_class,transition,radio->binding,56,0.09181028975176783,0.10422122906288542,0.09785233115690699,0.11307966108516042,-0.0063688979059784295,-0.13518026513883874,0.012410939311117586,0.006042041405139166
EC50,23,readout_class,transition,radio->enzyme_activity,166,0.1554472283547856,0.0952981858542939,0.09849823188295055,0.09411152901626091,0.0032000460286566584,0.3869418781993996,0.07946821128494656,0.07432950378623664
EC50,23,readout_class,transition,radio->fluorescence,49,0.17996742435573204,0.14135384153786862,0.14241440636465993,0.1501354768886779,0.001060564826791316,0.21455873448262508,0.08760042836571869,0.08528781307462015
EC50,23,readout_class,transition,radio->htrf_alphascreen,8,2.6560895562217604,2.464888177408678,2.6560895562217604,2.567661141020527,0.1912013788130822,0.07198604368034288,0.3559361221968811,0.0
EC50,23,readout_class,transition,radio->luminescence,5,0.4941780474093228,0.5131791210194612,0.5262988583205482,0.4744035066013552,0.013119737301087064,-0.03844985367065478,0.36004945040502945,0.032120810911225386
EC50,23,readout_class,transition,radio->not_extracted,29,1.1202625534364834,1.0971438325588851,1.1347526557604066,1.1150881292416257,0.03760882320152148,0.020636877316554024,0.2766218488158435,0.107802875940128
EC50,23,readout_class,transition,radio->radio,2870,0.031181981516961766,0.021230827208323665,0.022053460623642038,0.020959770307345287,0.0008226334153183731,0.31913155689689143,0.01959559140119551,0.021509067004368856
EC50,29,assay_type_class,same_vs_different,different,568,1.0324818029728149,0.4449112969791689,0.4380587039049726,0.4477147353930775,-0.006852593074196334,0.5690855802996817,0.7476152326793994,0.7546776804758044
EC50,29,assay_type_class,same_vs_different,same,6306,0.29861672300034,0.16951542968563302,0.1717878782492091,0.1704835967395459,0.002272448563576085,0.43233108989197494,0.2277847230796578,0.2366920764858892
EC50,29,assay_type_class,transition,adme->adme,44,0.5809479131167108,0.39261039339374276,0.38880922014297953,0.39388646097972263,-0.0038011732507632345,0.3241900271447082,0.3028351897349327,0.30524792879254564
EC50,29,assay_type_class,transition,adme->binding,12,0.38924611989927466,0.3678000440919817,0.37843040159031033,0.36364299046595333,0.010630357498328635,0.055096440814471244,0.30538713439085513,0.2944400029144843
EC50,29,assay_type_class,transition,adme->functional,27,0.9366917359678474,0.4187000205683006,0.3883385895739717,0.4351607301608513,-0.030361430994328864,0.5530012655276882,0.6220557414696574,0.6526261746169681
EC50,29,assay_type_class,transition,binding->adme,12,0.38924611989927466,0.2384921467753863,0.1913171855165905,0.2536936882418133,-0.047174961258795806,0.3872973047564328,0.2648709408528429,0.26945215535932115
EC50,29,assay_type_class,transition,binding->binding,5596,0.26062844696690196,0.14207394709250637,0.14446861957297233,0.14285110985531313,0.002394672480465959,0.4548793550899346,0.21282757774405475,0.22041439460979903
EC50,29,assay_type_class,transition,binding->functional,245,1.0745436805483928,0.4479454822495814,0.4423865413378292,0.44991392994063806,-0.0055589409117522415,0.5831295736428577,0.7863714337713974,0.7941353074553985
EC50,29,assay_type_class,transition,functional->adme,27,0.9366917359678474,0.48086566355788557,0.4695083238501241,0.48710214256503404,-0.011357339707761482,0.48663402793766974,0.6665543558557347,0.7073005476458255
EC50,29,assay_type_class,transition,functional->binding,245,1.0745436805483928,0.4546905868212452,0.45075021829601186,0.45617926187640645,-0.003940368525233329,0.576852393204533,0.7769342096212103,0.777996101156339
EC50,29,assay_type_class,transition,functional->functional,666,0.5991569937480861,0.38535080234025737,0.3869975366709732,0.38790352253173627,0.0016467343307158266,0.3568450233224231,0.34850238789227417,0.3689344943193844
EC50,29,bao_format_first,same_vs_different,different,722,0.8332625463139652,0.32000403783130854,0.31874522775534986,0.32445891513590547,-0.0012588100759586829,0.6159625327612719,0.6267306842565067,0.6468535595480779
EC50,29,bao_format_first,same_vs_different,same,6152,0.30362665164012026,0.17728072187379143,0.17912510559463168,0.1780091342676724,0.0018443837208402536,0.41612265946957433,0.22895909653267604,0.2363798580683618
EC50,29,bao_format_first,transition,BAO_0000019->BAO_0000019,1110,0.30670598849521624,0.08563273832737502,0.08389860431636446,0.08611323502807143,-0.0017341340110105519,0.7207986099407034,0.2877829993206277,0.2860149190239036
EC50,29,bao_format_first,transition,BAO_0000019->BAO_0000219,94,0.4674073647722348,0.38071333037419913,0.39932496353302244,0.3778365169190917,0.018611633158823304,0.1854785374215942,0.14931232581903328,0.16505505955231026
EC50,29,bao_format_first,transition,BAO_0000019->BAO_0000249,3,0.0,0.011624280074396273,0.012001208118680514,0.011539699718919513,0.00037692804428424154,-11624280074.396273,0.011624280074396273,0.012001208118680514
EC50,29,bao_format_first,transition,BAO_0000019->BAO_0000357,55,2.0171222089864242,0.08114004509293064,0.08508568863939217,0.0801019516850681,0.0039456435464615275,0.9597743534172367,1.9402221086811424,1.9370947094347672
EC50,29,bao_format_first,transition,BAO_0000219->BAO_0000019,94,0.4674073647722348,0.42189454452635555,0.4399293613295162,0.4191935980852329,0.018034816803160658,0.09737292066002733,0.10578402417665612,0.12144871959308481
EC50,29,bao_format_first,transition,BAO_0000219->BAO_0000219,2462,0.5790012386832039,0.37842777933890975,0.382709696182973,0.3803639951653537,0.0042819168440632605,0.3464128328990266,0.41351471042998406,0.4302017333876599
EC50,29,bao_format_first,transition,BAO_0000219->BAO_0000221,26,0.8996654926388049,0.26856914755328404,0.2532863383536564,0.2761010949607808,-0.015282809199627656,0.7014788832618832,0.7965656963478144,0.8011904407443162
EC50,29,bao_format_first,transition,BAO_0000219->BAO_0000249,3,1.0646194213661337,1.039146680493863,1.0646194213661337,1.049345701524867,0.025472740872270805,0.023926616743083502,0.025472740872270805,0.0
EC50,29,bao_format_first,transition,BAO_0000219->BAO_0000357,180,0.6630255797988375,0.33432546829074655,0.32061616474044236,0.34509803900193337,-0.013709303550304197,0.4957578131567998,0.48407435112413677,0.5158600118136403
EC50,29,bao_format_first,transition,BAO_0000221->BAO_0000219,26,0.8996654926388049,0.2807479112739969,0.26201630356425637,0.2864068486622999,-0.018731607709740528,0.687941892213142,0.8101432232725193,0.8215083166707952
EC50,29,bao_format_first,transition,BAO_0000221->BAO_0000221,2,0.0,0.0019092764249024619,0.0,0.002973442631829748,-0.0019092764249024619,-1909276424.902462,0.0019092764249024619,0.0
EC50,29,bao_format_first,transition,BAO_0000249->BAO_0000019,3,0.0,0.010536374140653967,0.010784505146199072,0.010479237127308139,0.0002481310055451047,-10536374140.653967,0.010536374140653967,0.010784505146199072
EC50,29,bao_format_first,transition,BAO_0000249->BAO_0000219,3,1.0646194213661337,1.0391466804938616,1.0646194213661337,1.0493457015248666,0.025472740872272137,0.02392661674308475,0.025472740872272286,0.0
EC50,29,bao_format_first,transition,BAO_0000249->BAO_0000249,62,0.2683937034490454,0.1999997090980419,0.20000545245342624,0.1999982732591959,5.743355384335569e-06,0.25482711953407694,0.18688188516122275,0.18688762851660715
EC50,29,bao_format_first,transition,BAO_0000357->BAO_0000019,55,2.0171222089864242,0.07140569411823101,0.07044404884057949,0.07153794531869176,-0.0009616452776515239,0.9646002142061033,1.963974388121632,1.9649285206401894
EC50,29,bao_format_first,transition,BAO_0000357->BAO_0000219,180,0.6630255797988375,0.3691420530527041,0.3618064462763822,0.3771851500459692,-0.00733560677632189,0.44324613665026,0.47034753493943543,0.5020683896715539
EC50,29,bao_format_first,transition,BAO_0000357->BAO_0000357,2516,0.03391337615597807,0.020463302136269665,0.021549518589991126,0.020136926553706958,0.0010862164537214607,0.3966008561886428,0.023630174925143074,0.02622759385992879
EC50,29,assay_organism_first,same_vs_different,same,6874,0.35925614188663113,0.19227144548760108,0.1937898900287368,0.193391261382433,0.0015184445411357272,0.4648067964046796,0.27073842244722446,0.27949333093253914
EC50,29,assay_organism_first,transition,Bombyx mori->Bombyx mori,4,0.28502359482533457,0.4748760418768485,0.47007181071511117,0.47631493289311155,-0.004804231161737338,-0.6660937918766252,0.18985244705151394,0.1850482158897766
EC50,29,assay_organism_first,transition,Homo sapiens->Homo sapiens,6058,0.31037395397922923,0.15040835588088136,0.15142889665967302,0.15072467309583537,0.0010205407787916565,0.5153963341558392,0.22845578709558662,0.2320921522786027
EC50,29,assay_organism_first,transition,Human immunodeficiency virus 1->Human immunodeficiency virus 1,730,0.7328314672773422,0.5341323695081598,0.540229991417581,0.5419692362502061,0.0060976219094212025,0.2711388724987489,0.5939805531945187,0.6460506212630812
EC50,29,assay_organism_first,transition,Mus musculus->Mus musculus,30,0.3912723463203304,0.19061946948416036,0.18235550290662408,0.19310061311382268,-0.00826396657753628,0.5128215135140108,0.3082171551564172,0.3091985583342491
EC50,29,assay_organism_first,transition,Rattus norvegicus->Rattus norvegicus,48,0.8401659603018782,0.2587634962340808,0.2608876014497497,0.25816160747800126,0.0021241052156689144,0.6920090690878442,0.6770187885519786,0.6788799414570102
EC50,29,assay_organism_first,transition,Staphylococcus aureus subsp. aureus Mu50->Staphylococcus aureus subsp. aureus Mu50,4,0.27702603666768333,0.13618263579142975,0.12849928968911684,0.1384708454229926,-0.007683346102312916,0.5084121426651582,0.24053188794126013,0.25088950023173817
EC50,29,context_class,same_vs_different,different,660,0.7571072792801014,0.5506322651015115,0.5554124659932034,0.5601008449825313,0.004780200891691844,0.27271566372326717,0.5231143596817068,0.5659850743536484
EC50,29,context_class,same_vs_different,same,6214,0.3169996644679491,0.15420930500720503,0.15538131260090485,0.15444238381950012,0.0011720075936998142,0.513534800530375,0.24393312496174674,0.24906453295089576
EC50,29,context_class,transition,cell_based->cell_based,1310,0.6804219625519541,0.4358964567286984,0.44076931895434657,0.43609311846406323,0.004872862225648145,0.3593733290238772,0.45982775340845367,0.4700413888362601
EC50,29,context_class,transition,cell_based->organism_only,300,0.7412232973188636,0.57252016379103,0.5771156255386508,0.5831184591989442,0.0045954617476208215,0.2276009593034418,0.48700961276486654,0.5329463865826319
EC50,29,context_class,transition,cell_based->tissue_based,30,0.9159470988924794,0.2680483907706564,0.26085133340313543,0.2727725580070281,-0.007197057367520965,0.7073538514453859,0.885837094883337,0.9007526930475672
EC50,29,context_class,transition,organism_only->cell_based,300,0.7412232973188636,0.5860457069904258,0.5920290111799318,0.5959944108610834,0.005983304189505989,0.20935336340579516,0.4933377588859989,0.5418283125567215
EC50,29,context_class,transition,organism_only->organism_only,4902,0.22000880131798778,0.07899397071548907,0.07917822698323718,0.07923644246862246,0.0001842562677481091,0.6409508608643532,0.18633665095764387,0.19011276792765514
EC50,29,context_class,transition,tissue_based->cell_based,30,0.9159470988924794,0.26020273364803936,0.26677655126151234,0.25831733100838455,0.0065738176134729764,0.7159194739929147,0.819205101605561,0.8031719513391646
EC50,29,context_class,transition,tissue_based->tissue_based,2,0.0,0.0019092764249024619,0.0,0.002973442631829748,-0.0019092764249024619,-1909276424.902462,0.0019092764249024619,0.0
EC50,29,readout_class,same_vs_different,different,1794,0.5952086606463132,0.3359754037286591,0.3402822160816633,0.33837891281722593,0.00430681235300423,0.4355334087984592,0.4446792365330997,0.4616071025910217
EC50,29,readout_class,same_vs_different,same,5080,0.2759296027813419,0.14152244921113297,0.14205618275728996,0.1421889293599884,0.0005337335461569892,0.487106683064806,0.20931129243343305,0.21517992416968135
EC50,29,readout_class,transition,absorbance_color->absorbance_color,58,0.3375451693896778,0.15335026598137236,0.16805862021358914,0.14989617863944718,0.01470835423221678,0.5456896442670235,0.30309195631907615,0.3160729816302876
EC50,29,readout_class,transition,absorbance_color->enzyme_activity,8,0.326719657088244,0.24587968130697901,0.156911509522784,0.2770957062341547,-0.08896817178419503,0.24742917674962808,0.08345543880850559,0.1830052046172197
EC50,29,readout_class,transition,absorbance_color->fluorescence,3,0.0,0.019938685486969494,0.036975340476341025,0.020559236761798754,0.01703665498937153,-19938685486.969494,0.019938685486969494,0.036975340476341025
EC50,29,readout_class,transition,absorbance_color->not_extracted,1,0.5696221488226634,0.5696221488226634,0.5696221488226634,0.5696221488226634,0.0,0.0,0.0,0.0
EC50,29,readout_class,transition,binding->binding,318,0.06754105445623401,0.08483297442677586,0.08532192063957666,0.08456390783399757,0.0004889462128008087,-0.25602087663210604,0.019843301634033046,0.019324215685875966
EC50,29,readout_class,transition,binding->fluorescence,1,0.868721085360681,0.868721085360681,0.868721085360681,0.868721085360681,0.0,0.0,0.0,0.0
EC50,29,readout_class,transition,binding->htrf_alphascreen,28,0.9092714466833461,0.04865961944209369,0.04970045891976376,0.04834712153745043,0.001040839477670072,0.9464850462207031,0.907709313958941,0.906320445312355
EC50,29,readout_class,transition,binding->luminescence,9,0.6554850584361084,0.6248214530209326,0.6554850584361084,0.6253466482251914,0.030663605415175765,0.04678002194029358,0.030725757683610015,0.0
EC50,29,readout_class,transition,binding->not_extracted,14,0.5038671959116948,0.5235031992088016,0.5599985325430322,0.5176000153324009,0.036495333334230606,-0.038970592760216326,0.11483995980584114,0.11320889078637052
EC50,29,readout_class,transition,binding->radio,44,0.02912264449705715,0.03103250399406572,0.02896078323135375,0.03190556885104894,-0.0020717207627119726,-0.06557987881909436,0.0019098594970085743,0.0005119467487067739
EC50,29,readout_class,transition,cell_viability->cell_viability,440,0.6108269467938987,0.3201736915280378,0.324972334009366,0.3209962097127064,0.004798642481328164,0.4758356794693461,0.46998301577405033,0.484664161339765
EC50,29,readout_class,transition,cell_viability->not_extracted,82,0.8388149231166495,1.0202856919964913,1.0549511428596072,1.037742370741618,0.0346654508631159,-0.2163418459528356,0.6293150647587067,0.7300697683059894
EC50,29,readout_class,transition,enzyme_activity->absorbance_color,8,0.326719657088244,0.24587968130697924,0.156911509522784,0.2770957062341549,-0.08896817178419525,0.2474291767496274,0.08345543880850514,0.1830052046172197
EC50,29,readout_class,transition,enzyme_activity->enzyme_activity,46,0.34135712948766955,0.24041020189245127,0.25765060591787636,0.23946339530105923,0.017240404025425093,0.2957223355689856,0.2960671351242165,0.30630756299198786
EC50,29,readout_class,transition,enzyme_activity->fluorescence,5,0.09286000602524638,0.09328774904633938,0.09328774904633938,0.09328774904633938,0.0,-0.004606321272224597,0.019636476400612324,0.019636476400612324
EC50,29,readout_class,transition,enzyme_activity->htrf_alphascreen,1,1.5523363135496862,0.8630153835265588,0.0889327129278552,1.086745266504388,-0.7740826705987036,0.44405385869436725,0.6893209300231273,1.463403600621831
EC50,29,readout_class,transition,enzyme_activity->not_extracted,25,0.4389676765021382,0.26304542883142956,0.27313326215198536,0.26188549070946326,0.010087833320555795,0.40076355751868603,0.3430363109633639,0.3651807925553328
EC50,29,readout_class,transition,enzyme_activity->radio,182,0.046389021979035897,0.023980669457102127,0.024172022366482526,0.023911680903325957,0.00019135290938039964,0.48305291997879457,0.03778725491478293,0.037938194884750406
EC50,29,readout_class,transition,fluorescence->absorbance_color,3,0.0,0.0749202124829657,0.07626636642490385,0.07452063364717414,0.0013461539419381552,-74920212482.9657,0.0749202124829657,0.07626636642490385
EC50,29,readout_class,transition,fluorescence->binding,1,0.868721085360681,0.8687210853606819,0.868721085360681,0.868721085360681,-8.881784197001252e-16,-1.0223976770764874e-15,8.881784197001252e-16,0.0
EC50,29,readout_class,transition,fluorescence->enzyme_activity,5,0.09286000602524638,0.18299411302653415,0.18299411302653415,0.18299411302653415,0.0,-0.970645069490761,0.09543315158420232,0.09543315158420232
EC50,29,readout_class,transition,fluorescence->fluorescence,852,0.32077912983725393,0.022829363911007514,0.022093388875217706,0.023042862003170426,-0.0007359750357898084,0.9288315174288616,0.31321908813344823,0.3129058103197552
EC50,29,readout_class,transition,fluorescence->htrf_alphascreen,10,0.44350891008019067,0.22278710193389503,0.1642858489179008,0.23184578331825936,-0.05850125301599424,0.4976716434093444,0.4486428503001315,0.5108295679018684
EC50,29,readout_class,transition,fluorescence->luminescence,40,0.87929091418351,0.47295165925370625,0.47038530116924787,0.4761819273754667,-0.0025663580844583755,0.46212152130233414,0.5672680158951099,0.5839883828105197
EC50,29,readout_class,transition,fluorescence->not_extracted,111,1.4807255067163754,0.3787320372482985,0.38310840976244814,0.3772648115120816,0.004376372514149629,0.744225357414038,1.3797405235849278,1.39265178779065
EC50,29,readout_class,transition,fluorescence->radio,44,0.23866215334398702,0.26130324269628874,0.25584567885525883,0.2629399210586827,-0.005457563841029911,-0.09486669350405469,0.12456829882209054,0.1339158435832396
EC50,29,readout_class,transition,htrf_alphascreen->binding,28,0.9092714466833461,0.042278389702358456,0.044017368448923185,0.04175628497230239,0.0017389787465647288,0.9535030052284466,0.8692024744112231,0.8667144510934783
EC50,29,readout_class,transition,htrf_alphascreen->enzyme_activity,1,1.5523363135496862,0.8630153835265588,0.0889327129278552,1.086745266504388,-0.7740826705987036,0.44405385869436725,0.6893209300231273,1.463403600621831
EC50,29,readout_class,transition,htrf_alphascreen->fluorescence,10,0.44350891008019067,0.23369633151404515,0.17647668234594177,0.2424346119364368,-0.057219649168103376,0.47307410019836893,0.46185369577565893,0.5257604202529776
EC50,29,readout_class,transition,htrf_alphascreen->htrf_alphascreen,46,0.3884748910424073,0.32572190258227546,0.30148193953365565,0.3314956544642473,-0.024239963048619806,0.16153679402996857,0.30750629874018043,0.31604078656989054
EC50,29,readout_class,transition,htrf_alphascreen->luminescence,27,1.0925934038218859,0.3189678932030644,0.3229618575601163,0.31870548206380284,0.0039939643570519046,0.7080635009443436,1.2524019779461295,1.2506641853640963
EC50,29,readout_class,transition,htrf_alphascreen->not_extracted,30,0.6541853114572028,0.5364683968945694,0.5826276429879724,0.5259927531409303,0.04615924609340305,0.17994429483660848,0.5661426449813028,0.6050799106896593
EC50,29,readout_class,transition,htrf_alphascreen->radio,2,0.13425994659268747,0.13425994659268747,0.13425994659268747,0.13571441376543047,0.0,0.0,0.0377644817343219,0.02811527174583972
EC50,29,readout_class,transition,luminescence->binding,9,0.6554850584361084,0.6248214530209324,0.6554850584361084,0.6253466482251915,0.030663605415175987,0.04678002194029391,0.030725757683610213,0.0
EC50,29,readout_class,transition,luminescence->fluorescence,40,0.87929091418351,0.3320910051359519,0.33615929122193766,0.330957673040112,0.004068286085985751,0.6223195306819197,0.6990046766362259,0.7047126617122238
EC50,29,readout_class,transition,luminescence->htrf_alphascreen,27,1.0925934038218859,0.1996026296429189,0.18438470306722157,0.21028044831733333,-0.015217926575697316,0.8173129830871119,1.1596701144476251,1.1380090875638098
EC50,29,readout_class,transition,luminescence->luminescence,394,0.5302234779992796,0.2788380334908761,0.27960158818896824,0.2795518814291171,0.0007635546980921393,0.474112246890631,0.3934340883912419,0.39740325114111363
EC50,29,readout_class,transition,luminescence->not_extracted,205,0.597396647440825,0.4147074126929097,0.41502244989578346,0.4165262657535237,0.0003150372028737358,0.3058089387185781,0.27433151500962644,0.2753616852509422
EC50,29,readout_class,transition,luminescence->radio,3,0.9688232425477746,1.0256561934391408,1.0766016751836824,1.0460542355011488,0.05094548174454161,-0.05866183674734006,0.15872391438044944,0.10777843263590785
EC50,29,readout_class,transition,not_extracted->absorbance_color,1,0.5696221488226634,0.5696221488226625,0.5696221488226634,0.5696221488226634,8.881784197001252e-16,1.5592413699781113e-15,8.881784197001252e-16,0.0
EC50,29,readout_class,transition,not_extracted->binding,14,0.5038671959116948,0.4681713671590259,0.4864539140863711,0.4677794673456305,0.01828254692734521,0.07084372438273354,0.1357975110725055,0.13922543131299342
EC50,29,readout_class,transition,not_extracted->cell_viability,82,0.8388149231166495,1.0202856919964913,1.0549511428596072,1.037742370741618,0.0346654508631159,-0.2163418459528356,0.6293150647587066,0.7300697683059894
EC50,29,readout_class,transition,not_extracted->enzyme_activity,25,0.4389676765021382,0.2442341704614664,0.2508345159629044,0.24443913406354312,0.00660034550143801,0.4436169596640523,0.3409776004892751,0.37088894870247413
EC50,29,readout_class,transition,not_extracted->fluorescence,111,1.4807255067163754,0.363250665615915,0.3659355178420251,0.3630937178099396,0.0026848522261100904,0.7546806184074916,1.3401406411417796,1.3562929331037406
EC50,29,readout_class,transition,not_extracted->htrf_alphascreen,30,0.6541853114572028,0.5517504074070312,0.6077572960669719,0.5386501748466557,0.056006888659940746,0.15658392546600763,0.792998474781797,0.8635221085106922
EC50,29,readout_class,transition,not_extracted->luminescence,205,0.597396647440825,0.3884647922603395,0.3903146391344984,0.39087266335121135,0.0018498468741589003,0.3497372408692354,0.2815304270738919,0.28655822544637305
EC50,29,readout_class,transition,not_extracted->not_extracted,844,0.623715359004462,0.4203112610432893,0.41625564467985926,0.4249378109595445,-0.004055616363430048,0.3261168656898788,0.41296842481521334,0.43352441930420055
EC50,29,readout_class,transition,not_extracted->radio,22,0.48653798951278965,0.3882302513616189,0.3897418691449372,0.3865639910876826,0.0015116177833182642,0.20205562622070747,0.37062531436866825,0.3772584430783251
EC50,29,readout_class,transition,radio->binding,44,0.02912264449705715,0.031032503994065683,0.02896078323135375,0.03190556885104894,-0.0020717207627119344,-0.06557987881909305,0.0019098594970085743,0.0005119467487067739
EC50,29,readout_class,transition,radio->enzyme_activity,182,0.046389021979035897,0.0181442407358177,0.018684690082462783,0.01796920623475458,0.0005404493466450826,0.6088677889346873,0.044175565266920166,0.04480584267968653
EC50,29,readout_class,transition,radio->fluorescence,44,0.23866215334398702,0.23043569461076246,0.23153176217561133,0.230151122885221,0.0010960675648488682,0.034469054342971796,0.06651326377782278,0.0679571727854832
EC50,29,readout_class,transition,radio->htrf_alphascreen,2,0.13425994659268747,0.13425994659268792,0.13425994659268747,0.13571441376543047,-4.440892098500626e-16,-3.307682008822206e-15,0.03776448173432145,0.02811527174583972
EC50,29,readout_class,transition,radio->luminescence,3,0.9688232425477746,0.9529647193977487,1.0039102011422916,0.9733627614597573,0.05094548174454283,0.01636885084251463,0.08603244033905977,0.03508695859451697
EC50,29,readout_class,transition,radio->not_extracted,22,0.48653798951278965,0.33539962941159507,0.34238230708531053,0.3318496859495068,0.006982677673715465,0.3106404090922927,0.27321025827834283,0.291849407780891
EC50,29,readout_class,transition,radio->radio,2082,0.02387269236359829,0.015412503386948714,0.01717164094064731,0.014797569343908756,0.0017591375536985948,0.35438771830989185,0.016538863024725892,0.0181023943108538
EC50,31,assay_type_class,same_vs_different,different,564,0.989677315878118,0.368548762319184,0.3889459025300401,0.3880833017461032,0.02039714021085609,0.6276071438576127,0.7621447640227439,0.7378269617143595
EC50,31,assay_type_class,same_vs_different,same,6358,0.27017087401224193,0.13669660421676424,0.14332982450402176,0.1399408399761226,0.0066332202872575186,0.4940364881427956,0.2056499679728629,0.20411506773322294
EC50,31,assay_type_class,transition,adme->adme,40,0.4311109024425145,0.2621212245255913,0.2663828490307246,0.26437133821096437,0.0042616245051333435,0.3919865560334716,0.2658383759953964,0.2801805723981022
EC50,31,assay_type_class,transition,adme->binding,7,0.4392073140145456,0.22553530440620723,0.22817961388215643,0.2261357031761089,0.002644309475949208,0.4864946525031275,0.2277114169271333,0.2262156995167183
EC50,31,assay_type_class,transition,adme->functional,22,0.7798712681591442,0.3029733346711497,0.3397824805828009,0.29602865848778603,0.03680914591165124,0.6115085309062527,0.5875981480497946,0.5452544407973616
EC50,31,assay_type_class,transition,binding->adme,7,0.4392073140145456,0.06794105846692032,0.08606864629219693,0.07205698420502671,0.01812758782527661,0.8453098199893131,0.43454743740379925,0.45257522945014184
EC50,31,assay_type_class,transition,binding->binding,5684,0.22188425692075905,0.10277957898801977,0.10979417783000862,0.10560928412124385,0.0070145988419888505,0.5367874205481591,0.18047257088916835,0.17883626041541892
EC50,31,assay_type_class,transition,binding->functional,253,1.0231517153360725,0.3746331435910937,0.39991582493279004,0.405586636390342,0.025282681341696367,0.6338439959825131,0.7871465246856549,0.7688424167989012
EC50,31,assay_type_class,transition,functional->adme,22,0.7798712681591442,0.35984469196685587,0.42071788738271293,0.3773700681412617,0.06087319541585706,0.5385844989311438,0.6011343280713715,0.5376699637813576
EC50,31,assay_type_class,transition,functional->binding,253,1.0231517153360725,0.38119757111986186,0.39231636127464403,0.3927408789744612,0.011118790154782177,0.6274281072825542,0.7901725284915998,0.7630094923054422
EC50,31,assay_type_class,transition,functional->functional,634,0.6929209219787682,0.43285967454457275,0.43622334928954637,0.43988302223122866,0.0033636747449736215,0.3753115820078586,0.4275755022044376,0.42594806553732895
EC50,31,bao_format_first,same_vs_different,different,910,0.7521237872166109,0.3230135209940253,0.3437019580681223,0.3364561072372272,0.02068843707409701,0.570531438462539,0.5254421451239876,0.4967050943852663
EC50,31,bao_format_first,same_vs_different,same,6012,0.2647191910775078,0.13024554348863004,0.1360425368232737,0.13347434883019177,0.005796993334643646,0.507986017339804,0.2094510630767567,0.2098962693220456
EC50,31,bao_format_first,transition,BAO_0000019->BAO_0000019,1184,0.31953253919122254,0.07931936494107307,0.07778509442739,0.07959823773221249,-0.0015342705136830725,0.7517643582032664,0.27828443695314375,0.279015431664564
EC50,31,bao_format_first,transition,BAO_0000019->BAO_0000219,70,0.5567397283698883,0.49181907207356657,0.5297912869113585,0.509946471681233,0.037972214837791896,0.11660862875082906,0.10765799702501548,0.06159209133134041
EC50,31,bao_format_first,transition,BAO_0000019->BAO_0000249,11,0.17569462143548442,0.15846454396652157,0.1786194899241712,0.1652244123600348,0.020154945957649634,0.09806832632773443,0.029813160809588544,0.01058916098033702
EC50,31,bao_format_first,transition,BAO_0000019->BAO_0000357,82,1.8783805381919079,0.23986435837478,0.2750793391194053,0.251133894601442,0.035214980744625285,0.8723025747457602,1.6988166704551075,1.6759405953006474
EC50,31,bao_format_first,transition,BAO_0000219->BAO_0000019,70,0.5567397283698883,0.5074925146704227,0.5171309433867932,0.4964603073254356,0.00963842871637055,0.08845643878093537,0.09532223876839649,0.07522377085252799
EC50,31,bao_format_first,transition,BAO_0000219->BAO_0000219,2066,0.5251459017505731,0.292072760932272,0.30850701147886195,0.2989013880915386,0.016434250546589924,0.44382549695494544,0.41397508913422026,0.41555202801786184
EC50,31,bao_format_first,transition,BAO_0000219->BAO_0000221,18,0.7883541657506654,0.38793954592427493,0.38085120951246243,0.3800776261212895,-0.007088336411812501,0.5079120999444691,0.8743738980196665,0.8672155064796221
EC50,31,bao_format_first,transition,BAO_0000219->BAO_0000249,6,0.6499679640745102,0.43949165172883253,0.6499679640745102,0.45453676180696273,0.21047631234567765,0.32382567138578133,0.22224714185661254,0.0
EC50,31,bao_format_first,transition,BAO_0000219->BAO_0000357,268,0.48206908381410424,0.291963934875845,0.3130501989526852,0.3182312248811942,0.021086264076840222,0.39435250116883186,0.29900853630133145,0.2674146364431908
EC50,31,bao_format_first,transition,BAO_0000221->BAO_0000219,18,0.7883541657506654,0.27508874513564363,0.28084248474009926,0.2851115661289534,0.005753739604455632,0.6510594386550795,0.8321505542041017,0.8196122929516403
EC50,31,bao_format_first,transition,BAO_0000249->BAO_0000019,11,0.17569462143548442,0.1757935069735671,0.17957039025875446,0.1651871248843624,0.0037768832851873546,-0.0005628262110402371,0.012344045114839068,0.009628330134844987
EC50,31,bao_format_first,transition,BAO_0000249->BAO_0000219,6,0.6499679640745102,0.48215439212039063,0.6499679640745102,0.45453676180696245,0.16781357195411956,0.2581874511201016,0.1994294482145841,0.0
EC50,31,bao_format_first,transition,BAO_0000249->BAO_0000249,48,0.5417736142567305,0.34178407738680544,0.32824691258571487,0.35878823732655335,-0.013537164801090573,0.36913856933452643,0.21212078981547075,0.22679331045384887
EC50,31,bao_format_first,transition,BAO_0000357->BAO_0000019,82,1.8783805381919079,0.2432926830158626,0.2648667086628774,0.24143940295955385,0.021574025647014827,0.8704774255965986,1.683106903031479,1.6729121546008028
EC50,31,bao_format_first,transition,BAO_0000357->BAO_0000219,268,0.48206908381410424,0.31710469040749933,0.32709330498582656,0.33204190625138785,0.009988614578327226,0.3422007321054809,0.2715689770783924,0.24464994286193198
EC50,31,bao_format_first,transition,BAO_0000357->BAO_0000357,2714,0.037659795082742184,0.02553210005997519,0.026771865165824846,0.02706387933064854,0.0012397651058496557,0.3220329530769162,0.023683377230102214,0.022890763185927428
EC50,31,assay_organism_first,same_vs_different,same,6922,0.32879578490683226,0.15558776532190216,0.16334246073728875,0.16015932429254404,0.007754695415386592,0.5267951340495756,0.25099279735340796,0.24760156126187957
EC50,31,assay_organism_first,transition,Bombyx mori->Bombyx mori,4,0.3899842471371451,0.2747515837364205,0.2744975013976536,0.2746918813289505,-0.00025408233876689224,0.2954803027215633,0.11523266340072458,0.11548674573949147
EC50,31,assay_organism_first,transition,Homo sapiens->Homo sapiens,6428,0.3161327102424221,0.14842501766470584,0.15582091375574547,0.1527766131036571,0.007395896091039633,0.5304977534564895,0.2305434690604239,0.22726456193467098
EC50,31,assay_organism_first,transition,Human immunodeficiency virus 1->Human immunodeficiency virus 1,424,0.4917363302929646,0.25535740636415327,0.2696240419882369,0.264103680706664,0.014266635624083646,0.4807025825974308,0.5221005540605932,0.5160267179440755
EC50,31,assay_organism_first,transition,Mus musculus->Mus musculus,14,0.38508253485749194,0.17348939357937354,0.16904374068076639,0.1734606441979572,-0.004445652898607155,0.5494747804036945,0.3710408406629099,0.3701801808397507
EC50,31,assay_organism_first,transition,Rattus norvegicus->Rattus norvegicus,44,0.6066558208667782,0.1989399688562696,0.20037135773960515,0.19768140691832647,0.0014313888833355493,0.6720711118010406,0.5938697362294816,0.5957848654567015
EC50,31,assay_organism_first,transition,Staphylococcus aureus subsp. aureus Mu50->Staphylococcus aureus subsp. aureus Mu50,8,0.21040113098683588,0.29371765454299037,0.3047679603630672,0.29620183182037185,0.011050305820076822,-0.39598895293660435,0.2852898026515517,0.29838386694600627
EC50,31,context_class,same_vs_different,different,688,0.6370524963856848,0.40458769805042716,0.4348994420246499,0.4240708609287433,0.03031174397422276,0.3649068163991915,0.36498446470060875,0.33696461828477015
EC50,31,context_class,same_vs_different,same,6234,0.2947757949329069,0.1281075032562581,0.13337274576685174,0.13103337992204273,0.005265242510593626,0.5654069789365972,0.23841238876584392,0.23773922837260325
EC50,31,context_class,transition,cell_based->cell_based,1116,0.6627393526743938,0.3887653360041234,0.4134037187884986,0.3961255464863058,0.02463838278437519,0.4133963307968447,0.4580440052523846,0.4567087752011953
EC50,31,context_class,transition,cell_based->organism_only,328,0.6320023228362279,0.40310278925052406,0.4355153133134574,0.4258031145201873,0.03241252406293332,0.3621814751541967,0.35367104634343943,0.3293266335820846
EC50,31,context_class,transition,cell_based->tissue_based,16,0.7405810541495517,0.33263888614439857,0.3339227015100954,0.33227543992998937,0.0012838153656968276,0.5508406753310947,0.9210320166262198,0.9239330988998172
EC50,31,context_class,transition,organism_only->cell_based,328,0.6320023228362279,0.41670048216000716,0.44800289524934156,0.4349300246605257,0.0313024130893344,0.34066621734871755,0.3267576294852058,0.2923465719170444
EC50,31,context_class,transition,organism_only->organism_only,5118,0.2145398960584443,0.07127003914007646,0.0723108923295407,0.07322899190216825,0.0010408531894642442,0.6678005329103857,0.19052085222833326,0.1899920587241646
EC50,31,context_class,transition,tissue_based->cell_based,16,0.7405810541495517,0.25866506610807755,0.2546300300124769,0.2577422268013551,-0.00403503609560063,0.6507268655351759,0.8245121110127296,0.821244774613153
EC50,31,readout_class,same_vs_different,different,1956,0.5424574353722581,0.28384710823291204,0.30375235340312784,0.2934204128512086,0.019905245170215802,0.47673846881991083,0.37182141763708454,0.36726675704624223
EC50,31,readout_class,same_vs_different,same,4966,0.24463908166269743,0.10506918402227766,0.10803804066995466,0.10767066355538173,0.002968856647677001,0.5705134956026995,0.2034010169919759,0.20046802864927118
EC50,31,readout_class,transition,absorbance_color->absorbance_color,70,0.4697343948446236,0.22739717004412663,0.22809482911557188,0.2272153228594135,0.0006976590714452557,0.5159026621430522,0.33768418494487307,0.3343762725317458
EC50,31,readout_class,transition,absorbance_color->binding,1,1.112073954272363,0.8930098662713544,1.112073954272363,0.9631242543984282,0.21906408800100863,0.19698697839240703,0.21906408800100863,0.0
EC50,31,readout_class,transition,absorbance_color->enzyme_activity,3,0.9836821472175193,0.7189019253358696,1.0205815797154159,0.5798608552192738,0.30167965437954625,0.2691725397585156,0.315292152170322,0.15429360520168403
EC50,31,readout_class,transition,absorbance_color->fluorescence,2,0.495169427393801,0.42273820270325224,0.5295995332591588,0.5263551094528136,0.10686133055590652,0.1462756395760784,0.13294863234780507,0.034430105865357774
EC50,31,readout_class,transition,absorbance_color->not_extracted,4,0.7746105219351014,0.7280792312862585,0.6811607954467567,0.7130982354181234,-0.04691843583950184,0.06007056363319238,0.1439437927438847,0.1791278435074002
EC50,31,readout_class,transition,absorbance_color->radio,3,0.9908887960846838,0.6608136031167096,0.9908887960846838,0.898379739386785,0.3300751929679743,0.33311022818322916,0.3300751929679742,0.0
EC50,31,readout_class,transition,binding->absorbance_color,1,1.112073954272363,1.0800016940252837,1.112073954272363,0.9631242543984264,0.03207226024707932,0.02884004262833797,0.03207226024707932,0.0
EC50,31,readout_class,transition,binding->binding,278,0.06071371270806694,0.07851738810750457,0.07195797499456431,0.08444544802305996,-0.006559413112940254,-0.2932397741024999,0.023516430384485493,0.01716805665566361
EC50,31,readout_class,transition,binding->enzyme_activity,1,0.9358825003882512,0.3282724423165897,0.9358825003882512,0.3366840626683478,0.6076100580716615,0.6492375461872556,0.6076100580716615,0.0
EC50,31,readout_class,transition,binding->fluorescence,1,0.8846065812979305,0.7583924749633049,0.8846065812979305,0.6055719347614454,0.1262141063346256,0.14267823572987573,0.1262141063346256,0.0
EC50,31,readout_class,transition,binding->htrf_alphascreen,31,0.8814257116537025,0.06172349965550118,0.059216856599878014,0.061114937429318665,-0.0025066430556231686,0.929973111926021,0.8434628847430635,0.8477084104503743
EC50,31,readout_class,transition,binding->not_extracted,10,0.6439522054025927,0.6618356783308801,0.5401278842542557,0.6810620409237991,-0.12170779407662435,-0.02777142896359339,0.1599273313145387,0.22073783493505977
EC50,31,readout_class,transition,binding->radio,65,0.0021426455737972435,0.005293906370988156,0.0021426455737972435,0.00270805329267738,-0.0031512607971909126,-1.4707335808255861,0.007360409817774446,0.0
EC50,31,readout_class,transition,cell_viability->cell_viability,366,0.4513850313143256,0.2606659537882024,0.265402829447437,0.26537673865706785,0.004736875659234585,0.4225197210700468,0.49135195135343446,0.48525983411981205
EC50,31,readout_class,transition,enzyme_activity->absorbance_color,3,0.9836821472175193,0.7288651856753168,1.0205815797154159,0.5798608552192736,0.2917163940400991,0.2590440034547618,0.26628205425585677,0.15429360520168403
EC50,31,readout_class,transition,enzyme_activity->binding,1,0.9358825003882512,0.2996508613359117,0.9358825003882512,0.3366840626683478,0.6362316390523395,0.6798199974766048,0.6362316390523395,0.0
EC50,31,readout_class,transition,enzyme_activity->enzyme_activity,38,0.4592554615865949,0.2506207295447338,0.2852510298726097,0.23891098442406888,0.034630300327875896,0.4542890602129987,0.38013321533766264,0.4063377830211281
EC50,31,readout_class,transition,enzyme_activity->fluorescence,10,0.09036492347977595,0.11272497803861352,0.11798176693760976,0.09774355458805868,0.005256788898996237,-0.24744174728197316,0.02475584054563207,0.03066972732834401
EC50,31,readout_class,transition,enzyme_activity->htrf_alphascreen,1,1.5523363135496862,0.9752388065505411,0.0889327129278552,1.1344462870296308,-0.8863060936226859,0.37176061782611497,0.5770975069991451,1.463403600621831
EC50,31,readout_class,transition,enzyme_activity->not_extracted,23,0.4049985199936131,0.3917438949707537,0.39647854202188926,0.40280454249129194,0.0047346470511355765,0.032727588789876146,0.3429348783467941,0.35134824398950765
EC50,31,readout_class,transition,enzyme_activity->radio,182,0.07044052836366392,0.041110980889394216,0.044812819014276244,0.041543361168648395,0.0037018381248820273,0.41637318963381137,0.059448877043599004,0.05573900468934523
EC50,31,readout_class,transition,fluorescence->absorbance_color,2,0.495169427393801,0.5742101498682333,0.525928654164761,0.5241585139221581,-0.04828149570347229,-0.15962359164709164,0.07904072247443228,0.03075922677095999
EC50,31,readout_class,transition,fluorescence->binding,1,0.8846065812979305,0.6665561581393948,0.8846065812979305,0.6055719347614454,0.21805042315853562,0.24649423570713577,0.21805042315853562,0.0
EC50,31,readout_class,transition,fluorescence->enzyme_activity,10,0.09036492347977595,0.089435259449042,0.11571708223104818,0.09723443942146828,0.02628182278200618,0.010287885995300117,0.05218727600530402,0.03277910692072652
EC50,31,readout_class,transition,fluorescence->fluorescence,972,0.3529784434117117,0.04552620865294398,0.04523340439390025,0.05312009740450619,-0.0002928042590437316,0.8710226941540379,0.3361097919065505,0.3273710538923333
EC50,31,readout_class,transition,fluorescence->htrf_alphascreen,31,0.2512175623818082,0.23629508668180058,0.28990123193672934,0.21350286342996752,0.053606145254928766,0.05940060702176541,0.1328214841476246,0.17181895634484493
EC50,31,readout_class,transition,fluorescence->luminescence,166,0.5341090250867793,0.44869695722222896,0.48333316648327396,0.44757306199009794,0.03463620926104499,0.1599150432829196,0.19837070457249026,0.15852257654861585
EC50,31,readout_class,transition,fluorescence->not_extracted,133,1.3318847474639801,0.32633462245816935,0.3262859688651634,0.3372611783336778,-4.865359300593175e-05,0.7549828368561636,1.215286730873227,1.2097251237643205
EC50,31,readout_class,transition,fluorescence->radio,60,0.1464173186750525,0.15478724861573903,0.17037815598416348,0.13905901611948973,0.015590907368424445,-0.05716489016754989,0.0842736737418503,0.10771223433699487
EC50,31,readout_class,transition,htrf_alphascreen->binding,31,0.8814257116537025,0.04479712319934584,0.041386182981619536,0.046409559514235504,-0.0034109402177263035,0.949176518670758,0.837340424941737,0.8423337184342974
EC50,31,readout_class,transition,htrf_alphascreen->enzyme_activity,1,1.5523363135496862,0.975238806550542,0.0889327129278552,1.1344462870296317,-0.8863060936226868,0.3717606178261144,0.5770975069991442,1.463403600621831
EC50,31,readout_class,transition,htrf_alphascreen->fluorescence,31,0.2512175623818082,0.2435114010061051,0.2931151474263108,0.21548832424295888,0.04960374642020568,0.030675249384002203,0.12291232279217809,0.16315313803444662
EC50,31,readout_class,transition,htrf_alphascreen->htrf_alphascreen,48,0.3707518657115485,0.23710805170716456,0.21563147663064056,0.18891235173964036,-0.021476575076524007,0.36046700330932707,0.3105448401908662,0.28459011839569354
EC50,31,readout_class,transition,htrf_alphascreen->luminescence,42,1.0920535200788803,0.4896847712062418,0.47957866200101573,0.49514081168886587,-0.010106109205226088,0.5515926992562862,0.7925289706261015,0.776997777728959
EC50,31,readout_class,transition,htrf_alphascreen->not_extracted,32,0.6987534494594759,0.6553397726706303,0.7190327597774309,0.6477717445132425,0.0636929871068006,0.062130178852681905,0.3917092530865215,0.4349898845667334
EC50,31,readout_class,transition,htrf_alphascreen->radio,5,2.9298525308516523,2.686244944122886,2.9354755852008205,2.8467820285604923,0.24923064107793458,0.08314670590534953,0.2436075867287661,0.005623054349167944
EC50,31,readout_class,transition,luminescence->fluorescence,166,0.5341090250867793,0.4335055254618321,0.497732515144,0.4612208179562782,0.06422698968216795,0.18835761033733076,0.2523286009680074,0.20008308423145857
EC50,31,readout_class,transition,luminescence->htrf_alphascreen,42,1.0920535200788803,0.40319516221082924,0.4275188329865678,0.4250020543044024,0.02432367077573855,0.6307917562669402,0.8275848696728622,0.8037353738356968
EC50,31,readout_class,transition,luminescence->luminescence,442,0.6405020190844277,0.34268603817608617,0.36981230708956236,0.3550137640244194,0.027126268913476193,0.4649727433085343,0.4255207343903197,0.414942290818365
EC50,31,readout_class,transition,luminescence->not_extracted,136,0.5552541556060496,0.30756123802182644,0.33761052387342266,0.33475230669826184,0.03004928585159622,0.44608926395853976,0.3974006785223171,0.3937692473001468
EC50,31,readout_class,transition,luminescence->radio,3,0.0,0.20003581888555141,0.37016134429723824,0.18418736060095173,0.17012552541168682,-200035818885.55142,0.20003581888555141,0.37016134429723824
EC50,31,readout_class,transition,not_extracted->absorbance_color,4,0.7746105219351014,0.6828902613907835,0.6811607954467567,0.7130982354181232,-0.0017294659440267868,0.11840822961607338,0.11638167295528468,0.1791278435074002
EC50,31,readout_class,transition,not_extracted->binding,10,0.6439522054025927,0.5259401676609008,0.430332556505124,0.5798226129298667,-0.09560761115577682,0.18326210664642714,0.28772406636765346,0.3410505370491129
EC50,31,readout_class,transition,not_extracted->enzyme_activity,23,0.4049985199936131,0.3216927313649896,0.31303021414753196,0.32191370922350204,-0.008662517217457644,0.20569405693121354,0.277132298502134,0.28500720139125
EC50,31,readout_class,transition,not_extracted->fluorescence,133,1.3318847474639801,0.27640279507890686,0.27533787197562387,0.30485214423429374,-0.0010649231032829887,0.7924724375699919,1.1512334880840667,1.1456747421533486
EC50,31,readout_class,transition,not_extracted->htrf_alphascreen,32,0.6987534494594759,0.5889170656298353,0.6501608471069014,0.6498997194013518,0.061243781477066106,0.1571890398746584,0.4259164739693627,0.47193429462883607
EC50,31,readout_class,transition,not_extracted->luminescence,136,0.5552541556060496,0.30947280263160143,0.33369464713851604,0.33264811555534424,0.024221844506914614,0.44264657993632195,0.41363140579188995,0.44594337519375626
EC50,31,readout_class,transition,not_extracted->not_extracted,538,0.5293024747495607,0.24060847771169822,0.24269428904718207,0.24229213517307632,0.002085811335483856,0.5454234786535959,0.42869487043314164,0.42387535167116364
EC50,31,readout_class,transition,not_extracted->radio,33,0.5551047595014947,0.5468996399326125,0.5350056432261001,0.5453417197675451,-0.011893996706512366,0.014781209183381471,0.21144831344714696,0.2330573807656997
EC50,31,readout_class,transition,radio->absorbance_color,3,0.9908887960846838,0.833392336934879,0.9908887960846838,0.8983797393867841,0.1574964591498048,0.15894463614093057,0.3686024423951351,0.0
EC50,31,readout_class,transition,radio->binding,65,0.0021426455737972435,0.0055996684402820065,0.0021426455737972435,0.00270805329267738,-0.003457022866484763,-1.6134366358866115,0.006430035791165482,0.0
EC50,31,readout_class,transition,radio->enzyme_activity,182,0.07044052836366392,0.03911379269437182,0.04048716520266005,0.03962855524543438,0.0013733725082882287,0.44472601777717075,0.03733897829766183,0.0360644455517865
EC50,31,readout_class,transition,radio->fluorescence,60,0.1464173186750525,0.15387080457809052,0.19054157079792405,0.14266593765852914,0.036670766219833534,-0.05090576695766241,0.09543447108786905,0.10445413200814903
EC50,31,readout_class,transition,radio->htrf_alphascreen,5,2.9298525308516523,2.7809688243661705,2.9354755852008205,2.8467820285604923,0.15450676083464998,0.050816109315305405,0.14888370648548185,0.005623054349167944
EC50,31,readout_class,transition,radio->luminescence,3,0.0,0.2287529118850721,0.4001061294459909,0.2097136654894148,0.17135321756091879,-228752911885.0721,0.2287529118850721,0.4001061294459909
EC50,31,readout_class,transition,radio->not_extracted,33,0.5551047595014947,0.48297737520961515,0.48646102663671337,0.49826823017949545,0.003483651427098222,0.12993472503578016,0.17726552095494882,0.2238690072460753
EC50,31,readout_class,transition,radio->radio,2214,0.02425540666790278,0.019220123790941554,0.019975263314084245,0.01857964061710183,0.0007551395231426908,0.20759424675507185,0.011432357025770492,0.013994947874880403
